6-block periodic repeat unit for wurtzite superlattices along the [0001] direction,"Formation Energy
(eV/atom)"
AgI-AgI-AgI-AgI-AgI-AgI,-0.239
AgI-AgI-AgI-AgI-AgI-CdTe,-0.214
AgI-AgI-AgI-AgI-AgI-InSb,-0.11199999999999999
AgI-AgI-AgI-AgI-CdTe-CdTe,-0.215
AgI-AgI-AgI-InSb-InSb-InSb,-0.022000000000000002
AgI-AgI-CdTe-CdTe-CdTe-CdTe,-0.264
AgI-AgI-CdTe-CdTe-InSb-InSb,-0.096
AgI-AgI-CdTe-InSb-InSb-InSb,-0.033
AgI-AgI-InSb-InSb-InSb-InSb,-0.006
AgI-CdTe-CdTe-CdTe-CdTe-CdTe,-0.305
AgI-CdTe-CdTe-InSb-InSb-InSb,-0.07200000000000001
AgI-CdTe-InSb-InSb-InSb-InSb,-0.013000000000000001
AgI-InSb-InSb-InSb-InSb-InSb,0.02
AlAs-AlAs-AlAs-AlAs-AlAs-GaAs,-0.473
AlAs-AlAs-AlAs-AlAs-CdS-CdS,-0.41600000000000004
AlAs-AlAs-AlAs-AlAs-CuBr-CuBr,-0.191
AlAs-AlAs-AlAs-AlAs-CuBr-ZnSe,-0.281
AlAs-AlAs-AlAs-AlAs-GaAs-CdS,-0.379
AlAs-AlAs-AlAs-AlAs-GaAs-GaAs,-0.4370000000000001
AlAs-AlAs-AlAs-AlAs-ZnSe-ZnSe,-0.46299999999999997
AlAs-AlAs-AlAs-CdS-CdS-CdS,-0.424
AlAs-AlAs-AlAs-CuBr-CuBr-CuBr,-0.114
AlAs-AlAs-AlAs-CuBr-CuBr-GaAs,-0.175
AlAs-AlAs-AlAs-CuBr-CuBr-ZnSe,-0.21
AlAs-AlAs-AlAs-CuBr-GaAs-GaAs,-0.21600000000000005
AlAs-AlAs-AlAs-CuBr-ZnSe-GaAs,-0.253
AlAs-AlAs-AlAs-CuBr-ZnSe-ZnSe,-0.313
AlAs-AlAs-AlAs-GaAs-GaAs-GaAs,-0.401
AlAs-AlAs-AlAs-ZnSe-ZnSe-GaAs,-0.423
AlAs-AlAs-AlAs-ZnSe-ZnSe-ZnSe,-0.48
AlAs-AlAs-CdS-CdS-CdS-CdS,-0.441
AlAs-AlAs-CuBr-CuBr-CuBr-GaAs,-0.098
AlAs-AlAs-CuBr-CuBr-CuBr-ZnSe,-0.138
AlAs-AlAs-CuBr-CuBr-ZnSe-ZnSe,-0.264
AlAs-AlAs-CuBr-ZnSe-GaAs-GaAs,-0.217
AlAs-AlAs-CuBr-ZnSe-ZnSe-ZnSe,-0.353
AlAs-AlAs-GaAs-GaAs-CdS-CdS,-0.344
AlAs-AlAs-GaAs-GaAs-GaAs-CdS,-0.308
AlAs-AlAs-GaAs-GaAs-GaAs-GaAs,-0.364
AlAs-AlAs-ZnSe-GaAs-GaAs-GaAs,-0.34600000000000003
AlAs-AlAs-ZnSe-ZnSe-ZnSe-GaAs,-0.444
AlAs-AlAs-ZnSe-ZnSe-ZnSe-ZnSe,-0.511
AlAs-CdS-CdS-CdS-CdS-CdS,-0.473
AlAs-CuBr-CuBr-CuBr-CuBr-CuBr,0.025
AlAs-CuBr-CuBr-CuBr-CuBr-GaAs,-0.036000000000000004
AlAs-CuBr-CuBr-CuBr-CuBr-ZnSe,-0.076
AlAs-CuBr-CuBr-CuBr-GaAs-GaAs,-0.06
AlAs-CuBr-CuBr-CuBr-ZnSe-GaAs,-0.094
AlAs-CuBr-CuBr-CuBr-ZnSe-ZnSe,-0.182
AlAs-CuBr-CuBr-GaAs-GaAs-GaAs,-0.106
AlAs-CuBr-CuBr-ZnSe-ZnSe-GaAs,-0.239
AlAs-CuBr-CuBr-ZnSe-ZnSe-ZnSe,-0.293
AlAs-CuBr-GaAs-GaAs-GaAs-GaAs,-0.146
AlAs-CuBr-ZnSe-GaAs-GaAs-GaAs,-0.183
AlAs-CuBr-ZnSe-ZnSe-GaAs-GaAs,-0.251
AlAs-CuBr-ZnSe-ZnSe-ZnSe-GaAs,-0.327
AlAs-GaAs-CdS-CdS-CdS-CdS,-0.405
AlAs-GaAs-GaAs-CdS-CdS-CdS,-0.354
AlAs-GaAs-GaAs-GaAs-CdS-CdS,-0.309
AlAs-GaAs-GaAs-GaAs-GaAs-CdS,-0.273
AlAs-GaAs-GaAs-GaAs-GaAs-GaAs,-0.32799999999999996
AlAs-ZnSe-GaAs-GaAs-GaAs-GaAs,-0.31
AlAs-ZnSe-ZnSe-GaAs-GaAs-GaAs,-0.35200000000000004
AlAs-ZnSe-ZnSe-ZnSe-GaAs-GaAs,-0.409
AlAs-ZnSe-ZnSe-ZnSe-ZnSe-GaAs,-0.47600000000000003
AlN-AlN-AlN-AlN-AlN-AlN,-1.462
AlN-AlN-AlN-AlN-AlN-SiC,-1.082
AlN-AlN-AlN-AlN-SiC-SiC,-0.8240000000000001
AlN-AlN-SiC-SiC-SiC-SiC,-0.39799999999999996
AlN-SiC-SiC-SiC-SiC-SiC,-0.21100000000000002
AlP-AlP-AlP-AlP-AlP-AlP,-0.628
AlP-AlP-AlP-AlP-AlP-GaP,-0.58
AlP-AlP-AlP-AlP-AlP-ZnS,-0.569
AlP-AlP-AlP-AlP-AlP-ZnSe,-0.556
AlP-AlP-AlP-AlP-CuBr-CuBr,-0.18600000000000005
AlP-AlP-AlP-AlP-CuBr-GaP,-0.319
AlP-AlP-AlP-AlP-GaP-GaP,-0.532
AlP-AlP-AlP-AlP-ZnS-GaP,-0.502
AlP-AlP-AlP-AlP-ZnSe-GaP,-0.501
AlP-AlP-AlP-AlP-ZnSe-ZnSe,-0.526
AlP-AlP-AlP-CuBr-CuBr-GaP,-0.218
AlP-AlP-AlP-CuBr-CuBr-ZnSe,-0.259
AlP-AlP-AlP-CuBr-GaP-GaP,-0.272
AlP-AlP-AlP-CuBr-ZnSe-GaP,-0.307
AlP-AlP-AlP-CuBr-ZnSe-ZnSe,-0.35200000000000004
AlP-AlP-AlP-GaP-GaP-GaP,-0.484
AlP-AlP-AlP-ZnS-GaP-GaP,-0.455
AlP-AlP-AlP-ZnS-ZnS-GaP,-0.5
AlP-AlP-CuBr-CuBr-CuBr-CuBr,-0.012
AlP-AlP-CuBr-CuBr-CuBr-ZnSe,-0.17
AlP-AlP-CuBr-CuBr-GaP-GaP,-0.171
AlP-AlP-CuBr-CuBr-ZnSe-GaP,-0.204
AlP-AlP-CuBr-CuBr-ZnSe-ZnSe,-0.252
AlP-AlP-CuBr-ZnSe-GaP-GaP,-0.259
AlP-AlP-GaP-GaP-GaP-GaP,-0.436
AlP-AlP-ZnS-GaP-GaP-GaP,-0.40700000000000003
AlP-AlP-ZnS-ZnS-GaP-GaP,-0.452
AlP-AlP-ZnS-ZnS-ZnS-GaP,-0.515
AlP-AlP-ZnS-ZnS-ZnS-ZnS,-0.596
AlP-AlP-ZnSe-GaP-GaP-GaP,-0.406
AlP-AlP-ZnSe-ZnSe-GaP-GaP,-0.429
AlP-AlP-ZnSe-ZnSe-ZnSe-GaP,-0.475
AlP-AlP-ZnSe-ZnSe-ZnSe-ZnSe,-0.5329999999999999
AlP-CuBr-CuBr-CuBr-CuBr-CuBr,0.021
AlP-CuBr-CuBr-CuBr-CuBr-GaP,-0.035
AlP-CuBr-CuBr-CuBr-CuBr-ZnSe,-0.087
AlP-CuBr-CuBr-CuBr-GaP-GaP,-0.075
AlP-CuBr-CuBr-CuBr-ZnSe-GaP,-0.111
AlP-CuBr-CuBr-GaP-GaP-GaP,-0.126
AlP-CuBr-CuBr-ZnSe-GaP-GaP,-0.158
AlP-CuBr-CuBr-ZnSe-ZnSe-GaP,-0.272
AlP-CuBr-CuBr-ZnSe-ZnSe-ZnSe,-0.35
AlP-CuBr-GaP-GaP-GaP-GaP,-0.179
AlP-CuBr-ZnSe-GaP-GaP-GaP,-0.214
AlP-CuBr-ZnSe-ZnSe-ZnSe-GaP,-0.341
AlP-CuBr-ZnSe-ZnSe-ZnSe-ZnSe,-0.423
AlP-GaP-GaP-GaP-GaP-GaP,-0.389
AlP-ZnS-ZnS-ZnS-GaP-GaP,-0.46799999999999997
AlP-ZnS-ZnS-ZnS-ZnS-GaP,-0.542
AlP-ZnSe-GaP-GaP-GaP-GaP,-0.359
AlP-ZnSe-ZnSe-ZnSe-GaP-GaP,-0.429
AlP-ZnSe-ZnSe-ZnSe-ZnSe-GaP,-0.4920000000000001
AlP-ZnSe-ZnSe-ZnSe-ZnSe-ZnSe,-0.5760000000000001
AlSb-AlSb-AlSb-AlSb-AlSb-AlSb,-0.187
AlSb-AlSb-AlSb-AlSb-AlSb-CdSe,-0.168
AlSb-AlSb-AlSb-AlSb-AlSb-GaSb,-0.17300000000000001
AlSb-AlSb-AlSb-AlSb-AlSb-InAs,-0.17600000000000002
AlSb-AlSb-AlSb-AlSb-CdSe-CdSe,-0.228
AlSb-AlSb-AlSb-AlSb-CdSe-InAs,-0.174
AlSb-AlSb-AlSb-AlSb-GaSb-CdSe,-0.155
AlSb-AlSb-AlSb-AlSb-GaSb-InAs,-0.161
AlSb-AlSb-AlSb-AlSb-InAs-InAs,-0.174
AlSb-AlSb-AlSb-AlSb-ZnTe-CdSe,-0.203
AlSb-AlSb-AlSb-AlSb-ZnTe-InAs,-0.16699999999999998
AlSb-AlSb-AlSb-AlSb-ZnTe-ZnTe,-0.18100000000000002
AlSb-AlSb-AlSb-CdSe-CdSe-CdSe,-0.29100000000000004
AlSb-AlSb-AlSb-GaSb-CdSe-CdSe,-0.214
AlSb-AlSb-AlSb-GaSb-CdSe-InAs,-0.16
AlSb-AlSb-AlSb-GaSb-GaSb-CdSe,-0.142
AlSb-AlSb-AlSb-GaSb-GaSb-GaSb,-0.146
AlSb-AlSb-AlSb-GaSb-GaSb-InAs,-0.14800000000000002
AlSb-AlSb-AlSb-GaSb-InAs-InAs,-0.16
AlSb-AlSb-AlSb-InAs-InAs-InAs,-0.17300000000000001
AlSb-AlSb-AlSb-ZnTe-CdSe-InAs,-0.209
AlSb-AlSb-AlSb-ZnTe-GaSb-InAs,-0.132
AlSb-AlSb-AlSb-ZnTe-ZnTe-CdSe,-0.23600000000000002
AlSb-AlSb-AlSb-ZnTe-ZnTe-GaSb,-0.168
AlSb-AlSb-AlSb-ZnTe-ZnTe-ZnTe,-0.213
AlSb-AlSb-CdSe-CdSe-CdSe-CdSe,-0.35700000000000004
AlSb-AlSb-CdSe-CdSe-InAs-InAs,-0.23199999999999998
AlSb-AlSb-CdSe-InAs-InAs-InAs,-0.171
AlSb-AlSb-GaSb-CdSe-CdSe-CdSe,-0.278
AlSb-AlSb-GaSb-CdSe-CdSe-InAs,-0.22
AlSb-AlSb-GaSb-CdSe-InAs-InAs,-0.159
AlSb-AlSb-GaSb-GaSb-CdSe-InAs,-0.11900000000000001
AlSb-AlSb-GaSb-GaSb-GaSb-CdSe,-0.129
AlSb-AlSb-GaSb-GaSb-GaSb-GaSb,-0.133
AlSb-AlSb-GaSb-GaSb-GaSb-InAs,-0.135
AlSb-AlSb-GaSb-GaSb-InAs-InAs,-0.147
AlSb-AlSb-GaSb-InAs-InAs-InAs,-0.159
AlSb-AlSb-InAs-InAs-InAs-InAs,-0.172
AlSb-AlSb-ZnTe-CdSe-CdSe-CdSe,-0.33299999999999996
AlSb-AlSb-ZnTe-GaSb-CdSe-CdSe,-0.201
AlSb-AlSb-ZnTe-GaSb-CdSe-InAs,-0.14400000000000002
AlSb-AlSb-ZnTe-GaSb-GaSb-CdSe,-0.12300000000000001
AlSb-AlSb-ZnTe-GaSb-GaSb-GaSb,-0.11800000000000001
AlSb-AlSb-ZnTe-GaSb-GaSb-InAs,-0.11900000000000001
AlSb-AlSb-ZnTe-InAs-InAs-InAs,-0.165
AlSb-AlSb-ZnTe-ZnTe-CdSe-CdSe,-0.303
AlSb-AlSb-ZnTe-ZnTe-CdSe-InAs,-0.243
AlSb-AlSb-ZnTe-ZnTe-GaSb-CdSe,-0.166
AlSb-AlSb-ZnTe-ZnTe-GaSb-InAs,-0.154
AlSb-AlSb-ZnTe-ZnTe-InAs-InAs,-0.184
AlSb-AlSb-ZnTe-ZnTe-ZnTe-GaSb,-0.20199999999999999
AlSb-AlSb-ZnTe-ZnTe-ZnTe-InAs,-0.218
AlSb-AlSb-ZnTe-ZnTe-ZnTe-ZnTe,-0.253
AlSb-CdSe-CdSe-CdSe-CdSe-CdSe,-0.428
AlSb-CdSe-CdSe-CdSe-CdSe-InAs,-0.364
AlSb-CdSe-CdSe-CdSe-InAs-InAs,-0.295
AlSb-CdSe-InAs-InAs-InAs-InAs,-0.17
AlSb-GaSb-CdSe-CdSe-CdSe-CdSe,-0.34299999999999997
AlSb-GaSb-CdSe-CdSe-CdSe-InAs,-0.284
AlSb-GaSb-CdSe-CdSe-InAs-InAs,-0.218
AlSb-GaSb-GaSb-CdSe-CdSe-CdSe,-0.265
AlSb-GaSb-GaSb-CdSe-CdSe-InAs,-0.20800000000000002
AlSb-GaSb-GaSb-CdSe-InAs-InAs,-0.147
AlSb-GaSb-GaSb-GaSb-CdSe-CdSe,-0.18899999999999997
AlSb-GaSb-GaSb-GaSb-CdSe-InAs,-0.135
AlSb-GaSb-GaSb-GaSb-GaSb-CdSe,-0.11599999999999999
AlSb-GaSb-GaSb-GaSb-GaSb-GaSb,-0.12
AlSb-GaSb-GaSb-GaSb-GaSb-InAs,-0.122
AlSb-GaSb-GaSb-InAs-InAs-InAs,-0.132
AlSb-GaSb-InAs-InAs-InAs-InAs,-0.158
AlSb-InAs-InAs-InAs-InAs-InAs,-0.171
AlSb-ZnTe-CdSe-CdSe-CdSe-CdSe,-0.41200000000000003
AlSb-ZnTe-CdSe-CdSe-CdSe-InAs,-0.341
AlSb-ZnTe-CdSe-CdSe-InAs-InAs,-0.26899999999999996
AlSb-ZnTe-CdSe-InAs-InAs-InAs,-0.204
AlSb-ZnTe-GaSb-CdSe-CdSe-CdSe,-0.27399999999999997
AlSb-ZnTe-GaSb-CdSe-CdSe-InAs,-0.20800000000000002
AlSb-ZnTe-GaSb-GaSb-CdSe-InAs,-0.131
AlSb-ZnTe-GaSb-GaSb-GaSb-GaSb,-0.106
AlSb-ZnTe-GaSb-GaSb-GaSb-InAs,-0.106
AlSb-ZnTe-GaSb-GaSb-InAs-InAs,-0.11699999999999999
AlSb-ZnTe-GaSb-InAs-InAs-InAs,-0.10300000000000001
AlSb-ZnTe-ZnTe-CdSe-CdSe-CdSe,-0.382
AlSb-ZnTe-ZnTe-GaSb-CdSe-CdSe,-0.239
AlSb-ZnTe-ZnTe-GaSb-CdSe-InAs,-0.174
AlSb-ZnTe-ZnTe-GaSb-GaSb-CdSe,-0.158
AlSb-ZnTe-ZnTe-GaSb-InAs-InAs,-0.154
AlSb-ZnTe-ZnTe-InAs-InAs-InAs,-0.183
AlSb-ZnTe-ZnTe-ZnTe-CdSe-InAs,-0.28300000000000003
AlSb-ZnTe-ZnTe-ZnTe-GaSb-CdSe,-0.21
AlSb-ZnTe-ZnTe-ZnTe-GaSb-GaSb,-0.18899999999999997
AlSb-ZnTe-ZnTe-ZnTe-GaSb-InAs,-0.18899999999999997
AlSb-ZnTe-ZnTe-ZnTe-InAs-InAs,-0.217
AlSb-ZnTe-ZnTe-ZnTe-ZnTe-CdSe,-0.326
AlSb-ZnTe-ZnTe-ZnTe-ZnTe-GaSb,-0.242
AlSb-ZnTe-ZnTe-ZnTe-ZnTe-InAs,-0.259
AlSb-ZnTe-ZnTe-ZnTe-ZnTe-ZnTe,-0.308
BAs-BAs-BAs-BAs-BAs-BAs,-0.035
BeS-BeS-BeS-BeS-BAs-BAs,-0.506
BeS-BeS-BeS-BeS-BeS-BAs,-0.696
BeSe-BeSe-BeSe-BeSe-BeSe-BeSe,-0.828
BeSe-BeSe-BeSe-BeSe-BeSe-CuCl,-0.573
BeSe-BeSe-BeSe-BeSe-BeSe-InN,-0.469
BeSe-BeSe-BeSe-BeSe-CuCl-CuCl,-0.4970000000000001
BeSe-BeSe-BeSe-BeSe-InN-InN,-0.284
BeSe-BeSe-BeSe-CuCl-CuCl-CuCl,-0.33899999999999997
BeSe-BeSe-BeSe-InN-InN-InN,-0.10300000000000001
BeSe-BeSe-CuCl-CuCl-CuCl-CuCl,-0.242
BeSe-BeSe-InN-InN-InN-InN,-0.09699999999999999
BeSe-CuCl-CuCl-CuCl-CuCl-CuCl,-0.171
BeSe-InN-InN-InN-InN-InN,0.163
BeTe-AlAs-AlAs-AlAs-AlAs-AlAs,-0.406
BeTe-AlAs-AlAs-AlAs-AlAs-CuBr,-0.18100000000000002
BeTe-AlAs-AlAs-AlAs-AlAs-ZnSe,-0.391
BeTe-AlAs-AlAs-AlAs-CuBr-CuBr,-0.132
BeTe-AlAs-AlAs-AlAs-CuBr-ZnSe,-0.235
BeTe-AlAs-AlAs-AlAs-GaAs-GaAs,-0.332
BeTe-AlAs-AlAs-AlAs-ZnSe-GaAs,-0.337
BeTe-AlAs-AlAs-AlAs-ZnSe-ZnSe,-0.406
BeTe-AlAs-AlAs-CuBr-CuBr-CuBr,-0.073
BeTe-AlAs-AlAs-CuBr-CuBr-GaAs,-0.096
BeTe-AlAs-AlAs-CuBr-CuBr-ZnSe,-0.196
BeTe-AlAs-AlAs-CuBr-GaAs-GaAs,-0.133
BeTe-AlAs-AlAs-CuBr-ZnSe-ZnSe,-0.282
BeTe-AlAs-AlAs-GaAs-GaAs-GaAs,-0.29600000000000004
BeTe-AlAs-AlAs-ZnSe-GaAs-GaAs,-0.299
BeTe-AlAs-AlAs-ZnSe-ZnSe-GaAs,-0.358
BeTe-AlAs-AlAs-ZnSe-ZnSe-ZnSe,-0.439
BeTe-AlAs-CuBr-CuBr-CuBr-CuBr,0.015
BeTe-AlAs-CuBr-CuBr-CuBr-ZnSe,-0.11800000000000001
BeTe-AlAs-CuBr-CuBr-ZnSe-GaAs,-0.16
BeTe-AlAs-CuBr-GaAs-GaAs-GaAs,-0.106
BeTe-AlAs-CuBr-ZnSe-GaAs-GaAs,-0.16
BeTe-AlAs-CuBr-ZnSe-ZnSe-GaAs,-0.248
BeTe-AlAs-CuBr-ZnSe-ZnSe-ZnSe,-0.35
BeTe-AlAs-GaAs-GaAs-GaAs-GaAs,-0.261
BeTe-AlAs-ZnSe-GaAs-GaAs-GaAs,-0.267
BeTe-AlAs-ZnSe-ZnSe-GaAs-GaAs,-0.32299999999999995
BeTe-AlAs-ZnSe-ZnSe-ZnSe-GaAs,-0.4
BeTe-AlAs-ZnSe-ZnSe-ZnSe-ZnSe,-0.495
BeTe-AlP-AlP-AlP-AlP-AlP,-0.495
BeTe-AlP-AlP-AlP-AlP-GaP,-0.444
BeTe-AlP-AlP-AlP-AlP-ZnSe,-0.498
BeTe-AlP-AlP-AlP-CuBr-CuBr,-0.126
BeTe-AlP-AlP-AlP-CuBr-GaP,-0.213
BeTe-AlP-AlP-AlP-ZnSe-GaP,-0.395
BeTe-AlP-AlP-AlP-ZnSe-ZnSe,-0.452
BeTe-AlP-AlP-CuBr-CuBr-CuBr,-0.036000000000000004
BeTe-AlP-AlP-CuBr-CuBr-GaP,-0.115
BeTe-AlP-AlP-CuBr-CuBr-ZnSe,-0.183
BeTe-AlP-AlP-CuBr-GaP-GaP,-0.161
BeTe-AlP-AlP-GaP-GaP-GaP,-0.349
BeTe-AlP-AlP-ZnSe-GaP-GaP,-0.34700000000000003
BeTe-AlP-AlP-ZnSe-ZnSe-GaP,-0.387
BeTe-AlP-CuBr-CuBr-CuBr-CuBr,0.009000000000000001
BeTe-AlP-CuBr-CuBr-CuBr-GaP,-0.043
BeTe-AlP-CuBr-CuBr-GaP-GaP,-0.07200000000000001
BeTe-AlP-CuBr-CuBr-ZnSe-GaP,-0.13699999999999998
BeTe-AlP-CuBr-CuBr-ZnSe-ZnSe,-0.24100000000000002
BeTe-AlP-CuBr-GaP-GaP-GaP,-0.121
BeTe-AlP-CuBr-ZnSe-GaP-GaP,-0.177
BeTe-AlP-CuBr-ZnSe-ZnSe-GaP,-0.257
BeTe-AlP-CuBr-ZnSe-ZnSe-ZnSe,-0.36
BeTe-AlP-GaP-GaP-GaP-GaP,-0.303
BeTe-AlP-ZnSe-GaP-GaP-GaP,-0.304
BeTe-AlP-ZnSe-ZnSe-GaP-GaP,-0.342
BeTe-AlP-ZnSe-ZnSe-ZnSe-GaP,-0.41200000000000003
BeTe-AlP-ZnSe-ZnSe-ZnSe-ZnSe,-0.511
BeTe-BeTe-AlAs-AlAs-AlAs-CuBr,-0.16699999999999998
BeTe-BeTe-AlAs-AlAs-AlAs-GaAs,-0.306
BeTe-BeTe-AlAs-AlAs-CuBr-CuBr,-0.127
BeTe-BeTe-AlAs-AlAs-CuBr-GaAs,-0.14300000000000002
BeTe-BeTe-AlAs-AlAs-CuBr-ZnSe,-0.23199999999999998
BeTe-BeTe-AlAs-AlAs-GaAs-GaAs,-0.271
BeTe-BeTe-AlAs-AlAs-ZnSe-GaAs,-0.301
BeTe-BeTe-AlAs-AlAs-ZnSe-ZnSe,-0.391
BeTe-BeTe-AlAs-CuBr-CuBr-CuBr,-0.08900000000000001
BeTe-BeTe-AlAs-CuBr-CuBr-GaAs,-0.09300000000000001
BeTe-BeTe-AlAs-CuBr-CuBr-ZnSe,-0.192
BeTe-BeTe-AlAs-CuBr-GaAs-GaAs,-0.114
BeTe-BeTe-AlAs-CuBr-ZnSe-GaAs,-0.19399999999999998
BeTe-BeTe-AlAs-CuBr-ZnSe-ZnSe,-0.304
BeTe-BeTe-AlAs-GaAs-GaAs-GaAs,-0.237
BeTe-BeTe-AlAs-ZnSe-GaAs-GaAs,-0.268
BeTe-BeTe-AlAs-ZnSe-ZnSe-GaAs,-0.34600000000000003
BeTe-BeTe-AlAs-ZnSe-ZnSe-ZnSe,-0.44799999999999995
BeTe-BeTe-AlP-AlP-AlP-AlP,-0.40299999999999997
BeTe-BeTe-AlP-AlP-AlP-CuBr,-0.207
BeTe-BeTe-AlP-AlP-AlP-GaP,-0.354
BeTe-BeTe-AlP-AlP-AlP-ZnSe,-0.406
BeTe-BeTe-AlP-AlP-CuBr-CuBr,-0.11699999999999999
BeTe-BeTe-AlP-AlP-CuBr-GaP,-0.16399999999999998
BeTe-BeTe-AlP-AlP-CuBr-ZnSe,-0.257
BeTe-BeTe-AlP-AlP-ZnSe-GaP,-0.337
BeTe-BeTe-AlP-AlP-ZnSe-ZnSe,-0.419
BeTe-BeTe-AlP-CuBr-CuBr-GaP,-0.09699999999999999
BeTe-BeTe-AlP-CuBr-CuBr-ZnSe,-0.191
BeTe-BeTe-AlP-CuBr-GaP-GaP,-0.121
BeTe-BeTe-AlP-CuBr-ZnSe-GaP,-0.204
BeTe-BeTe-AlP-CuBr-ZnSe-ZnSe,-0.314
BeTe-BeTe-AlP-GaP-GaP-GaP,-0.263
BeTe-BeTe-AlP-ZnSe-GaP-GaP,-0.294
BeTe-BeTe-AlP-ZnSe-ZnSe-ZnSe,-0.465
BeTe-BeTe-BeTe-AlAs-AlAs-AlAs,-0.308
BeTe-BeTe-BeTe-AlAs-AlAs-CuBr,-0.166
BeTe-BeTe-BeTe-AlAs-AlAs-GaAs,-0.276
BeTe-BeTe-BeTe-AlAs-AlAs-ZnSe,-0.344
BeTe-BeTe-BeTe-AlAs-CuBr-CuBr,-0.14400000000000002
BeTe-BeTe-BeTe-AlAs-CuBr-GaAs,-0.156
BeTe-BeTe-BeTe-AlAs-CuBr-ZnSe,-0.254
BeTe-BeTe-BeTe-AlAs-ZnSe-ZnSe,-0.401
BeTe-BeTe-BeTe-AlP-AlP-AlP,-0.344
BeTe-BeTe-BeTe-AlP-AlP-CuBr,-0.19
BeTe-BeTe-BeTe-AlP-AlP-GaP,-0.299
BeTe-BeTe-BeTe-AlP-AlP-ZnSe,-0.373
BeTe-BeTe-BeTe-AlP-CuBr-CuBr,-0.171
BeTe-BeTe-BeTe-AlP-CuBr-GaP,-0.163
BeTe-BeTe-BeTe-AlP-CuBr-ZnSe,-0.267
BeTe-BeTe-BeTe-AlP-ZnSe-GaP,-0.318
BeTe-BeTe-BeTe-AlP-ZnSe-ZnSe,-0.42
BeTe-BeTe-BeTe-BeTe-AlAs-AlAs,-0.3
BeTe-BeTe-BeTe-BeTe-AlAs-CuBr,-0.18899999999999997
BeTe-BeTe-BeTe-BeTe-AlAs-ZnSe,-0.355
BeTe-BeTe-BeTe-BeTe-AlP-AlP,-0.318
BeTe-BeTe-BeTe-BeTe-AlP-GaP,-0.276
BeTe-BeTe-BeTe-BeTe-AlP-ZnSe,-0.374
BeTe-BeTe-BeTe-BeTe-BeTe-AlP,-0.326
BeTe-BeTe-BeTe-BeTe-BeTe-BeTe,-0.382
BeTe-BeTe-BeTe-BeTe-BeTe-CuBr,-0.21100000000000002
BeTe-BeTe-BeTe-BeTe-BeTe-GaAs,-0.301
BeTe-BeTe-BeTe-BeTe-BeTe-GaP,-0.299
BeTe-BeTe-BeTe-BeTe-CuBr-CuBr,-0.145
BeTe-BeTe-BeTe-BeTe-CuBr-GaAs,-0.17600000000000002
BeTe-BeTe-BeTe-BeTe-CuBr-ZnSe,-0.278
BeTe-BeTe-BeTe-BeTe-GaAs-GaAs,-0.249
BeTe-BeTe-BeTe-BeTe-GaP-GaP,-0.249
BeTe-BeTe-BeTe-BeTe-ZnSe-GaAs,-0.33
BeTe-BeTe-BeTe-BeTe-ZnSe-GaP,-0.327
BeTe-BeTe-BeTe-BeTe-ZnSe-ZnSe,-0.449
BeTe-BeTe-BeTe-CuBr-CuBr-CuBr,-0.087
BeTe-BeTe-BeTe-CuBr-CuBr-GaAs,-0.11900000000000001
BeTe-BeTe-BeTe-CuBr-CuBr-GaP,-0.11199999999999999
BeTe-BeTe-BeTe-CuBr-CuBr-ZnSe,-0.21600000000000005
BeTe-BeTe-BeTe-CuBr-GaAs-GaAs,-0.131
BeTe-BeTe-BeTe-CuBr-GaP-GaP,-0.122
BeTe-BeTe-BeTe-CuBr-ZnSe-GaAs,-0.204
BeTe-BeTe-BeTe-CuBr-ZnSe-GaP,-0.19899999999999998
BeTe-BeTe-BeTe-CuBr-ZnSe-ZnSe,-0.327
BeTe-BeTe-BeTe-GaAs-GaAs-GaAs,-0.221
BeTe-BeTe-BeTe-GaP-GaP-GaP,-0.228
BeTe-BeTe-BeTe-ZnSe-GaAs-GaAs,-0.27899999999999997
BeTe-BeTe-BeTe-ZnSe-GaP-GaP,-0.275
BeTe-BeTe-BeTe-ZnSe-ZnSe-GaAs,-0.376
BeTe-BeTe-BeTe-ZnSe-ZnSe-GaP,-0.3720000000000001
BeTe-BeTe-BeTe-ZnSe-ZnSe-ZnSe,-0.495
BeTe-BeTe-CuBr-CuBr-CuBr-CuBr,-0.035
BeTe-BeTe-CuBr-CuBr-CuBr-GaP,-0.055
BeTe-BeTe-CuBr-CuBr-CuBr-ZnSe,-0.159
BeTe-BeTe-CuBr-CuBr-GaP-GaP,-0.066
BeTe-BeTe-CuBr-CuBr-ZnSe-GaAs,-0.141
BeTe-BeTe-CuBr-CuBr-ZnSe-ZnSe,-0.264
BeTe-BeTe-CuBr-GaAs-GaAs-GaAs,-0.11199999999999999
BeTe-BeTe-CuBr-GaP-GaP-GaP,-0.10800000000000001
BeTe-BeTe-CuBr-ZnSe-GaP-GaP,-0.152
BeTe-BeTe-CuBr-ZnSe-ZnSe-GaAs,-0.25
BeTe-BeTe-CuBr-ZnSe-ZnSe-GaP,-0.244
BeTe-BeTe-CuBr-ZnSe-ZnSe-ZnSe,-0.373
BeTe-BeTe-GaAs-GaAs-GaAs-GaAs,-0.212
BeTe-BeTe-GaP-GaP-GaP-GaP,-0.23
BeTe-BeTe-ZnSe-GaP-GaP-GaP,-0.253
BeTe-BeTe-ZnSe-ZnSe-GaP-GaP,-0.321
BeTe-BeTe-ZnSe-ZnSe-ZnSe-GaAs,-0.42200000000000004
BeTe-BeTe-ZnSe-ZnSe-ZnSe-GaP,-0.418
BeTe-BeTe-ZnSe-ZnSe-ZnSe-ZnSe,-0.541
BeTe-CuBr-CuBr-CuBr-CuBr-CuBr,-0.004
BeTe-CuBr-CuBr-CuBr-CuBr-GaAs,-0.011000000000000001
BeTe-CuBr-CuBr-CuBr-CuBr-ZnSe,-0.107
BeTe-CuBr-CuBr-CuBr-GaP-GaP,-0.015
BeTe-CuBr-CuBr-CuBr-ZnSe-GaAs,-0.086
BeTe-CuBr-CuBr-CuBr-ZnSe-GaP,-0.081
BeTe-CuBr-CuBr-CuBr-ZnSe-ZnSe,-0.20600000000000002
BeTe-CuBr-CuBr-GaAs-GaAs-GaAs,-0.061
BeTe-CuBr-CuBr-GaP-GaP-GaP,-0.06
BeTe-CuBr-CuBr-ZnSe-GaP-GaP,-0.10400000000000001
BeTe-CuBr-CuBr-ZnSe-ZnSe-GaAs,-0.19
BeTe-CuBr-CuBr-ZnSe-ZnSe-GaP,-0.183
BeTe-CuBr-CuBr-ZnSe-ZnSe-ZnSe,-0.309
BeTe-CuBr-GaAs-GaAs-GaAs-GaAs,-0.102
BeTe-CuBr-ZnSe-GaP-GaP-GaP,-0.147
BeTe-CuBr-ZnSe-ZnSe-GaAs-GaAs,-0.204
BeTe-CuBr-ZnSe-ZnSe-ZnSe-GaAs,-0.302
BeTe-CuBr-ZnSe-ZnSe-ZnSe-ZnSe,-0.419
BeTe-GaAs-GaAs-GaAs-GaAs-GaAs,-0.22899999999999998
BeTe-GaP-GaP-GaP-GaP-GaP,-0.266
BeTe-ZnSe-GaP-GaP-GaP-GaP,-0.253
BeTe-ZnSe-ZnSe-GaAs-GaAs-GaAs,-0.303
BeTe-ZnSe-ZnSe-GaP-GaP-GaP,-0.304
BeTe-ZnSe-ZnSe-ZnSe-GaAs-GaAs,-0.376
BeTe-ZnSe-ZnSe-ZnSe-GaP-GaP,-0.3720000000000001
BeTe-ZnSe-ZnSe-ZnSe-ZnSe-GaAs,-0.47
BeTe-ZnSe-ZnSe-ZnSe-ZnSe-GaP,-0.46399999999999997
BeTe-ZnSe-ZnSe-ZnSe-ZnSe-ZnSe,-0.5870000000000001
BN-BN-BN-BN-BN-BN,-1.237
BP-BP-BP-BP-BP-BP,-0.41100000000000003
BP-BP-BP-BP-BP-GaN,-0.09699999999999999
BP-BP-BP-BP-BP-ZnO,-0.19399999999999998
BP-BP-BP-BP-GaN-GaN,-0.09699999999999999
BP-BP-BP-BP-ZnO-GaN,-0.24
BP-BP-BP-BP-ZnO-ZnO,-0.36
BP-BP-BP-ZnO-GaN-GaN,-0.242
BP-BP-BP-ZnO-ZnO-GaN,-0.405
BP-BP-BP-ZnO-ZnO-ZnO,-0.528
BP-BP-GaN-GaN-GaN-GaN,-0.111
BP-BP-ZnO-GaN-GaN-GaN,-0.24600000000000002
BP-BP-ZnO-ZnO-GaN-GaN,-0.408
BP-BP-ZnO-ZnO-ZnO-ZnO,-0.6970000000000001
BP-ZnO-GaN-GaN-GaN-GaN,-0.24600000000000002
BP-ZnO-ZnO-GaN-GaN-GaN,-0.41
BP-ZnO-ZnO-ZnO-GaN-GaN,-0.5760000000000001
BP-ZnO-ZnO-ZnO-ZnO-GaN,-0.743
BP-ZnO-ZnO-ZnO-ZnO-ZnO,-0.87
CdS-CdS-CdS-CdS-CdS-CdS,-0.575
CdS-CdS-CdS-CdS-CdS-InP,-0.43799999999999994
CdS-CdS-CdS-CdS-InP-InP,-0.34299999999999997
CdS-CdS-InP-InP-InP-InP,-0.196
CdS-InP-InP-InP-InP-InP,-0.142
CdSe-CdSe-CdSe-CdSe-CdSe-CdSe,-0.5710000000000001
CdSe-CdSe-CdSe-CdSe-CdSe-InP,-0.442
CdSe-CdSe-CdSe-CdSe-InAs-InAs,-0.365
CdSe-CdSe-CdSe-CdSe-InP-InP,-0.34299999999999997
CdSe-CdSe-CdSe-InP-InP-InP,-0.261
CdSe-CdSe-InAs-InAs-InAs-InAs,-0.23
CdSe-CdSe-InP-InP-InP-InP,-0.19399999999999998
CdSe-InAs-InAs-InAs-InAs-InAs,-0.18
CdSe-InP-InP-InP-InP-InP,-0.146
CdTe-CdTe-CdTe-CdTe-CdTe-CdTe,-0.39799999999999996
CdTe-InSb-InSb-InSb-InSb-InSb,-0.062
CuBr-CuBr-CuBr-CuBr-CuBr-GaAs,0.023
CuBr-CuBr-CuBr-CuBr-CuBr-GaP,0.023
CuBr-CuBr-CuBr-CuBr-GaAs-GaAs,0.013999999999999999
CuBr-CuBr-CuBr-CuBr-ZnSe-GaAs,-0.047
CuBr-CuBr-CuBr-CuBr-ZnSe-GaP,-0.05
CuBr-CuBr-CuBr-CuBr-ZnSe-ZnSe,-0.16699999999999998
CuBr-CuBr-CuBr-GaP-GaP-GaP,-0.031
CuBr-CuBr-CuBr-ZnSe-GaAs-GaAs,-0.06
CuBr-CuBr-CuBr-ZnSe-GaP-GaP,-0.071
CuBr-CuBr-CuBr-ZnSe-ZnSe-GaAs,-0.15
CuBr-CuBr-CuBr-ZnSe-ZnSe-GaP,-0.152
CuBr-CuBr-CuBr-ZnSe-ZnSe-ZnSe,-0.298
CuBr-CuBr-GaAs-GaAs-GaAs-GaAs,-0.076
CuBr-CuBr-GaP-GaP-GaP-GaP,-0.08199999999999999
CuBr-CuBr-ZnSe-GaAs-GaAs-GaAs,-0.138
CuBr-CuBr-ZnSe-GaP-GaP-GaP,-0.11599999999999999
CuBr-CuBr-ZnSe-ZnSe-GaAs-GaAs,-0.201
CuBr-CuBr-ZnSe-ZnSe-GaP-GaP,-0.17
CuBr-CuBr-ZnSe-ZnSe-ZnSe-GaAs,-0.28300000000000003
CuBr-CuBr-ZnSe-ZnSe-ZnSe-GaP,-0.303
CuBr-CuBr-ZnSe-ZnSe-ZnSe-ZnSe,-0.395
CuBr-GaAs-GaAs-GaAs-GaAs-GaAs,-0.11599999999999999
CuBr-GaP-GaP-GaP-GaP-GaP,-0.135
CuBr-ZnSe-GaAs-GaAs-GaAs-GaAs,-0.15
CuBr-ZnSe-GaP-GaP-GaP-GaP,-0.168
CuBr-ZnSe-ZnSe-GaAs-GaAs-GaAs,-0.21600000000000005
CuBr-ZnSe-ZnSe-ZnSe-GaAs-GaAs,-0.29100000000000004
CuBr-ZnSe-ZnSe-ZnSe-ZnSe-GaP,-0.381
CuCl-CuCl-CuCl-CuCl-CuCl-ZnS,-0.213
CuCl-CuCl-CuCl-CuCl-ZnS-ZnS,-0.325
CuCl-CuCl-CuCl-ZnS-ZnS-ZnS,-0.396
CuCl-ZnS-ZnS-ZnS-ZnS-ZnS,-0.583
CuI-CdS-CdS-CdS-CdS-CdS,-0.392
CuI-CdS-CdS-CdS-CdS-InP,-0.28800000000000003
CuI-CdS-CdS-CdS-InP-InP,-0.18600000000000005
CuI-CdS-InP-InP-InP-InP,-0.025
CuI-CdSe-CdSe-CdSe-CdSe-CdSe,-0.39399999999999996
CuI-CdSe-CdSe-CdSe-InP-InP,-0.175
CuI-CdSe-CdSe-InP-InP-InP,-0.09300000000000001
CuI-CdSe-InP-InP-InP-InP,-0.026000000000000002
CuI-CuI-CdS-CdS-CdS-CdS,-0.258
CuI-CuI-CdS-CdS-CdS-InP,-0.162
CuI-CuI-CdS-InP-InP-InP,0.025
CuI-CuI-CdSe-CdSe-CdSe-CdSe,-0.267
CuI-CuI-CdSe-CdSe-CdSe-InP,-0.155
CuI-CuI-CdSe-CdSe-InP-InP,-0.054000000000000006
CuI-CuI-CdSe-InP-InP-InP,0.018000000000000002
CuI-CuI-CuI-CdS-CdS-CdS,-0.14300000000000002
CuI-CuI-CuI-CdS-CdS-InP,-0.046
CuI-CuI-CuI-CdSe-CdSe-CdSe,-0.154
CuI-CuI-CuI-CdSe-InP-InP,0.049
CuI-CuI-CuI-CuI-CdSe-CdSe,-0.055999999999999994
CuI-CuI-CuI-CuI-CdSe-InP,0.057999999999999996
CuI-CuI-CuI-CuI-CuI-CdS,0.031
CuI-CuI-CuI-CuI-CuI-CdSe,0.018000000000000002
CuI-CuI-CuI-CuI-CuI-CuI,0.067
CuI-CuI-CuI-CuI-CuI-InP,0.172
CuI-CuI-CuI-CuI-CuI-ZnTe,0.042
CuI-CuI-CuI-CuI-InP-InP,0.27699999999999997
CuI-CuI-CuI-CuI-ZnTe-CdSe,-0.009000000000000001
CuI-CuI-CuI-CuI-ZnTe-InP,0.11199999999999999
CuI-CuI-CuI-CuI-ZnTe-ZnTe,-0.009000000000000001
CuI-CuI-CuI-InP-InP-InP,0.11800000000000001
CuI-CuI-CuI-ZnTe-CdSe-CdSe,-0.105
CuI-CuI-CuI-ZnTe-CdSe-InP,0.017
CuI-CuI-CuI-ZnTe-ZnTe-CdSe,-0.077
CuI-CuI-InP-InP-InP-InP,0.081
CuI-CuI-ZnTe-CdSe-CdSe-InP,-0.098
CuI-CuI-ZnTe-CdSe-InP-InP,0.006999999999999999
CuI-CuI-ZnTe-InP-InP-InP,0.079
CuI-CuI-ZnTe-ZnTe-CdSe-InP,-0.066
CuI-CuI-ZnTe-ZnTe-ZnTe-CdSe,-0.188
CuI-CuI-ZnTe-ZnTe-ZnTe-InP,-0.047
CuI-CuI-ZnTe-ZnTe-ZnTe-ZnTe,-0.16399999999999998
CuI-InP-InP-InP-InP-InP,0.034
CuI-ZnTe-CdSe-CdSe-CdSe-CdSe,-0.344
CuI-ZnTe-CdSe-CdSe-CdSe-InP,-0.222
CuI-ZnTe-CdSe-CdSe-InP-InP,-0.12
CuI-ZnTe-CdSe-InP-InP-InP,-0.038
CuI-ZnTe-InP-InP-InP-InP,0.028999999999999998
CuI-ZnTe-ZnTe-CdSe-CdSe-InP,-0.191
CuI-ZnTe-ZnTe-CdSe-InP-InP,-0.068
CuI-ZnTe-ZnTe-InP-InP-InP,-0.009000000000000001
CuI-ZnTe-ZnTe-ZnTe-CdSe-CdSe,-0.287
CuI-ZnTe-ZnTe-ZnTe-CdSe-InP,-0.162
CuI-ZnTe-ZnTe-ZnTe-InP-InP,-0.064
CuI-ZnTe-ZnTe-ZnTe-ZnTe-CdSe,-0.261
CuI-ZnTe-ZnTe-ZnTe-ZnTe-InP,-0.142
CuI-ZnTe-ZnTe-ZnTe-ZnTe-ZnTe,-0.259
GaAs-GaAs-GaAs-CdS-CdS-CdS,-0.315
GaAs-GaAs-GaAs-GaAs-CdS-CdS,-0.267
GaAs-GaAs-GaAs-GaAs-GaAs-CdS,-0.226
GaSb-CdSe-CdSe-CdSe-CdSe-CdSe,-0.406
GaSb-CdSe-CdSe-CdSe-CdSe-InAs,-0.33899999999999997
GaSb-CdSe-CdSe-CdSe-InAs-InAs,-0.268
GaSb-CdSe-CdSe-InAs-InAs-InAs,-0.20199999999999999
GaSb-GaSb-CdSe-CdSe-CdSe-InAs,-0.261
GaSb-GaSb-CdSe-InAs-InAs-InAs,-0.131
GaSb-GaSb-GaSb-CdSe-CdSe-CdSe,-0.248
GaSb-GaSb-GaSb-CdSe-CdSe-InAs,-0.184
GaSb-GaSb-GaSb-CdSe-InAs-InAs,-0.12
GaSb-GaSb-GaSb-GaSb-CdSe-InAs,-0.111
GaSb-GaSb-GaSb-GaSb-GaSb-CdSe,-0.095
GaSb-GaSb-GaSb-GaSb-GaSb-GaSb,-0.10800000000000001
GaSb-GaSb-GaSb-GaSb-GaSb-InAs,-0.095
GaSb-GaSb-GaSb-GaSb-InAs-InAs,-0.107
GaSb-GaSb-GaSb-InAs-InAs-InAs,-0.1
GaSb-GaSb-InAs-InAs-InAs-InAs,-0.13
InAs-InAs-InAs-InAs-InAs-InAs,-0.153
InN-InN-InN-InN-InN-InN,0.133
InP-InP-InP-InP-InP-InP,-0.13699999999999998
InSb-InSb-InSb-InSb-InSb-InSb,-0.062
MgS-AlAs-AlAs-AlAs-AlAs-AlAs,-0.494
MgS-AlAs-AlAs-AlAs-AlAs-CuBr,-0.408
MgS-AlAs-AlAs-AlAs-AlAs-GaAs,-0.455
MgS-AlAs-AlAs-AlAs-AlAs-ZnSe,-0.562
MgS-AlAs-AlAs-AlAs-CuBr-CuBr,-0.35600000000000004
MgS-AlAs-AlAs-AlAs-CuBr-GaAs,-0.271
MgS-AlAs-AlAs-AlAs-CuBr-ZnSe,-0.425
MgS-AlAs-AlAs-AlAs-GaAs-GaAs,-0.42
MgS-AlAs-AlAs-AlAs-ZnSe-GaAs,-0.43
MgS-AlAs-AlAs-AlAs-ZnSe-ZnSe,-0.584
MgS-AlAs-AlAs-CuBr-CuBr-CuBr,-0.23
MgS-AlAs-AlAs-CuBr-CuBr-ZnSe,-0.374
MgS-AlAs-AlAs-CuBr-GaAs-GaAs,-0.21899999999999997
MgS-AlAs-AlAs-CuBr-ZnSe-GaAs,-0.29100000000000004
MgS-AlAs-AlAs-CuBr-ZnSe-ZnSe,-0.46
MgS-AlAs-AlAs-GaAs-GaAs-GaAs,-0.385
MgS-AlAs-AlAs-ZnSe-GaAs-GaAs,-0.38799999999999996
MgS-AlAs-CuBr-CuBr-CuBr-CuBr,-0.17600000000000002
MgS-AlAs-CuBr-CuBr-CuBr-GaAs,-0.127
MgS-AlAs-CuBr-CuBr-CuBr-ZnSe,-0.318
MgS-AlAs-CuBr-CuBr-GaAs-GaAs,-0.159
MgS-AlAs-CuBr-CuBr-ZnSe-GaAs,-0.248
MgS-AlAs-CuBr-GaAs-GaAs-GaAs,-0.205
MgS-AlAs-CuBr-ZnSe-GaAs-GaAs,-0.251
MgS-AlAs-CuBr-ZnSe-ZnSe-GaAs,-0.336
MgS-AlAs-GaAs-GaAs-GaAs-GaAs,-0.349
MgS-AlAs-ZnSe-GaAs-GaAs-GaAs,-0.36
MgS-AlAs-ZnSe-ZnSe-GaAs-GaAs,-0.415
MgS-AlAs-ZnSe-ZnSe-ZnSe-GaAs,-0.491
MgS-AlAs-ZnSe-ZnSe-ZnSe-ZnSe,-0.6609999999999999
MgS-AlP-AlP-AlP-AlP-CuBr,-0.47
MgS-AlP-AlP-AlP-AlP-GaP,-0.529
MgS-AlP-AlP-AlP-CuBr-CuBr,-0.364
MgS-AlP-AlP-AlP-CuBr-GaP,-0.319
MgS-AlP-AlP-AlP-CuBr-ZnSe,-0.461
MgS-AlP-AlP-AlP-ZnSe-ZnSe,-0.618
MgS-AlP-AlP-CuBr-CuBr-CuBr,-0.262
MgS-AlP-AlP-CuBr-CuBr-ZnSe,-0.415
MgS-AlP-AlP-CuBr-GaP-GaP,-0.252
MgS-AlP-AlP-CuBr-ZnSe-GaP,-0.32899999999999996
MgS-AlP-AlP-CuBr-ZnSe-ZnSe,-0.479
MgS-AlP-AlP-GaP-GaP-GaP,-0.436
MgS-AlP-AlP-ZnSe-GaP-GaP,-0.441
MgS-AlP-AlP-ZnSe-ZnSe-ZnSe,-0.633
MgS-AlP-CuBr-CuBr-CuBr-CuBr,-0.192
MgS-AlP-CuBr-CuBr-CuBr-GaP,-0.15
MgS-AlP-CuBr-CuBr-CuBr-ZnSe,-0.289
MgS-AlP-CuBr-CuBr-ZnSe-GaP,-0.247
MgS-AlP-CuBr-CuBr-ZnSe-ZnSe,-0.447
MgS-AlP-CuBr-GaP-GaP-GaP,-0.22899999999999998
MgS-AlP-CuBr-ZnSe-GaP-GaP,-0.27899999999999997
MgS-AlP-CuBr-ZnSe-ZnSe-GaP,-0.366
MgS-AlP-CuBr-ZnSe-ZnSe-ZnSe,-0.52
MgS-AlP-GaP-GaP-GaP-GaP,-0.389
MgS-AlP-ZnSe-GaP-GaP-GaP,-0.401
MgS-AlP-ZnSe-ZnSe-ZnSe-GaP,-0.527
MgS-BeTe-AlAs-AlAs-AlAs-AlAs,-0.41200000000000003
MgS-BeTe-AlAs-AlAs-AlAs-GaAs,-0.373
MgS-BeTe-AlAs-AlAs-AlAs-ZnSe,-0.48700000000000004
MgS-BeTe-AlAs-AlAs-CuBr-ZnSe,-0.371
MgS-BeTe-AlAs-AlAs-ZnSe-GaAs,-0.361
MgS-BeTe-AlAs-AlAs-ZnSe-ZnSe,-0.522
MgS-BeTe-AlAs-CuBr-CuBr-CuBr,-0.214
MgS-BeTe-AlAs-CuBr-CuBr-GaAs,-0.158
MgS-BeTe-AlAs-CuBr-GaAs-GaAs,-0.18899999999999997
MgS-BeTe-AlAs-CuBr-ZnSe-ZnSe,-0.4370000000000001
MgS-BeTe-AlAs-ZnSe-GaAs-GaAs,-0.336
MgS-BeTe-AlAs-ZnSe-ZnSe-GaAs,-0.40700000000000003
MgS-BeTe-AlAs-ZnSe-ZnSe-ZnSe,-0.58
MgS-BeTe-AlP-AlP-AlP-AlP,-0.53
MgS-BeTe-AlP-AlP-AlP-CuBr,-0.39299999999999996
MgS-BeTe-AlP-AlP-AlP-GaP,-0.47200000000000003
MgS-BeTe-AlP-AlP-AlP-ZnSe,-0.531
MgS-BeTe-AlP-AlP-CuBr-CuBr,-0.28600000000000003
MgS-BeTe-AlP-AlP-CuBr-ZnSe,-0.396
MgS-BeTe-AlP-AlP-GaP-GaP,-0.425
MgS-BeTe-AlP-AlP-ZnSe-GaP,-0.41600000000000004
MgS-BeTe-AlP-AlP-ZnSe-ZnSe,-0.547
MgS-BeTe-AlP-CuBr-CuBr-CuBr,-0.226
MgS-BeTe-AlP-CuBr-CuBr-GaP,-0.184
MgS-BeTe-AlP-CuBr-ZnSe-ZnSe,-0.447
MgS-BeTe-AlP-GaP-GaP-GaP,-0.37799999999999995
MgS-BeTe-AlP-ZnSe-ZnSe-GaP,-0.44799999999999995
MgS-BeTe-BeTe-AlAs-AlAs-AlAs,-0.38799999999999996
MgS-BeTe-BeTe-AlAs-AlAs-CuBr,-0.336
MgS-BeTe-BeTe-AlAs-CuBr-ZnSe,-0.392
MgS-BeTe-BeTe-AlAs-GaAs-GaAs,-0.317
MgS-BeTe-BeTe-AlAs-ZnSe-ZnSe,-0.532
MgS-BeTe-BeTe-AlP-AlP-AlP,-0.44
MgS-BeTe-BeTe-AlP-AlP-CuBr,-0.366
MgS-BeTe-BeTe-AlP-AlP-ZnSe,-0.501
MgS-BeTe-BeTe-AlP-CuBr-CuBr,-0.294
MgS-BeTe-BeTe-AlP-CuBr-GaP,-0.251
MgS-BeTe-BeTe-AlP-CuBr-ZnSe,-0.40399999999999997
MgS-BeTe-BeTe-AlP-GaP-GaP,-0.34600000000000003
MgS-BeTe-BeTe-AlP-ZnSe-GaP,-0.402
MgS-BeTe-BeTe-AlP-ZnSe-ZnSe,-0.55
MgS-BeTe-BeTe-BeTe-AlAs-AlAs,-0.379
MgS-BeTe-BeTe-BeTe-AlAs-CuBr,-0.35700000000000004
MgS-BeTe-BeTe-BeTe-AlAs-GaAs,-0.34
MgS-BeTe-BeTe-BeTe-AlAs-ZnSe,-0.486
MgS-BeTe-BeTe-BeTe-AlP-AlP,-0.415
MgS-BeTe-BeTe-BeTe-AlP-GaP,-0.366
MgS-BeTe-BeTe-BeTe-AlP-ZnSe,-0.504
MgS-BeTe-BeTe-BeTe-BeTe-AlP,-0.42200000000000004
MgS-BeTe-BeTe-BeTe-BeTe-BeTe,-0.457
MgS-BeTe-BeTe-BeTe-BeTe-CuBr,-0.377
MgS-BeTe-BeTe-BeTe-BeTe-GaAs,-0.36200000000000004
MgS-BeTe-BeTe-BeTe-BeTe-GaP,-0.386
MgS-BeTe-BeTe-BeTe-CuBr-CuBr,-0.311
MgS-BeTe-BeTe-BeTe-CuBr-GaAs,-0.24100000000000002
MgS-BeTe-BeTe-BeTe-CuBr-GaP,-0.259
MgS-BeTe-BeTe-BeTe-CuBr-ZnSe,-0.415
MgS-BeTe-BeTe-BeTe-GaAs-GaAs,-0.321
MgS-BeTe-BeTe-BeTe-ZnSe-GaP,-0.415
MgS-BeTe-BeTe-BeTe-ZnSe-ZnSe,-0.581
MgS-BeTe-BeTe-CuBr-CuBr-GaAs,-0.183
MgS-BeTe-BeTe-CuBr-CuBr-GaP,-0.2
MgS-BeTe-BeTe-CuBr-CuBr-ZnSe,-0.35200000000000004
MgS-BeTe-BeTe-CuBr-GaAs-GaAs,-0.225
MgS-BeTe-BeTe-CuBr-GaP-GaP,-0.217
MgS-BeTe-BeTe-CuBr-ZnSe-GaAs,-0.26899999999999996
MgS-BeTe-BeTe-CuBr-ZnSe-GaP,-0.289
MgS-BeTe-BeTe-CuBr-ZnSe-ZnSe,-0.46
MgS-BeTe-BeTe-GaAs-GaAs-GaAs,-0.299
MgS-BeTe-BeTe-ZnSe-GaAs-GaAs,-0.35600000000000004
MgS-BeTe-BeTe-ZnSe-GaP-GaP,-0.37
MgS-BeTe-BeTe-ZnSe-ZnSe-GaAs,-0.44
MgS-BeTe-BeTe-ZnSe-ZnSe-GaP,-0.461
MgS-BeTe-BeTe-ZnSe-ZnSe-ZnSe,-0.627
MgS-BeTe-CuBr-CuBr-CuBr-CuBr,-0.19699999999999998
MgS-BeTe-CuBr-CuBr-CuBr-GaAs,-0.122
MgS-BeTe-CuBr-CuBr-CuBr-GaP,-0.139
MgS-BeTe-CuBr-CuBr-CuBr-ZnSe,-0.292
MgS-BeTe-CuBr-CuBr-GaAs-GaAs,-0.16699999999999998
MgS-BeTe-CuBr-CuBr-GaP-GaP,-0.16
MgS-BeTe-CuBr-CuBr-ZnSe-GaAs,-0.204
MgS-BeTe-CuBr-CuBr-ZnSe-GaP,-0.22399999999999998
MgS-BeTe-CuBr-CuBr-ZnSe-ZnSe,-0.395
MgS-BeTe-CuBr-GaAs-GaAs-GaAs,-0.207
MgS-BeTe-CuBr-GaP-GaP-GaP,-0.213
MgS-BeTe-CuBr-ZnSe-GaAs-GaAs,-0.22899999999999998
MgS-BeTe-CuBr-ZnSe-GaP-GaP,-0.251
MgS-BeTe-CuBr-ZnSe-ZnSe-ZnSe,-0.504
MgS-BeTe-GaAs-GaAs-GaAs-GaAs,-0.285
MgS-BeTe-ZnSe-GaAs-GaAs-GaAs,-0.336
MgS-BeTe-ZnSe-GaP-GaP-GaP,-0.349
MgS-BeTe-ZnSe-ZnSe-GaAs-GaAs,-0.40299999999999997
MgS-BeTe-ZnSe-ZnSe-GaP-GaP,-0.415
MgS-BeTe-ZnSe-ZnSe-ZnSe-GaAs,-0.48700000000000004
MgS-BeTe-ZnSe-ZnSe-ZnSe-GaP,-0.507
MgS-BeTe-ZnSe-ZnSe-ZnSe-ZnSe,-0.672
MgS-CuBr-CuBr-CuBr-CuBr-CuBr,-0.20199999999999999
MgS-CuBr-CuBr-CuBr-CuBr-GaAs,-0.08900000000000001
MgS-CuBr-CuBr-CuBr-CuBr-GaP,-0.102
MgS-CuBr-CuBr-CuBr-CuBr-ZnSe,-0.26899999999999996
MgS-CuBr-CuBr-CuBr-GaAs-GaAs,-0.11599999999999999
MgS-CuBr-CuBr-CuBr-GaP-GaP,-0.109
MgS-CuBr-CuBr-CuBr-ZnSe-GaAs,-0.225
MgS-CuBr-CuBr-CuBr-ZnSe-GaP,-0.243
MgS-CuBr-CuBr-CuBr-ZnSe-ZnSe,-0.419
MgS-CuBr-CuBr-GaAs-GaAs-GaAs,-0.161
MgS-CuBr-CuBr-GaP-GaP-GaP,-0.159
MgS-CuBr-CuBr-ZnSe-GaP-GaP,-0.2
MgS-CuBr-CuBr-ZnSe-ZnSe-ZnSe,-0.517
MgS-CuBr-GaAs-GaAs-GaAs-GaAs,-0.203
MgS-CuBr-ZnSe-GaAs-GaAs-GaAs,-0.247
MgS-CuBr-ZnSe-GaP-GaP-GaP,-0.255
MgS-CuBr-ZnSe-ZnSe-GaP-GaP,-0.321
MgS-CuBr-ZnSe-ZnSe-ZnSe-GaAs,-0.406
MgS-CuBr-ZnSe-ZnSe-ZnSe-GaP,-0.42100000000000004
MgS-CuBr-ZnSe-ZnSe-ZnSe-ZnSe,-0.595
MgS-GaAs-GaAs-GaAs-GaAs-GaAs,-0.301
MgS-GaP-GaP-GaP-GaP-GaP,-0.331
MgS-MgS-AlAs-AlAs-AlAs-AlAs,-0.637
MgS-MgS-AlAs-AlAs-AlAs-CuBr,-0.561
MgS-MgS-AlAs-AlAs-AlAs-ZnSe,-0.71
MgS-MgS-AlAs-AlAs-CuBr-CuBr,-0.512
MgS-MgS-AlAs-AlAs-CuBr-GaAs,-0.425
MgS-MgS-AlAs-AlAs-CuBr-ZnSe,-0.585
MgS-MgS-AlAs-AlAs-GaAs-GaAs,-0.564
MgS-MgS-AlAs-AlAs-ZnSe-GaAs,-0.58
MgS-MgS-AlAs-CuBr-CuBr-CuBr,-0.45399999999999996
MgS-MgS-AlAs-CuBr-CuBr-GaAs,-0.36
MgS-MgS-AlAs-CuBr-CuBr-ZnSe,-0.544
MgS-MgS-AlAs-CuBr-GaAs-GaAs,-0.386
MgS-MgS-AlAs-CuBr-ZnSe-GaAs,-0.45899999999999996
MgS-MgS-AlAs-GaAs-GaAs-GaAs,-0.528
MgS-MgS-AlAs-ZnSe-GaAs-GaAs,-0.5479999999999999
MgS-MgS-AlAs-ZnSe-ZnSe-GaAs,-0.616
MgS-MgS-AlAs-ZnSe-ZnSe-ZnSe,-0.787
MgS-MgS-AlP-AlP-AlP-AlP,-0.696
MgS-MgS-AlP-AlP-AlP-CuBr,-0.602
MgS-MgS-AlP-AlP-AlP-ZnSe,-0.743
MgS-MgS-AlP-AlP-CuBr-GaP,-0.456
MgS-MgS-AlP-AlP-ZnSe-GaP,-0.623
MgS-MgS-AlP-AlP-ZnSe-ZnSe,-0.759
MgS-MgS-AlP-CuBr-CuBr-CuBr,-0.419
MgS-MgS-AlP-CuBr-CuBr-GaP,-0.381
MgS-MgS-AlP-CuBr-CuBr-ZnSe,-0.573
MgS-MgS-AlP-CuBr-ZnSe-GaP,-0.48700000000000004
MgS-MgS-AlP-CuBr-ZnSe-ZnSe,-0.6459999999999999
MgS-MgS-AlP-GaP-GaP-GaP,-0.5529999999999999
MgS-MgS-AlP-ZnSe-ZnSe-GaP,-0.6509999999999999
MgS-MgS-BeTe-AlAs-AlAs-AlAs,-0.563
MgS-MgS-BeTe-AlAs-AlAs-CuBr,-0.506
MgS-MgS-BeTe-AlAs-AlAs-ZnSe,-0.648
MgS-MgS-BeTe-AlAs-CuBr-CuBr,-0.485
MgS-MgS-BeTe-AlAs-CuBr-GaAs,-0.395
MgS-MgS-BeTe-AlAs-ZnSe-GaAs,-0.536
MgS-MgS-BeTe-AlAs-ZnSe-ZnSe,-0.706
MgS-MgS-BeTe-AlP-AlP-CuBr,-0.5379999999999999
MgS-MgS-BeTe-AlP-AlP-GaP,-0.5589999999999999
MgS-MgS-BeTe-AlP-AlP-ZnSe,-0.672
MgS-MgS-BeTe-AlP-CuBr-CuBr,-0.46399999999999997
MgS-MgS-BeTe-AlP-CuBr-GaP,-0.423
MgS-MgS-BeTe-AlP-CuBr-ZnSe,-0.574
MgS-MgS-BeTe-AlP-GaP-GaP,-0.516
MgS-MgS-BeTe-AlP-ZnSe-GaP,-0.575
MgS-MgS-BeTe-AlP-ZnSe-ZnSe,-0.722
MgS-MgS-BeTe-BeTe-AlAs-AlAs,-0.552
MgS-MgS-BeTe-BeTe-AlAs-GaAs,-0.513
MgS-MgS-BeTe-BeTe-AlAs-ZnSe,-0.659
MgS-MgS-BeTe-BeTe-AlP-AlP,-0.586
MgS-MgS-BeTe-BeTe-AlP-CuBr,-0.542
MgS-MgS-BeTe-BeTe-AlP-GaP,-0.537
MgS-MgS-BeTe-BeTe-BeTe-AlP,-0.594
MgS-MgS-BeTe-BeTe-BeTe-BeTe,-0.629
MgS-MgS-BeTe-BeTe-BeTe-CuBr,-0.546
MgS-MgS-BeTe-BeTe-BeTe-GaP,-0.5579999999999999
MgS-MgS-BeTe-BeTe-BeTe-ZnSe,-0.7070000000000001
MgS-MgS-BeTe-BeTe-CuBr-CuBr,-0.48
MgS-MgS-BeTe-BeTe-CuBr-GaAs,-0.413
MgS-MgS-BeTe-BeTe-CuBr-GaP,-0.431
MgS-MgS-BeTe-BeTe-CuBr-ZnSe,-0.585
MgS-MgS-BeTe-BeTe-GaAs-GaAs,-0.494
MgS-MgS-BeTe-BeTe-GaP-GaP,-0.511
MgS-MgS-BeTe-BeTe-ZnSe-GaAs,-0.5660000000000001
MgS-MgS-BeTe-BeTe-ZnSe-GaP,-0.5870000000000001
MgS-MgS-BeTe-BeTe-ZnSe-ZnSe,-0.753
MgS-MgS-BeTe-CuBr-CuBr-CuBr,-0.42100000000000004
MgS-MgS-BeTe-CuBr-CuBr-ZnSe,-0.521
MgS-MgS-BeTe-CuBr-GaAs-GaAs,-0.39299999999999996
MgS-MgS-BeTe-CuBr-ZnSe-GaP,-0.45899999999999996
MgS-MgS-BeTe-CuBr-ZnSe-ZnSe,-0.629
MgS-MgS-BeTe-GaAs-GaAs-GaAs,-0.47200000000000003
MgS-MgS-BeTe-GaP-GaP-GaP,-0.49
MgS-MgS-BeTe-ZnSe-GaAs-GaAs,-0.53
MgS-MgS-BeTe-ZnSe-ZnSe-GaAs,-0.613
MgS-MgS-CuBr-CuBr-CuBr-CuBr,-0.465
MgS-MgS-CuBr-CuBr-CuBr-GaAs,-0.305
MgS-MgS-CuBr-CuBr-CuBr-ZnSe,-0.484
MgS-MgS-CuBr-CuBr-GaAs-GaAs,-0.33799999999999997
MgS-MgS-CuBr-CuBr-GaP-GaP,-0.33399999999999996
MgS-MgS-CuBr-CuBr-ZnSe-GaAs,-0.4370000000000001
MgS-MgS-CuBr-CuBr-ZnSe-GaP,-0.462
MgS-MgS-CuBr-CuBr-ZnSe-ZnSe,-0.635
MgS-MgS-CuBr-GaP-GaP-GaP,-0.386
MgS-MgS-CuBr-ZnSe-GaAs-GaAs,-0.434
MgS-MgS-CuBr-ZnSe-GaP-GaP,-0.442
MgS-MgS-CuBr-ZnSe-ZnSe-GaAs,-0.522
MgS-MgS-CuBr-ZnSe-ZnSe-GaP,-0.54
MgS-MgS-CuBr-ZnSe-ZnSe-ZnSe,-0.7170000000000001
MgS-MgS-GaP-GaP-GaP-GaP,-0.5
MgS-MgS-MgS-AlAs-AlAs-AlAs,-0.7879999999999999
MgS-MgS-MgS-AlAs-AlAs-CuBr,-0.722
MgS-MgS-MgS-AlAs-AlAs-GaAs,-0.75
MgS-MgS-MgS-AlAs-CuBr-CuBr,-0.679
MgS-MgS-MgS-AlAs-CuBr-GaAs,-0.598
MgS-MgS-MgS-AlAs-ZnSe-GaAs,-0.748
MgS-MgS-MgS-AlAs-ZnSe-ZnSe,-0.914
MgS-MgS-MgS-AlP-AlP-AlP,-0.8270000000000001
MgS-MgS-MgS-AlP-AlP-CuBr,-0.7490000000000001
MgS-MgS-MgS-AlP-AlP-GaP,-0.777
MgS-MgS-MgS-AlP-AlP-ZnSe,-0.885
MgS-MgS-MgS-AlP-CuBr-CuBr,-0.7120000000000001
MgS-MgS-MgS-AlP-CuBr-GaP,-0.622
MgS-MgS-MgS-AlP-CuBr-ZnSe,-0.7709999999999999
MgS-MgS-MgS-AlP-ZnSe-GaP,-0.7809999999999999
MgS-MgS-MgS-AlP-ZnSe-ZnSe,-0.9259999999999999
MgS-MgS-MgS-BeTe-AlAs-AlAs,-0.726
MgS-MgS-MgS-BeTe-AlAs-CuBr,-0.698
MgS-MgS-MgS-BeTe-AlAs-GaAs,-0.688
MgS-MgS-MgS-BeTe-AlP-AlP,-0.758
MgS-MgS-MgS-BeTe-AlP-CuBr,-0.713
MgS-MgS-MgS-BeTe-AlP-GaP,-0.7090000000000001
MgS-MgS-MgS-BeTe-AlP-ZnSe,-0.848
MgS-MgS-MgS-BeTe-BeTe-AlAs,-0.74
MgS-MgS-MgS-BeTe-BeTe-AlP,-0.7659999999999999
MgS-MgS-MgS-BeTe-BeTe-CuBr,-0.7170000000000001
MgS-MgS-MgS-BeTe-BeTe-GaAs,-0.708
MgS-MgS-MgS-BeTe-BeTe-GaP,-0.731
MgS-MgS-MgS-BeTe-BeTe-ZnSe,-0.879
MgS-MgS-MgS-BeTe-CuBr-GaAs,-0.585
MgS-MgS-MgS-BeTe-CuBr-GaP,-0.602
MgS-MgS-MgS-BeTe-CuBr-ZnSe,-0.7559999999999999
MgS-MgS-MgS-BeTe-GaAs-GaAs,-0.667
MgS-MgS-MgS-BeTe-GaP-GaP,-0.6829999999999999
MgS-MgS-MgS-BeTe-ZnSe-GaAs,-0.74
MgS-MgS-MgS-CuBr-CuBr-CuBr,-0.6809999999999999
MgS-MgS-MgS-CuBr-CuBr-GaAs,-0.575
MgS-MgS-MgS-CuBr-CuBr-GaP,-0.596
MgS-MgS-MgS-CuBr-CuBr-ZnSe,-0.762
MgS-MgS-MgS-CuBr-GaAs-GaAs,-0.5710000000000001
MgS-MgS-MgS-CuBr-GaP-GaP,-0.573
MgS-MgS-MgS-CuBr-ZnSe-GaAs,-0.648
MgS-MgS-MgS-CuBr-ZnSe-ZnSe,-0.843
MgS-MgS-MgS-GaAs-GaAs-GaAs,-0.6729999999999999
MgS-MgS-MgS-GaP-GaP-GaP,-0.682
MgS-MgS-MgS-MgS-AlAs-AlAs,-0.946
MgS-MgS-MgS-MgS-AlAs-CuBr,-0.8959999999999999
MgS-MgS-MgS-MgS-AlAs-ZnSe,-1.04
MgS-MgS-MgS-MgS-AlP-AlP,-0.971
MgS-MgS-MgS-MgS-AlP-ZnSe,-1.052
MgS-MgS-MgS-MgS-BeTe-AlAs,-0.9129999999999999
MgS-MgS-MgS-MgS-BeTe-AlP,-0.9390000000000001
MgS-MgS-MgS-MgS-BeTe-BeTe,-0.972
MgS-MgS-MgS-MgS-BeTe-GaAs,-0.8809999999999999
MgS-MgS-MgS-MgS-BeTe-GaP,-0.903
MgS-MgS-MgS-MgS-BeTe-ZnSe,-1.051
MgS-MgS-MgS-MgS-CuBr-CuBr,-0.905
MgS-MgS-MgS-MgS-CuBr-GaAs,-0.784
MgS-MgS-MgS-MgS-CuBr-GaP,-0.802
MgS-MgS-MgS-MgS-CuBr-ZnSe,-0.968
MgS-MgS-MgS-MgS-GaAs-GaAs,-0.866
MgS-MgS-MgS-MgS-GaP-GaP,-0.875
MgS-MgS-MgS-MgS-MgS-AlAs,-1.121
MgS-MgS-MgS-MgS-MgS-AlP,-1.1440000000000001
MgS-MgS-MgS-MgS-MgS-BeTe,-1.143
MgS-MgS-MgS-MgS-MgS-CuBr,-1.11
MgS-MgS-MgS-MgS-MgS-GaAs,-1.073
MgS-MgS-MgS-MgS-MgS-GaP,-1.089
MgS-MgS-MgS-MgS-MgS-ZnSe,-1.262
MgS-MgS-MgS-MgS-ZnSe-GaAs,-0.953
MgS-MgS-MgS-MgS-ZnSe-GaP,-0.973
MgS-MgS-MgS-MgS-ZnSe-ZnSe,-1.136
MgS-MgS-MgS-ZnSe-GaAs-GaAs,-0.743
MgS-MgS-MgS-ZnSe-GaP-GaP,-0.754
MgS-MgS-MgS-ZnSe-ZnSe-GaAs,-0.826
MgS-MgS-MgS-ZnSe-ZnSe-GaP,-0.846
MgS-MgS-MgS-ZnSe-ZnSe-ZnSe,-1.01
MgS-MgS-ZnSe-GaAs-GaAs-GaAs,-0.5489999999999999
MgS-MgS-ZnSe-GaP-GaP-GaP,-0.561
MgS-MgS-ZnSe-ZnSe-GaAs-GaAs,-0.616
MgS-MgS-ZnSe-ZnSe-GaP-GaP,-0.628
MgS-MgS-ZnSe-ZnSe-ZnSe-GaAs,-0.6990000000000001
MgS-MgS-ZnSe-ZnSe-ZnSe-GaP,-0.7190000000000001
MgS-MgS-ZnSe-ZnSe-ZnSe-ZnSe,-0.883
MgS-ZnSe-GaAs-GaAs-GaAs-GaAs,-0.36200000000000004
MgS-ZnSe-GaP-GaP-GaP-GaP,-0.382
MgS-ZnSe-ZnSe-GaP-GaP-GaP,-0.436
MgS-ZnSe-ZnSe-ZnSe-GaAs-GaAs,-0.49
MgS-ZnSe-ZnSe-ZnSe-GaP-GaP,-0.502
MgS-ZnSe-ZnSe-ZnSe-ZnSe-GaAs,-0.573
MgS-ZnSe-ZnSe-ZnSe-ZnSe-GaP,-0.593
MgS-ZnSe-ZnSe-ZnSe-ZnSe-ZnSe,-0.757
SiC-SiC-SiC-SiC-SiC-SiC,-0.22
ZnO-GaN-GaN-GaN-GaN-GaN,-0.486
ZnO-ZnO-GaN-GaN-GaN-GaN,-0.63
ZnO-ZnO-ZnO-GaN-GaN-GaN,-0.785
ZnO-ZnO-ZnO-ZnO-GaN-GaN,-0.956
ZnO-ZnO-ZnO-ZnO-ZnO-ZnO,-1.4140000000000001
ZnS-GaP-GaP-GaP-GaP-GaP,-0.313
ZnS-ZnS-GaP-GaP-GaP-GaP,-0.36
ZnS-ZnS-ZnS-ZnS-GaP-GaP,-0.4970000000000001
ZnS-ZnS-ZnS-ZnS-ZnS-ZnS,-0.745
ZnSe-GaAs-GaAs-GaAs-GaAs-GaAs,-0.275
ZnSe-GaP-GaP-GaP-GaP-GaP,-0.311
ZnSe-ZnSe-GaAs-GaAs-GaAs-GaAs,-0.318
ZnSe-ZnSe-GaP-GaP-GaP-GaP,-0.337
ZnSe-ZnSe-ZnSe-GaAs-GaAs-GaAs,-0.376
ZnSe-ZnSe-ZnSe-GaP-GaP-GaP,-0.384
ZnSe-ZnSe-ZnSe-ZnSe-GaAs-GaAs,-0.442
ZnSe-ZnSe-ZnSe-ZnSe-GaP-GaP,-0.447
ZnSe-ZnSe-ZnSe-ZnSe-ZnSe-GaAs,-0.526
ZnSe-ZnSe-ZnSe-ZnSe-ZnSe-GaP,-0.535
ZnSe-ZnSe-ZnSe-ZnSe-ZnSe-ZnSe,-0.6559999999999999
ZnTe-CdSe-CdSe-CdSe-CdSe-CdSe,-0.524
ZnTe-CdSe-CdSe-CdSe-InAs-InAs,-0.331
ZnTe-CdSe-CdSe-CdSe-InP-InP,-0.302
ZnTe-CdSe-CdSe-InAs-InAs-InAs,-0.256
ZnTe-CdSe-CdSe-InP-InP-InP,-0.218
ZnTe-GaSb-CdSe-CdSe-CdSe-CdSe,-0.376
ZnTe-GaSb-CdSe-CdSe-InAs-InAs,-0.20600000000000002
ZnTe-GaSb-GaSb-CdSe-CdSe-InAs,-0.20800000000000002
ZnTe-GaSb-GaSb-CdSe-InAs-InAs,-0.131
ZnTe-GaSb-GaSb-GaSb-CdSe-CdSe,-0.212
ZnTe-GaSb-GaSb-GaSb-GaSb-CdSe,-0.134
ZnTe-GaSb-GaSb-GaSb-GaSb-GaSb,-0.094
ZnTe-GaSb-GaSb-InAs-InAs-InAs,-0.114
ZnTe-GaSb-InAs-InAs-InAs-InAs,-0.125
ZnTe-InAs-InAs-InAs-InAs-InAs,-0.163
ZnTe-InP-InP-InP-InP-InP,-0.131
ZnTe-ZnTe-CdSe-CdSe-CdSe-CdSe,-0.4970000000000001
ZnTe-ZnTe-CdSe-CdSe-CdSe-InAs,-0.39299999999999996
ZnTe-ZnTe-CdSe-CdSe-CdSe-InP,-0.375
ZnTe-ZnTe-CdSe-CdSe-InAs-InAs,-0.301
ZnTe-ZnTe-CdSe-CdSe-InP-InP,-0.271
ZnTe-ZnTe-CdSe-InAs-InAs-InAs,-0.226
ZnTe-ZnTe-CdSe-InP-InP-InP,-0.18899999999999997
ZnTe-ZnTe-GaSb-CdSe-CdSe-CdSe,-0.34700000000000003
ZnTe-ZnTe-GaSb-CdSe-CdSe-InAs,-0.253
ZnTe-ZnTe-GaSb-GaSb-CdSe-CdSe,-0.262
ZnTe-ZnTe-GaSb-GaSb-CdSe-InAs,-0.171
ZnTe-ZnTe-GaSb-GaSb-GaSb-GaSb,-0.131
ZnTe-ZnTe-GaSb-GaSb-GaSb-InAs,-0.127
ZnTe-ZnTe-GaSb-InAs-InAs-InAs,-0.14300000000000002
ZnTe-ZnTe-InAs-InAs-InAs-InAs,-0.175
ZnTe-ZnTe-InP-InP-InP-InP,-0.14
ZnTe-ZnTe-ZnTe-CdSe-CdSe-CdSe,-0.469
ZnTe-ZnTe-ZnTe-CdSe-CdSe-InAs,-0.365
ZnTe-ZnTe-ZnTe-CdSe-InAs-InAs,-0.273
ZnTe-ZnTe-ZnTe-GaSb-CdSe-CdSe,-0.317
ZnTe-ZnTe-ZnTe-GaSb-CdSe-InAs,-0.17
ZnTe-ZnTe-ZnTe-GaSb-GaSb-CdSe,-0.233
ZnTe-ZnTe-ZnTe-GaSb-GaSb-GaSb,-0.17800000000000002
ZnTe-ZnTe-ZnTe-InAs-InAs-InAs,-0.20600000000000002
ZnTe-ZnTe-ZnTe-InP-InP-InP,-0.172
ZnTe-ZnTe-ZnTe-ZnTe-CdSe-CdSe,-0.441
ZnTe-ZnTe-ZnTe-ZnTe-GaSb-CdSe,-0.289
ZnTe-ZnTe-ZnTe-ZnTe-GaSb-GaSb,-0.231
ZnTe-ZnTe-ZnTe-ZnTe-GaSb-InAs,-0.223
ZnTe-ZnTe-ZnTe-ZnTe-InAs-InAs,-0.251
ZnTe-ZnTe-ZnTe-ZnTe-InP-InP,-0.22399999999999998
ZnTe-ZnTe-ZnTe-ZnTe-ZnTe-CdSe,-0.414
ZnTe-ZnTe-ZnTe-ZnTe-ZnTe-GaSb,-0.29600000000000004
ZnTe-ZnTe-ZnTe-ZnTe-ZnTe-InP,-0.303
