MP-ID,System,G_Voigt
mvc-11438,CoSe2,15
mvc-8959,CaLaFeSbO6,45
mvc-15350,Ca2Sn3O8,49
mvc-16396,Ca3AlSb3,23
mvc-652,Ti(WO4)2,46
mvc-15643,WO3,65
mvc-13876,TiN,177
mvc-10478,CaBi4O9,39
mvc-16316,YMnO3,67
mvc-6389,WO2,47
mvc-5897,Zn(CuO2)2,40
mvc-8365,MgFe2O5,32
mvc-11651,Zn(CrSe2)2,32
mvc-13158,CaVO3,86
mvc-16413,Zn2Mo3O8,51
mvc-678,Ti(WO4)2,31
mvc-15272,Ca2CoN2,43
mvc-3769,YMoO3,41
mvc-3978,Ca2Co2O5,52
mvc-13900,YCuO3,59
mvc-11233,CoS2,28
mvc-11780,MoS2,33
mvc-5096,WO3,109
mvc-16089,ZnCu2SnSe4,26
mvc-3988,Ca2Fe2O5,51
mvc-7794,Mg(MoO2)2,56
mvc-14201,Ca3Sn2O7,63
mvc-14941,MoO3,32
mvc-11813,CaLaMn2O6,67
mp-22712,YPd2Pb,27
mvc-3672,Ca3Fe2O7,60
mvc-3263,CaFeSiO5,49
mvc-5884,Mg(CuO2)2,35
mvc-6590,TiO2,123
mvc-4607,Mo2O5,42
mvc-13455,MoN2,59
mvc-6281,Zn(CuO2)2,43
mvc-6921,MgMn2O4,64
mvc-11699,AlCuO2,94
mvc-16068,CaNiN,61
mvc-2125,AlFe4(CuO4)3,24
mvc-12022,MnO2,59
mvc-11944,V2O5,32
mvc-14149,CoO2,48
mvc-12484,CaTi2O4,88
mvc-10896,Ti2AlO4,74
mvc-6093,Zn(FeO2)2,75
mvc-11649,Ca(CoO2)2,77
mp-544,Ti3Ir,14
mp-3702,FeCuPt2,78
mp-8871,CsNa2BO3,25
mp-25180,Nd2WO6,54
mp-29596,Ca3AlN3,47
mp-22617,YNiSn,44
mp-862563,Sc2BeTc,47
mp-8786,Zr2NiAs2,70
mp-30427,BaZnBi2,19
mp-864890,Hf2FeIr,65
mp-11431,CaGa3Ni2,41
mp-9324,Ba3MnN3,21
mp-7524,NbPSe,77
mp-560340,La2Pd2O5,52
mp-862561,ScSbRu2,102
mp-5072,Rb2HgO2,12
mp-3805,Al(FeB)2,131
mp-20790,InPS4,12
mp-6926,Ca(PPd)2,47
mp-16524,ScAlPd2,42
mp-10086,YSF,54
mp-5962,NaMgAs,21
mp-2480,OsSe2,109
mp-989579,Rb2LiTlCl6,10
mp-7739,Ba2ZnF6,25
mp-558781,ScTaO4,75
mp-865868,LiZrRh2,47
mp-7918,HfGeS,83
mp-4152,Ga2CoS4,30
mp-865866,LiZrPt2,24
mp-867274,Be2CoIr,112
mp-2831,FePd,82
mp-20935,ZrSnIr,65
mp-555064,Cd(CO2)2,29
mp-7632,NiMoP,96
mp-8150,Ba(CdSb)2,19
mp-865928,Ti2TcPt,77
mp-861629,LiMnPd2,42
mp-20983,V2InC,103
mp-22232,TlInSe2,12
mp-862600,Be2RhPt,117
mp-864883,MgSnPd2,38
mp-779948,ZrMnO3,67
mp-4475,Tl(CoSe)2,22
mp-4756,ZnSnSb2,24
mp-10894,MnAlRh2,96
mp-20905,OsS2,144
mp-650,Be5Pd,132
mp-866062,HfSiRu2,108
mp-862546,Sc2AlRu,41
mp-4864,CaMgSn,29
mp-2933,Pr2(ReB2)3,120
mp-21850,Fe3SnC,64
mp-862710,Sc2CdTc,30
mp-21471,LiFeAs,42
mp-550908,SrHfO3,100
mp-12623,BaPdF4,16
mp-30091,MgB9N,172
mp-6304,Sr2GaSbO6,72
mp-761310,Mn(AsO2)2,25
mp-3700,LiYF4,33
mp-760439,TaTiO4,108
mp-10183,MgSbPd,29
mp-865131,Hf2OsRh,55
mp-7804,HfCo3B2,160
mp-4474,V4GaS8,47
mp-10469,NbSiPt,82
mp-19420,Sr2MgWO6,72
mp-567749,Y(SiOs)2,86
mp-2260,FePt,98
mp-15322,ScSiCu,78
mp-11808,ScNi4Sn,58
mp-559598,LiScF4,33
mp-30726,YHg3,19
mp-22151,BaGePt,23
mp-27757,Be4B,136
mp-11957,CaSn2Ir,41
mp-17518,Sr2TaN3,39
mp-22731,MnInNi2,49
mp-1009083,MgSnP2,29
mp-1001019,Mg(ScSe2)2,22
mp-9743,SrAsPd,28
mp-864765,Na3HfF8,19
mp-4175,ZnSnP2,41
mp-32407,TaVO5,45
mp-22811,InCuSe2,23
mp-862723,ScTc2Mo,78
mp-19784,In2Si2O7,98
mp-8306,Ba3FeN3,20
mp-862264,Sc2ZnTc,40
mp-862257,Sc2ZnAu,45
mp-865803,Ti2MoPt,91
mp-30722,ScHg3,21
mp-862297,LiAlRh2,65
mp-23736,LiMgH3,33
mp-1014252,Hf3ZnN,91
mp-3721,SrHfO3,96
mp-570074,Sc3IrC4,122
mp-865966,BeAlIr2,126
mp-22027,MnSnAu,23
mp-10911,Sc2Al3Ru,68
mp-6613,Ba2YTaO6,82
mp-30151,CuAuSe4,23
mp-12961,YAlPd,33
mp-12595,MoRh,136
mp-16349,LiNi2Ge,61
mp-557233,AlTlF4,27
mp-23179,NiBi3,10
mp-9325,Sr3MnN3,32
mp-7906,Al2HgS4,23
mp-11273,Be3Nb,126
mp-10125,SbIr,63
mp-541487,TlPt2Se3,18
mp-8608,K(Cu2As)2,25
mp-867769,ScZnRh2,63
mp-8689,V4GeSe8,36
mp-4573,TlSbTe2,21
mp-8401,CsMgF3,38
mp-11176,Ca3(SiIr)4,52
mp-10219,YOF,56
mp-774736,LiCuS,16
mp-30438,Be2Cr,158
mp-24151,DyH2,53
mp-4247,NaZnSb,14
mp-9166,MgCN2,48
mp-15724,KNa2Sb,13
mp-867270,Be2CoPt,110
mp-865809,TiTc2Sb,96
mp-16266,CaZnSi,45
mp-4593,Mn3AlC,133
mp-866094,HfZnCu2,51
mp-862655,Ru3W,163
mp-8732,Ta2Se,41
mp-862261,Sc2ZnRu,37
mp-570677,Ba5Al5Sn,18
mp-30774,MgNi2Sn,55
mp-769933,NiHgO2,42
mp-11465,Mg5Hg3,22
mp-865504,YAlAg2,20
mp-2271,NaPt2,70
mp-777413,CeScO3,74
mp-22227,ZrMnSi,90
mp-10969,CdCN2,28
mp-8578,Sc3InC,82
mp-20563,Ba(CoAs)2,38
mp-867927,LiVIr2,110
mp-11270,MnBe2,162
mp-867748,ScSnRu2,80
mp-19722,MnCu2SnS4,26
mp-10873,ScAlAu2,25
mp-12137,Ca(ZnSi)2,37
mp-867242,Sc2ZnGa,54
mp-7557,Nb5SiSn2,84
mp-772246,TaVO4,110
mp-27768,Co(BW)3,205
mp-865234,TaZnRu2,88
mp-15776,Zn(GaSe2)2,25
mp-1734,CaZn5,39
mp-12533,La2Hf2O7,89
mp-19405,Ni(AgO)2,33
mp-864672,NbSiTc2,87
mp-1578,V3Rh,108
mp-697030,Mg2H6Ru,53
mp-11282,Be2W,170
mp-14983,Si4P4Ru,91
mp-19734,MgPbF6,28
mp-637614,Zn3(InS3)2,22
mp-22648,FeCu2SnS4,27
mp-570684,ZrOs2,95
mp-553243,YBi2BrO4,40
mp-764061,Na6CoO4,26
mp-865497,V2ReOs,144
mp-20180,Mn3GeC,126
mp-865678,TiMn2V,89
mp-867779,Ta2CrFe,104
mp-4124,CaCN2,28
mp-2354,Ti3Hg,69
mp-11275,Be2Re,173
mp-3657,TiCo2Si,91
mp-861672,Ti2FeIr,73
mp-7849,AlAsO4,20
mp-601285,MnGaNi2,74
mp-21855,VCu3Se4,21
mp-864932,Mg2AgPt,41
mp-31011,Y2Si2Rh,64
mp-866160,Y2AgIr,32
mp-1102,LuN,145
mp-30661,ScGaPd2,32
mp-865793,LiSc2Rh,30
mp-865506,VSiOs2,126
mp-865869,Be2CuPt,67
mp-552934,Ba2CuBrO2,15
mp-610972,MnGePd,40
mp-8418,ZrCoP,116
mp-582360,TaPd3,79
mp-20557,YSiNi,64
mp-7823,V2NiSe4,44
mp-12561,TaAs2,99
mp-989512,LiTl2InCl6,11
mp-754134,HfZrO4,110
mp-3299,Sr(FeP)2,62
mp-22636,TaNiGe,79
mp-4182,CrAgS2,28
mp-976334,Li3Tc,23
mp-582736,Eu(MgSb)2,27
mp-22444,Ta4FeP,102
mp-23797,LiH6ClO7,11
mp-34467,Zn(GaS2)2,32
mp-672254,CaPdPb,26
mp-12952,HfGaAu,62
mp-864650,Ta2OsW,134
mp-6606,SrYSi4N7,102
mp-20354,MgMnGe,51
mp-865876,Ti2TcOs,101
mp-11806,LiMgSnPt,47
mp-864640,Ta2NbIr,108
mp-569628,CaCdAu,21
mp-20337,ZrPbO3,50
mp-10208,NiMoP2,107
mp-8973,NaSi2N3,119
mp-11560,TiSiRu,105
mp-755478,CdBiO3,34
mp-5549,MgSnAu,24
mp-16905,Ba2MnTe3,16
mp-4678,Zr2AlN,94
mp-5318,MnCoSb,56
mp-505540,TiAsRh,77
mp-776205,Hf2N2O,94
mp-979435,YMg2Sc,31
mp-7429,Ca(ZnSb)2,22
mp-20618,Y2Co3Si5,66
mp-9942,Ti2FeS4,58
mp-30493,ZnCdPt2,58
mp-2695,Sb2Os,92
mp-867834,LiHfPt2,27
mp-8842,CaSiPd,35
mp-1252,ZrBe2,97
mp-30477,LiCaSn,26
mp-3390,Y(SiCu)2,76
mp-15316,SrMgF4,33
mp-11388,GaIr,68
mp-10405,Yb(AlSi)2,43
mp-865898,TiZnCo2,91
mp-865665,TiReTc2,123
mp-4238,MnFeAs,74
mp-31171,Zn2AgAu,35
mp-30981,Te(HO)6,20
mp-15722,Fe2B4Mo,179
mp-753798,Rb2SnO3,21
mp-557680,NbAgO3,58
mp-3216,Li2ZrN2,117
mp-9957,V2GeC,105
mp-19210,CoPtO2,67
mp-10671,Sr3(AlGe)2,30
mp-865717,Ti2ReIr,117
mp-10669,Ba3(AlGe)2,22
mp-31160,CaZnSn,36
mp-864919,MgTiRh2,77
mp-571039,CaAlPd,30
mp-10284,YSi3Ni,86
mp-568402,Sr(SiPd)2,44
mp-29175,Ca2AuN,32
mp-865681,TiSiRu2,132
mp-21175,TaGaNi2,57
mp-6353,Y2Si4CN6,102
mp-864645,YbSiPt2,48
mp-30028,YSi2Rh3,99
mp-4079,Sc3AlC,83
mp-29374,KGaSb4,14
mp-7908,Al2ZnTe4,20
mp-23137,Ba2YBiO6,70
mp-12972,Zr6Sb2Pt,60
mp-862365,Sc2OsPd,61
mp-864966,MnSiRu2,124
mp-1135,NbPd3,89
mp-867350,Ca2MgIn,23
mp-973966,LiIn(IO3)4,22
mp-753192,Yb4Sb2O,37
mp-10003,Nb4CoSi,97
mp-10322,BaHfN2,49
mp-4056,CaSc2O4,84
mp-5387,YNbO4,56
mp-862712,Sc2CoIr,66
mp-867253,LiZn2Ir,54
mp-14796,KPt2Se3,16
mp-582011,CeCl3,17
mp-16297,Sc3SnC,82
mp-11283,ZrBe5,116
mp-11917,Mg(BeN)2,169
mp-4673,SrHfO3,88
mp-7443,Nb2CrSe4,48
mp-30460,YNiBi,49
mp-867821,TaTiMn2,94
mp-867846,TaTiRe2,118
mp-7251,Ba2YNbO6,79
mp-867243,Sc2ZnOs,48
mp-567276,TaV2,39
mp-731,Mg3Hg,18
mp-7559,YNi4B,75
mp-9177,Y2Al3Si2,66
mp-839,V3Au,79
mp-7377,Ba3(AlSn)2,20
mp-22418,Sr3(SnIr)4,32
mp-8409,KYO2,53
mp-16497,ScAlCu2,50
mp-4081,TaCu3Se4,22
mp-862609,ScReTc2,112
mp-10161,KZnSb,19
mp-35397,Bi2WO8,38
mp-754165,ScGaO3,84
mp-10259,Zr(NiP)2,62
mp-555307,Ba2CoF6,27
mp-542435,Li3ScN2,65
mp-10676,Sc2AlSi2,76
mp-676058,V3NiS6,42
mp-8458,BaAsPt,24
mp-18919,CoPdO2,51
mp-558838,NiPtF6,33
mp-34169,Zn(InSe2)2,19
mp-8439,Ca5(AlSb3)2,23
mp-19929,MgInNi2,52
mp-20320,InTe,12
mp-7929,Rb2PtS2,19
mp-866162,YMgAg2,14
mp-21264,OsN2,240
mp-16363,CoAsS,107
mp-644278,Y2H2C,66
mp-4628,ZrSiSe,74
mp-2395,Sb3Rh,52
mp-2449,NbRh3,150
mp-866143,TiBeRh2,94
mp-31120,DyScO3,83
mp-865842,Ti2RuOs,125
mp-14763,Ca3MnN3,52
mp-7400,NaAlGe,21
mp-19968,CaIn2Cu,32
mp-11366,ZrZnCu2,47
mp-11350,CaAl9Co2,56
mp-6812,KBaPO4,26
mp-945,NiPt,95
mp-864684,Hf2MoIr,81
mp-1014227,Ti2ZnN,104
mp-2677,ScPd3,62
mp-31456,HfSbRu,48
mp-2752,Nb3Au,69
mp-12951,ZrGaAu,63
mp-8818,Ca2ZnN2,49
mp-19167,Rb2NiO2,12
mp-567769,Ca(SiPd)2,43
mp-5518,GaAgSe2,19
mp-9570,Ca(CdP)2,35
mp-867897,ScTaRu2,104
mp-23121,Sr5P3ClO12,37
mp-25176,PbWO4,23
mp-3701,Sc(Al2Fe)4,87
mp-5590,YMgGa,49
mp-5407,TiAlCo2,94
mp-865231,LiScTl2,22
mp-1545,Nb3Rh,95
mp-11277,ScBe5,107
mp-19963,TiFe2Sn,106
mp-573119,BiRhO3,60
mp-1120,Mo3Ir,115
mp-862631,Ba2SbAu,18
mp-5478,TlPd3O4,37
mp-4276,NaSi2Pd3,46
mp-865495,V2CrTc,104
mp-569989,Nb2C,121
mp-38394,Ba(AlTe2)2,13
mp-10180,Li2SbPd,36
mp-17695,Sc5Sn3,51
mp-27891,Bi2SO2,27
mp-11537,NbAlRu2,117
mp-7573,Co(BW)2,211
mp-8994,Rb2NbF6,11
mp-864920,MgZrAu2,37
mp-31168,Li2AlAg,30
mp-625094,Cd(HO)2,21
mp-9744,BaAsPd,25
mp-754671,YScO2,54
mp-5910,CaCuSb,36
mp-16764,RbYTe2,16
mp-7486,BaNiS2,32
mp-23034,SrZnCl4,13
mp-542903,ZrPbO3,62
mp-11169,Ba(PIr)2,57
mp-570689,CaInPt,28
mp-443,CaAu2,17
mp-30410,Mn2Au5,37
mp-22304,Cd(InSe2)2,15
mp-12723,CaAu,19
mp-867842,ScInRh2,73
mp-7909,Al2CdTe4,17
mp-5176,Y(SiNi)2,71
mp-20395,VAsRh,77
mp-21236,BaPPt,32
mp-10057,VCoB3,206
mp-865010,HfGaRu2,76
mp-5920,LiAlGe,51
mp-22980,Li2CoCl4,15
mp-675464,CdIn2O4,44
mp-862657,LiCuPd2,49
mp-29641,GeSb4Te7,17
mp-862778,AlSiRu2,113
mp-977230,Li3Tc,13
mp-510346,In5Se5Br,14
mp-862664,Rb2Zr2O5,42
mp-2313,MgIn,16
mp-569886,KIn9Ni2,19
mp-13572,ScSiPt2,78
mp-10010,Al(CoSi)2,99
mp-4370,Sr(AsPd)2,35
mp-865664,TiRe2W,147
mp-21907,NbSiAs,105
mp-754326,NaAgO2,31
mp-22463,TiInNi2,49
mp-15236,CrSbSe3,20
mp-10244,Zr3(SiCu)4,85
mp-213,CaPd,22
mp-865587,Y2CuRh,37
mp-3274,NiGePd,53
mp-11873,TlAsPd5,51
mp-865523,TiMnRh2,76
mp-8456,SrAsPt,31
mp-570670,YOs2,50
mp-7798,MgGeN2,85
mp-29088,Sr3(GeN)2,31
mp-864598,LiMg2Ag,31
mp-31438,YZrSb,44
mp-861616,LiSc2Ir,37
mp-864927,Hf2ReOs,100
mp-7917,HfGeSe,75
mp-7433,NaCuSe,21
mp-18468,Mn5SiC,120
mp-862316,LiBePt2,82
mp-862704,ScZn2Pt,61
mp-2728,MnIr,190
mp-566330,Sr2MnMoO6,58
mp-9919,LiZnSb,27
mp-3539,NbGaNi2,51
mp-864985,MnZnIr2,101
mp-12716,LiTlPd2,38
mp-22580,ZrGaNi2,31
mp-569249,Ta3Au,81
mp-10198,Mn3PdN,74
mp-10076,Hf3(NiGe)4,88
mp-13911,Ca(ZnGe)2,20
mp-865032,Mn2RhPt,82
mp-867347,Al3Tc,46
mp-864950,MnAlIr2,112
mp-12622,SrPdF4,24
mp-9987,Nb2PC,144
mp-22503,ZrCo2Sn,74
mp-9566,Sr(MgSb)2,26
mp-864631,LiNbRh2,66
mp-11621,ZnNiSb,36
mp-10527,Y2AlSi2,55
mp-865805,TaZnCo2,84
mp-20533,SrIn2Pt,29
mp-10155,P2Ir,134
mp-774003,VRhO4,97
mp-7575,LiZnN,88
mp-3887,Li3GaN2,89
mp-30441,Be17Nb2,153
mp-19789,Mn(BW)2,191
mp-861961,TiZnRh2,84
mp-7936,LiNbS2,58
mp-13416,Sc2InNi2,44
mp-16565,CdCu2SnSe4,22
mp-31502,ScCd7,21
mp-20098,Ba2PbO4,44
mp-862702,Sc2AgHg,37
mp-25730,Bi2WO6,50
mp-865147,Be2CuRu,99
mp-22701,ScFeSi,65
mp-20175,Sc2InC,55
mp-568747,K(NiSe)2,19
mp-28895,Ba(P2Pd)2,35
mp-3637,YOF,65
mp-4472,BMo2C,186
mp-3078,CdSiAs2,33
mp-867187,ScInIr2,83
mp-755378,NaPdO2,47
mp-12565,MnAu4,34
mp-13944,Li3AlN2,102
mp-754515,BaMgGe,24
mp-20128,Eu(MnAs)2,38
mp-20860,Mn3SnC,117
mp-11287,CaHg2,17
mp-22258,HfSiMo,109
mp-568974,Ca(CuSn)2,29
mp-862362,Sc2TcPt,61
mp-866033,AlZnRh2,81
mp-5489,LuTaO4,66
mp-13983,ZnPdF6,29
mp-999068,Ti2AlV,44
mp-11770,CoCu2SnS4,29
mp-864978,Mg2AgAu,36
mp-984718,BAs,128
mp-12571,HfBeSi,119
mp-4150,Ca(MnSb)2,18
mp-571216,Sr3(AlGe2)2,33
mp-16246,CdSbAu,14
mp-12666,Be12Pd,92
mp-12532,KAg2PS4,15
mp-11256,ScAu,39
mp-11252,MnAu2,44
mp-9951,MnNbGe,88
mp-19728,YSiRh,65
mp-5414,NaSbS2,16
mp-715,ZrIr2,127
mp-10616,BaLiAs,24
mp-8126,YSiCu,62
mp-867699,Li4TiS4,15
mp-20492,ScSiRh,75
mp-864798,HfZnIr2,92
mp-30842,ZrPd3,80
mp-16564,ZnCu2SnSe4,26
mp-861918,Sc2TlCd,33
mp-10848,AsPdS,37
mp-20401,HfSi2Cu,91
mp-11573,TiTc,75
mp-561475,V2MoO8,44
mp-30866,Rh3W,133
mp-11572,TaTc,134
mp-1008527,B2CN,280
mp-865229,Be2NiIr,114
mp-21248,NbSiIr,123
mp-862366,Sc2TlAg,34
mp-6326,LiAlSiO4,48
mp-10455,YTiGe,57
mp-7921,MgPdF6,33
mp-3522,MgCuSb,37
mp-866071,MgTaOs2,102
mp-6962,Ba(AsPd)2,35
mp-571622,Be12Pt,90
mp-31147,BaZnSi,32
mp-10055,Co2B4Mo,179
mp-23237,BiF3,36
mp-9251,TlTe3Pt2,19
mp-865652,TiMn2Si,108
mp-571443,SrMgIn3,22
mp-867802,Sc2CuOs,54
mp-12725,NbAgO3,88
mp-600125,HfInCu2,55
mp-865525,YCdHg2,22
mp-22315,HfCoSn,74
mp-10847,NiSbSe,48
mp-12520,SrNi2Ge,37
mp-1014257,Ti3ZnN,93
mp-19983,TiCuSn,54
mp-12083,CrIr3,220
mp-10435,Y(AlSi)2,44
mp-5048,LiGaTe2,14
mp-675078,Ba(FeS2)2,23
mp-4656,Y(Al2Fe)4,86
mp-557938,HfVF6,46
mp-7928,K2PtS2,20
mp-4590,Mg(GaO2)2,83
mp-570377,Sn3As4,22
mp-21023,Ti3SnC2,112
mp-865020,HfMgIr2,99
mp-31326,Mg2In,13
mp-505215,Ba(Cu3As)2,31
mp-6179,KLiSO4,19
mp-31339,ScInPd2,42
mp-11947,LiAlAg2,35
mp-13801,Tl2Pt2O7,83
mp-861910,Sc3Hg,35
mp-4586,LiAlTe2,14
mp-13160,YZnGe,56
mp-20202,MgSn4Ru,50
mp-568436,Sr7GeN6,39
mp-865810,TiTc2W,131
mp-30847,TiSnPt,57
mp-541937,Zn(InS2)2,19
mp-5794,Zn(GaO2)2,83
mp-862703,Sc2AgAu,32
mp-2123,Nb3Au2,62
mp-31297,ScInPt,39
mp-21508,Y2Pd2Pb,30
mp-10200,ZrBeSi,117
mp-554212,Tl2Ni3S2,23
mp-14091,AlAgSe2,19
mp-9025,YSiAu,48
mp-11826,CaPd5,50
mp-22535,HfPbO3,90
mp-3871,Ti2SnC,92
mp-569875,ScBRh3,100
mp-31328,MnInPd2,43
mp-540988,Cs2FeO4,10
mp-863744,Ca2PdAu,23
mp-1156,GaSb,31
mp-29748,TePdI,13
mp-28364,Rb2CdO2,14
mp-867194,Sr(MgAs)2,35
mp-866159,YZrRu2,65
mp-11512,LiAl2Ir,71
mp-4875,GdTaO4,67
mp-754363,Ba2HfO4,61
mp-864990,Mn2AlW,129
mp-865092,MgGaNi2,53
mp-867146,ScNbRu2,93
mp-7829,MnNbSi,112
mp-31496,Li2Sn2Au,23
mp-19877,ZrNi2Sn,48
mp-15778,MgNiSb,42
mp-4828,HfNi2Sn,52
mp-20805,PdPbF4,19
mp-22566,TlInS2,23
mp-22302,ZrVP,111
mp-10271,ZnCo3C,117
mp-1008610,AuN,32
mp-11541,ZrOs,99
mp-676310,Ni2SbTe,42
mp-10846,NiAsSe,55
mp-8969,Mg2Ni3P,70
mp-9961,Ti2CdC,63
mp-20146,Zr2Ni2Sn,60
mp-20698,LiCoAs,33
mp-13947,Rb2HfF6,11
mp-30836,TaPd3,94
mp-2114,YN,121
mp-30871,Ta3Sn,28
mp-7916,HfSiS,94
mp-1260,SrPd5,48
mp-644229,Sr(AlH)2,38
mp-3862,Ca(AlGe)2,40
mp-540832,EuFeO3,71
mp-864916,Hf2TcRh,91
mp-11547,YTlPd,30
mp-569344,Zr(CoSi)2,109
mp-570198,Ba(ZnAs)2,25
mp-9958,Ti2GeC,105
mp-862586,Re3Pd,174
mp-17862,Ag3Ge5P6,37
mp-2006,V3Ir,125
mp-4488,Sr(FeAs)2,46
mp-7771,Sr(CdAs)2,28
mp-30780,SrMgSn,28
mp-29816,Ag2HgO2,13
mp-31469,Hf5CuSn3,63
mp-862725,ScTc2W,87
mp-29076,FeWN2,135
mp-4822,Y(SiPd)2,54
mp-9514,Mg(AlC)2,105
mp-2455,As2Os,124
mp-866152,TiBeCo2,102
mp-22179,YTiSi,51
mp-21469,VCo2Sn,75
mp-30807,ZrNi4Sn,63
mp-5078,SrZnF4,22
mp-7350,Li(YSi)2,50
mp-862372,Sc2RuRh,60
mp-557257,KVF3,38
mp-20708,In2Ni3S2,35
mp-5251,Ca4CN4,34
mp-560023,NiSnF6,33
mp-864976,Mg2AgIr,43
mp-19774,Eu(CdSb)2,20
mp-11269,BaSn3Pd,25
mp-10059,ZrCo3B2,138
mp-4627,CoAsS,107
mp-865500,Na2Hf2O5,28
mp-22546,CoAsRh,63
mp-571458,RbGeI3,11
mp-30472,Ca2GaCu2,27
mp-20033,SnIr,62
mp-569250,VIr,120
mp-5149,NbAlCo2,93
mp-8861,Rb2MgF4,22
mp-20151,Eu(AlGe)2,38
mp-864930,LiTiIr2,79
mp-504543,SnPbO3,50
mp-603,Be2Ag,85
mp-866171,YMgAu2,19
mp-865531,TiMn2Al,86
mp-21249,YMnSi,59
mp-867689,LiCuS,23
mp-20695,Zr3In,54
mp-13079,Mn2AlCo,111
mp-18198,ScSnPt,57
mp-30363,BaAu2,17
mp-11557,ScRe2,76
mp-451,ZrB,90
mp-999133,TaPd,83
mp-10445,Sc6FeTe2,36
mp-31081,Sc(MnAl2)4,78
mp-36800,MgTaN2,177
mp-4962,CoSbS,77
mp-865591,Ti2NiMo,79
mp-20310,LiInSe2,14
mp-5881,CoSbS,81
mp-12411,Li2ZnGe,44
mp-8621,K2PtSe2,16
mp-867120,TaMn2Al,110
mp-22260,Y(MnSn)6,73
mp-16481,TiAlAu,59
mp-1677,Be2Mo,150
mp-13903,ZnSnF6,28
mp-861666,LiRu2W,85
mp-25036,YbMnO3,102
mp-29809,Ca2GeN2,54
mp-865486,VZnRu2,87
mp-1606,NbAu2,70
mp-865872,LiZr2Re,38
mp-334,LaF3,40
mp-568880,YInPd2,29
mp-22156,Hf2InC,93
mp-20791,MnVAs,26
mp-557668,MnPtF6,25
mp-862705,AlZnIr2,110
mp-19809,MnCoSi,88
mp-865496,VIr3,188
mp-569106,Yb2CdSb2,23
mp-865948,Ti2ReRh,102
mp-11977,LiSnAu,19
mp-756490,Li6MnS4,27
mp-867922,ScAlRh2,84
mp-3159,Al2CdSe4,21
mp-8547,PdPtF6,26
mp-15819,Mn3Al9Si,79
mp-819,HfCr2,68
mp-22739,BaFe2S3,31
mp-19387,CdWO4,44
mp-864654,Zn2NiRh,67
mp-1782,ScSe,44
mp-557686,ZrVF6,44
mp-21164,SrGePt,20
mp-866288,BeVCo2,77
mp-10374,Cr3PtN,161
mp-570452,Y(SiAu)2,48
mp-37091,Sr(AlTe2)2,15
mp-28835,LiScI3,11
mp-28339,CaPPt,51
mp-16566,Cu2SnHgSe4,22
mp-21024,SrIn2Pd,25
mp-999052,Ti2MnAl,59
mp-7650,RbScO2,59
mp-867281,Tc3Pt,176
mp-867280,Be2IrPt,129
mp-12585,CrRh3,157
mp-11382,NdFe5,59
mp-861610,Tc3Pd,148
mp-15657,TiCoSi,104
mp-862555,LiY2Al,35
mp-867850,ScMnRh2,62
mp-756638,NbRhO4,96
mp-978534,SiGe,57
mp-865930,TiZnCu2,63
mp-862258,Sc2ZnPt,44
mp-867924,LiCdPd2,28
mp-996983,AgAuO2,23
mp-10154,MnSbIr,41
mp-966800,InP,32
mp-1082,VIr3,221
mp-2781,ScPd,39
mp-5632,DyAsO4,63
mp-643009,SrMgH4,27
mp-605028,Te2Pd3Pb2,18
mp-21027,CaIn2Pt,30
mp-8237,Ba(AsPd)2,29
mp-1361,IrSe2,55
mp-7930,Zr3(SiCu2)2,79
mp-5486,Ca(SiCu)2,55
mp-7863,Rb2Sn2O3,20
mp-754850,NaTiS2,32
mp-9272,TlPt2S3,20
mp-29752,NiGePt2,63
mp-867133,Ba2Sc2O5,54
mp-3033,RbTaO3,30
mp-1400,HfW2,95
mp-510347,In5S5Br,17
mp-867786,ScNbOs2,115
mp-13272,BaAlGe,34
mp-754826,CsScO2,19
mp-703260,PbWO4,24
mp-10343,Sc2BC2,90
mp-13570,Mg(ScGa)2,52
mp-569603,BaCa4(CuN2)2,32
mp-30835,TaPd2,83
mp-8208,Mg(PtO2)3,79
mp-3917,Cd2GeO4,34
mp-862290,LiFeRh2,67
mp-2319,P2Os,163
mp-22609,Eu(CdP)2,35
mp-864921,MgZrIr2,82
mp-12956,Yb(FeP3)4,108
mp-12550,AlCuPt2,86
mp-977580,MgSc2Al,51
mp-19713,Sc3In,39
mp-29157,Si3P2Pt,87
mp-862604,Re3Ni,177
mp-11959,CaSn2Rh,35
mp-24289,HPd,44
mp-5690,GdScO3,81
mp-38605,Sn(BiTe2)2,15
mp-505822,TiSiRu,81
mp-5671,Sr(CoP)2,48
mp-7604,Mg3NF3,81
mp-4364,NbGaCo2,85
mp-21301,ScInNi2,53
mp-12480,ScPPt,71
mp-675163,Mn(CuCl2)2,14
mp-20325,Ti3InC,93
mp-8927,TaCuN2,90
mp-22434,HfFeP,127
mp-16254,BaCuP,37
mp-2142,Te2Os,90
mp-952,MoPt2,143
mp-10908,AlRe,96
mp-30423,VAu2,48
mp-761842,Hf3SnO8,81
mp-16272,Ce(FeP3)4,132
mp-771123,ScFeO3,74
mp-8603,RbAgO,11
mp-27438,TlBiTe2,20
mp-5213,CdSnP2,31
mp-22268,ZrPRu,109
mp-30366,Ca3Au,12
mp-865471,VGaTc2,84
mp-865472,VSiTc2,103
mp-345,HfB,96
mp-29615,Ca(MnBi)2,15
mp-644389,Li2H2Pd,32
mp-510311,BaZnPb,21
mp-510409,TiSiNi,106
mp-20424,MgCo3C,116
mp-32679,Nb10C7,135
mp-557291,BaCoF4,25
mp-6459,CaMg(CO3)2,49
mp-569331,Li(Sn3Pd)2,23
mp-22637,HfNbP,103
mp-13070,Sc2AlC,57
mp-4500,ZrNbP,102
mp-28897,BIrPd,80
mp-28896,CuBIr,72
mp-13071,Sc2TlC,54
mp-865432,Y2NiIr,40
mp-22522,ZrSiCu,86
mp-5104,CaZnF4,25
mp-862750,SrNiSn2,27
mp-3886,Zr2AlC,90
mp-865152,MgAlPd2,45
mp-22426,ScSiNi,73
mp-15605,ScSi3Ni2,74
mp-549,ScSb,39
mp-3469,ZrNi2Sb,60
mp-4613,Zr2SnC,80
mp-3464,FeSiRu2,116
mp-19946,YInCu2,34
mp-19940,VAs,91
mp-754711,Nb2Pb2O7,78
mp-865501,V2TcRu,113
mp-31185,MnAlFe2,129
mp-15685,Na2CuAs,20
mp-9472,LiAg2Ge,29
mp-21845,FePd3,76
mp-3155,Sc3FeC4,122
mp-568827,Be12W,159
mp-3158,Li2SbPt,38
mp-20730,HfCo2Sn,80
mp-7421,KZnAs,24
mp-1444,CaCd2,17
mp-862754,PrBS3,25
mp-1078,CaCd2,23
mp-9801,HfCoAs,93
mp-21418,MnSnPt,27
mp-4901,Y2MgCu2,18
mp-861640,Ti2AlRe,77
mp-861641,Ti2CoRe,98
mp-9586,NbSnS2,38
mp-292,V3As,110
mp-9061,KPdF3,23
mp-3595,ZnSiAs2,44
mp-7142,OsC,97
mp-4064,Ca(NiP)2,76
mp-12630,MgSeO4,41
mp-673624,MgNb2(PbO3)3,51
mp-22040,Sn7Ir3,60
mp-865600,Y2IrPd,39
mp-1590,Be12Cr,146
mp-9768,BaSb2Pd,24
mp-999096,Ti2AlCr,55
mp-554813,NbCrF6,34
mp-13453,BePd3,42
mp-571420,Ba(NiP2)2,47
mp-997009,BaAuO2,28
mp-997006,AgPtO2,40
mp-21313,Mn3GaC,121
mp-11520,YNiSb,56
mp-864630,LiMg2Hg,30
mp-568695,CaCdSn,26
mp-865522,YCdAu2,24
mp-865515,YMgZn2,38
mp-1012551,BaBrCl,12
mp-11288,Ca3Hg2,13
mp-35785,Y2CdS4,23
mp-862694,Al2IrRh,98
mp-20440,MnNi2Sn,53
mp-6963,Ba(SbPd)2,23
mp-5676,MnSbPt,31
mp-873,VPd3,85
mp-9289,ZrSnTe,55
mp-863709,Ir3Rh,206
mp-4990,MnSnRh2,59
mp-776150,ScAgO3,54
mp-21883,VGaFe2,124
mp-29209,Ba(MgBi)2,21
mp-10601,Y3GaC,64
mp-22050,Hf2In5,46
mp-28630,Na3BN2,25
mp-675477,Sn4Bi2Se7,23
mp-33997,TaO2F,120
mp-10456,HfSiPt,102
mp-8219,Zr(CuP)2,64
mp-2560,Ti3Hg,51
mp-865138,Hf2MnIr,89
mp-865130,Hf2MoRh,81
mp-8212,Cd(PtO2)3,75
mp-975106,Rb2Bi2O5,39
mp-19146,CrPbO4,19
mp-13472,HfSiRh,99
mp-24148,LiLa2HO3,75
mp-22191,HfFeGe,93
mp-7436,KCuTe,20
mp-865465,VCo2Ge,85
mp-867916,ScGaIr2,89
mp-514,HfZn2,58
mp-1664,V3Pd,77
mp-866154,TiBeIr2,121
mp-3521,NaBF4,13
mp-561511,FeAsS,120
mp-567220,Hf2SbP,75
mp-9075,CdCuF4,31
mp-11444,YGa2Ni,53
mp-570436,CaIr2,61
mp-760492,Na4PtO4,34
mp-11193,VAuS2,58
mp-8830,NaRhO2,68
mp-4316,Sr(NiAs)2,33
mp-4744,Ca(NiAs)2,42
mp-30758,Li2MgPb,26
mp-9307,Ba2ZnN2,26
mp-1648,Al12Re,79
mp-864954,MgMoN2,184
mp-30587,MgInCu4,27
mp-30563,ZrCoSn,68
mp-20987,YZnSn,45
mp-675576,K(FeAs)2,24
mp-24995,PrFeO3,79
mp-8982,CaSiPt,36
mp-8983,CaSiPt,41
mp-11073,Ti3In3Rh2,56
mp-27207,K2MgCl4,11
mp-22490,Sc3(NiGe)4,75
mp-30725,YHg2,30
mp-30494,ScCd3,27
mp-1185,VRh3,162
mp-866279,CaCdPd2,27
mp-866115,Be2PdRh,103
mp-30595,CuSnRh2,73
mp-30593,ZnCu2Ni,68
mp-866224,Be2NiPt,65
mp-865187,MgFeRh2,76
mp-865165,HfScCo2,66
mp-16495,AlCrFe2,102
mp-11549,VPd2,84
mp-754588,ZrBiO4,60
mp-12109,ZrRe2,67
mp-554451,BaFeF4,23
mp-13313,ScTlSe2,26
mp-11293,ZrCdCu2,56
mp-4452,Cd(GaS2)2,23
mp-866073,MgSnRh2,62
mp-864597,LiMgTl2,11
mp-864734,HfInPd2,42
mp-291,TiOs,136
mp-864607,ZrCdPd2,40
mp-864601,LiMg2Rh,37
mp-567244,Mg2Tl,12
mp-568912,Be12Nb,141
mp-5606,AlTlF4,31
mp-24953,DyFeO3,85
mp-34293,CsTaN2,33
mp-766486,LiCuS2,21
mp-570769,CaInCu4,38
mp-7130,ScRu3C,143
mp-9989,Nb2AsC,123
mp-753315,Mg3ZnO4,103
mp-3933,Mg2PN3,90
mp-11958,CaSn2Pd,26
mp-21489,Rb2PbO3,18
mp-13312,ScTlS2,27
mp-4662,ScOF,48
mp-864944,MnBe2Pt,69
mp-864969,Mg2PdRh,55
mp-864957,MnSbRu2,96
mp-5129,Y(CoSi)2,95
mp-1020,TaRh3,157
mp-13311,SrAlGe,35
mp-625150,ScHO2,54
mp-865186,MgGaIr2,97
mp-1232,Mo3Pt,97
mp-772099,Cd(CuO2)2,51
mp-8622,Rb2PtSe2,16
mp-1919,ZrCr2,55
mp-9550,ScMnSi,80
mp-22284,SrInPt,26
mp-5152,La2SiO5,49
mp-13583,Sc2Si2Ru,70
mp-1211,ScCd,38
mp-19821,Cr2GeC,82
mp-20004,Zr2InC,83
mp-862378,Sc2TcAu,49
mp-20315,Ti2InC,97
mp-4883,Ba(FeP)2,58
mp-2968,Sr(MnSb)2,19
mp-5918,Hf2NiP,96
mp-865050,HfMgRh2,71
mp-865043,MgInPd2,44
mp-865030,HfScRu2,82
mp-11445,Y(TiGa2)2,62
mp-29646,HfAs2,76
mp-12699,Ca3Au4,17
mp-19953,ZrSi2Cu,91
mp-669692,NbPd3,81
mp-862423,Sc2TcPd,51
mp-910,NbC,201
mp-862367,Sc2NiRu,57
mp-10133,Sc3BPb,66
mp-1008866,NaAgO,25
mp-15845,SrLi4N2,32
mp-756683,HfBiO4,64
mp-20740,Tl4Te3Pb,13
mp-3732,Ti2CS,136
mp-2730,HgTe,14
mp-672299,YInNi,37
mp-11272,Be2Nb3,79
mp-774712,LiCuS,17
mp-861658,LiMnPt2,59
mp-867881,ScTlRh2,62
mp-9592,Yb(MnAs)2,39
mp-567197,YSnAu,43
mp-457,CeBe13,118
mp-2444,GaRh,64
mp-21297,LiSn4Ru,47
mp-20800,ZrIn2,45
mp-568469,Ca4TiN4,46
mp-776165,AgAuO3,56
mp-555391,NaVF3,35
mp-643273,NaH2Pd3,42
mp-21316,TaSiIr,127
mp-754478,HfZrO4,110
mp-21467,TiCo2Sn,77
mp-5350,Zn(GaS2)2,31
mp-997010,TlAgO2,24
mp-865560,Y2AlZn,44
mp-865569,Ti2MnIr,100
mp-570578,ZrIn3,51
mp-5597,Ca(FeP)2,87
mp-23141,Sr5P3BrO12,35
mp-607475,Zr4In5Co2,54
mp-996161,Nb3AlC2,137
mp-31459,TaCoSb,63
mp-11263,Zr3Au,55
mp-8402,RbMgF3,42
mp-20268,TiGePd,71
mp-3277,BAsO4,44
mp-21124,SrIn4Pt,28
mp-20551,GaCo2Ni,71
mp-5436,FeCo2Si,99
mp-11286,CaHg,21
mp-3207,Sr(NiGe)2,38
mp-24237,ScH2,65
mp-4604,Li7VN4,75
mp-559276,AlBPbO4,57
mp-865123,MgGaPd2,43
mp-505803,MnFeAs,43
mp-24848,DyCoO3,66
mp-553991,Ti(GaO2)4,75
mp-8279,Ba(CdP)2,33
mp-864896,Zr2CoTc,71
mp-7892,Mn2AlB2,161
mp-864951,MnAlOs2,150
mp-865494,V2CrRu,111
mp-865548,TiInCo2,70
mp-22489,HfSiCu,87
mp-866080,MgSc2Tl,37
mp-866081,MgSc2Os,25
mp-7361,Sr(CoGe)2,53
mp-8308,Ca3Ni7B2,55
mp-8311,Si3NiP4,63
mp-615314,ScCoC2,109
mp-31169,ScAlAg2,35
mp-14115,LiRhO2,53
mp-29754,SrLiN,30
mp-4192,Ca3AsN,45
mp-571428,MgNi3B2,93
mp-30744,IrW,185
mp-16336,Zr2Fe3Si,95
mp-13520,Na2ZnGe,17
mp-568280,Ba(NiAs)2,29
mp-542136,Na3PSO3,21
mp-1014251,HfZnN2,92
mp-570213,LiMgBi,22
mp-21104,Hf5Sn3,49
mp-8996,Sc3RuC4,114
mp-12798,Ni3Pt,98
mp-2598,Ta5Sb4,65
mp-2857,ScN,156
mp-5163,LaRhO3,64
mp-570963,TaCr2,88
mp-862424,Sc2TcNi,54
mp-567842,TaBe12,145
mp-754157,AlInO3,90
mp-865586,VGaRu2,112
mp-865499,V2TcOs,130
mp-9888,Ir3Se8,58
mp-559408,NiPbF6,29
mp-4448,Y3AlC,64
mp-862589,Re3Pt,203
mp-570485,SrAlSiH,43
mp-866139,TiBe2Ir,91
mp-974625,Re3Ru,189
mp-753826,LiCuS,32
mp-697126,Ca4(H4Rh)3,42
mp-12696,YMgPd,21
mp-7644,LuAsO4,71
mp-864807,HfZnNi2,52
mp-9985,NbNiB,145
mp-10063,CdSnSb2,19
mp-540912,As3Ir,84
mp-11533,ZrZnNi4,73
mp-973024,La3Hf,23
mp-10069,Ce(P3Ru)4,110
mp-11582,LiGaSe2,18
mp-4009,BaPdS2,18
mp-3791,ScCo2Sn,76
mp-31451,ZrCoBi,64
mp-12697,Sc(MnSn)6,72
mp-504677,SrPbF6,17
mp-864651,Ta2NbRu,93
mp-862334,Sc2IrRh,67
mp-3103,Nb4AlC3,146
mp-643002,Mg2H6Os,54
mp-31116,LaScO3,79
mp-570698,V3Au,54
mp-30404,Li2SbAu,28
mp-30405,Li2SnAu,31
mp-1526,TiHg,53
mp-861978,Hf2ReIr,106
mp-550306,YCu2Bi2(SeO2)2,36
mp-25172,Ba3WO6,39
mp-15053,Y(PdO2)2,62
mp-8182,As3Rh,72
mp-1472,ZrB2,229
mp-7914,NaScO2,75
mp-620571,CaInPd,24
mp-561317,Rb2NiF4,21
mp-19817,Y3InC,63
mp-867266,CaMgTl2,16
mp-1994,HfB2,246
mp-1239,Sb3Ir,60
mp-998527,NiBiO3,56
mp-21090,MnNiGe,63
mp-864877,Hf2CoRe,89
mp-14790,Ge(Te2As)2,19
mp-618309,Bi2AuO5,52
mp-568920,CaAu5,28
mp-643370,Ba2MgH6,31
mp-20007,MnNiGe,64
mp-33683,AgSbSe2,23
mp-11471,ScHg,34
mp-18300,Ca3AlSb3,23
mp-861656,Ti2CrIr,80
mp-764634,Li2CoSiO4,38
mp-21503,YMgIn,41
mp-15805,Mn3ZnN,115
mp-31458,TiSbRu,33
mp-5778,AlVFe2,137
mp-862376,Sc2TcCu,48
mp-867327,Hf2TcRu,94
mp-862363,Sc2PdPt,42
mp-862374,CdInPd2,37
mp-862336,Sc2IrPd,48
mp-4852,Ni(RhSe2)2,34
mp-862369,Sc2RuIr,70
mp-862375,Sc2TcHg,30
mp-867148,LiHfRh2,57
mp-5342,GaAgS2,23
mp-22958,KBrO3,10
mp-20757,MnAlGe,67
mp-4536,ScNi2Sn,55
mp-568961,Ba(FeAs)2,44
mp-865179,Hf2FeOs,96
mp-399,Te2Pt,33
mp-6669,Sr5P3O12F,39
mp-31080,YAlSi,64
mp-570632,ScBi,33
mp-4763,ZnSiP2,56
mp-2676,TaBe2,118
mp-2028,Be2Nb,103
mp-7191,Sr3GaN3,38
mp-559092,ScF3,54
mp-22722,NbSiPd,85
mp-11984,YMgTl,40
mp-20724,Mg2Pb,21
mp-4836,Yb(MnSb)2,19
mp-866001,AlVRu2,124
mp-865051,NaCa2Tl,17
mp-865650,Ti2TcRu,97
mp-8221,ZrAsRu,84
mp-5292,Ca(SiNi)2,58
mp-2385,TaCr2,84
mp-569779,ScSbPd,47
mp-13452,BePd2,70
mp-18848,Sr2MgWO6,82
mp-862337,Sc2InAg,37
mp-1786,Ti3Au,72
mp-7544,ZrSiRu,102
mp-22400,MnCu2SnSe4,21
mp-752685,ZrBiO4,53
mp-1014244,ZrZnN2,85
mp-560530,Nb2Cd2O7,46
mp-4368,SbPdSe,32
mp-546011,YZnAsO,39
mp-15687,KZnAs,24
mp-867272,LiAlCu2,51
mp-867172,SrMgTl2,10
mp-862445,TaAlOs2,143
mp-5693,NaCrS2,38
mp-862679,TaZn2,89
mp-639659,InCuPt2,64
mp-10470,NbSiRh,115
mp-568587,CrCuSe2,32
mp-13109,SrHfO3,90
mp-11113,TiTeAs,69
mp-20197,Cr2GaC,117
mp-865110,NaMgTl2,13
mp-20581,Ca3In,16
mp-7427,Ba(ZnAs)2,29
mp-2083,Sn2Ir,36
mp-865517,YZnRh2,42
mp-31187,TiAlFe2,106
mp-3839,GaCuTe2,26
mp-20279,NbInSe2,27
mp-3104,BaZrN2,45
mp-752953,ZrTi2O,73
mp-571264,Ca5Au4,16
mp-3021,Tl(FeSe)2,23
mp-5538,YSnPd2,25
mp-13513,SrNiGe2,38
mp-8280,Ba(MgAs)2,33
mp-10371,Cr2GaN,79
mp-1008835,OsC2,205
mp-552454,SrTaNO2,121
mp-866219,HfSnRu2,109
mp-11285,Ca3(GaNi)4,35
mp-13097,NaZnAs,23
mp-865484,V2CrRe,115
mp-865091,HfMnRh2,72
mp-12906,Sr3CrN3,29
mp-9898,BaCuAs,34
mp-15783,KSmS2,27
mp-11738,Na3PS3O,13
mp-16733,Sc2GaC,53
mp-12675,MnAu,44
mp-4846,MnSbRh,31
mp-568711,VPd3,86
mp-863727,LiTiRh2,62
mp-4259,Ca(CoGe)2,60
mp-752947,NaTiS2,37
mp-20949,MnSiNi,90
mp-865921,MgAlIr2,108
mp-865916,TiVRe2,116
mp-865914,TiVTc2,97
mp-7483,KHgF3,16
mp-865989,Al2RuIr,125
mp-1016200,MgGeAs2,27
mp-862300,Sc2GaOs,52
mp-16358,ZnNi2Ge,48
mp-9257,Yb(CdSb)2,22
mp-25119,VPbO3,44
mp-23954,Na2H2Pd,18
mp-1089,TiIr3,176
mp-5479,RbAlF4,33
mp-35869,TiNbN2,157
mp-864835,Hf2CoIr,46
mp-567612,ScOs2,66
mp-11313,ZrCd3,35
mp-865001,HfScOs2,93
mp-570713,TiAlPt,57
mp-22592,CaTi4(CuO4)3,107
mp-12537,Ti2GaC,109
mp-16290,ZnNi3C,69
mp-1073,CaCd,19
mp-20479,SrIn4Ni,28
mp-8277,Sr(CdP)2,34
mp-973983,NiPd3,46
mp-4730,Ga2HgSe4,20
mp-9247,Ba(CuAs)2,32
mp-945184,YCuTe2,23
mp-13082,Mn2CoSi,106
mp-10755,TiFeSb,53
mp-17701,Sr2NbN3,39
mp-7431,Sr(ZnSb)2,20
mp-16648,LiSn4Rh,41
mp-11486,Y2(Al3Co)3,76
mp-2399,YHg,28
mp-2398,ScSn2,36
mp-558137,AlBPbO4,54
mp-28044,TmCl3,16
mp-3881,BaZnF4,25
mp-22493,YInAu2,25
mp-10694,ScF3,54
mp-8606,BaSbPt,23
mp-20539,ScIn3,21
mp-35777,Mg(InTe2)2,13
mp-18513,Ba2MnSe3,20
mp-862747,Sr2PtAu,22
mp-23562,KIO4,11
mp-566279,TmFeO3,76
mp-571367,Hf(CoSi)2,107
mp-5929,Na5SiP3,18
mp-690110,VMoO5,53
mp-13495,ZrPd,43
mp-4908,Y(CoGe)2,69
mp-5541,ZrVSi,93
mp-10054,ZrAs,70
mp-20595,Eu(AlSi)2,41
mp-16718,Al6Tc,69
mp-649479,Ca5(InSb3)2,21
mp-637771,ZrInNi4,67
mp-861639,Ti2CoIr,68
mp-22056,YIn2Ni,44
mp-755318,ScHO2,69
mp-866165,YMgRh2,48
mp-865728,Ti2ReNi,80
mp-768479,YScO3,70
mp-10113,ScBIr3,126
mp-7591,GeAs,44
mp-5501,Tl(CoS)2,28
mp-9615,LiTiS2,49
mp-867701,Li6CuS4,13
mp-8016,AlCuSe2,30
mp-865893,LiZr2Tc,31
mp-12593,ScIr3,124
mp-13172,YMgCu4,43
mp-31454,TaSbRu,70
mp-12360,AgSbTe2,19
mp-27731,HfH2,41
mp-4899,GaAgTe2,18
mp-24951,YbFeO3,78
mp-21035,Sc3PbC,76
mp-865094,HfNbTc2,95
mp-30555,TaGaCo2,92
mp-12762,PrB6,130
mp-570155,PtN2,180
mp-2501,BMo2,142
mp-989635,CaMoN3,48
mp-867306,AlCuAu2,39
mp-5443,Nb2SnC,80
mp-4893,Hf2SnC,87
mp-865986,Li2CaGe,28
mp-865482,VTc2Ge,93
mp-569788,LiZnGe,34
mp-864614,LiMg2Pt,37
mp-2949,Ca(NiGe)2,41
mp-29638,BiTePt,33
mp-19807,Co3(SnS)2,57
mp-867123,TaTiOs2,104
mp-20459,TiPbO3,46
mp-561894,Ba2CoMoO6,66
mp-14753,Li7TaN4,69
mp-754128,Ba3Hf2O7,72
mp-998234,CsTlF3,18
mp-13203,ScCuSn,55
mp-865926,Cd2PdRh,53
mp-865900,Ti3Tl,62
mp-4262,BeAlB,134
mp-22673,MnInCu2,47
mp-862311,Sc2GaRu,42
mp-16765,Zr2Te2P,24
mp-754086,Li2CuS2,12
mp-867168,Sr2SbAu,24
mp-697096,Na2H4Pt,13
mp-23752,Cs2MgH4,12
mp-862312,LiBePd2,60
mp-864661,ZnCuPd2,61
mp-8697,ScBO3,83
mp-866650,La2Si4CN6,83
mp-9565,Ca(MgSb)2,26
mp-769970,ScFeO3,75
mp-9569,Ca(ZnP)2,47
mp-3385,Sr(PPd)2,50
mp-862684,LiHf2Os,54
mp-861908,TaTiRu2,80
mp-29674,Al2B2Ru3,106
mp-13240,ScInCu4,58
mp-863659,LiScHg2,22
mp-862911,Ti2CoTc,97
mp-7907,Al2ZnSe4,26
mp-755018,RbTaO3,69
mp-9964,Ti3TlN,49
mp-19991,SrIn4Pd,25
mp-27360,ReBiO4,71
mp-11490,Li2ZnSn,30
mp-866141,TiFe2Si,146
mp-977382,Ta2VRu,86
mp-10667,SrAgP,35
mp-755450,La2Ce2O7,60
mp-13920,Ba(ZnSn)2,24
mp-22253,Zn(InS2)2,19
mp-865747,Y2MgGe2,57
mp-3679,NiSbS,51
mp-8670,Ca3CrN3,51
mp-3623,MnAlCo2,114
mp-30805,SrNiSn3,26
mp-13100,MoPt3,108
mp-7426,Ba(ZnP)2,31
mp-13962,HfSiSe,77
mp-10706,ZrRu3C,159
mp-10712,ScRh3C,91
mp-3378,SrHfO3,91
mp-29633,LiGePd2,41
mp-30437,CaSnPd,26
mp-4661,ScOF,66
mp-30452,DyNiBi,50
mp-21235,Mn2VGa,91
mp-30444,Be22W,150
mp-11696,As3W2,82
mp-861958,Ti2MnBe,54
mp-2031,Be2Cu,126
mp-31301,LiSn4Au3,19
mp-542583,EuTe,25
mp-865003,Be2IrPd,114
mp-569364,Be22Re,153
mp-9571,Ca(ZnAs)2,37
mp-998147,TlCuCl3,18
mp-9567,Ba(MgSb)2,25
mp-21440,NbCrGe,99
mp-861983,Ti2MnFe,83
mp-11697,TaSb2,75
mp-11693,TePt,23
mp-541047,ZrAlPd2,16
mp-867127,ScCdAg2,34
mp-1220,Be5Au,120
mp-989399,Ca6Al2NF,25
mp-867119,LiHfPd2,23
mp-867117,Sc2CuPt,43
mp-30816,Li2AlPd,35
mp-570845,Zn(GaNi)3,64
mp-30787,MoRh3,127
mp-9321,Ba2HfS4,32
mp-861875,LiHf2Re,48
mp-865385,V3Re,73
mp-973935,OsN2,160
mp-9295,TaCu3Te4,20
mp-29733,MgNiBi,33
mp-505804,Ti2CuSb3,52
mp-546125,ScAsO4,72
mp-20817,GePtSe,68
mp-39105,MgTa2N3,202
mp-3676,MgCu4Sn,55
mp-10884,AlFeCo2,107
mp-865049,HfMgPd2,40
mp-998344,CsAgBr3,11
mp-862473,Sc2AgRu,39
mp-12778,VOs,118
mp-865044,MgInIr2,83
mp-16343,LiInGe,33
mp-1008556,AlGaN2,122
mp-1008557,AlBN2,185
mp-10245,Hf3(SiCu)4,86
mp-1432,Be2B,99
mp-768305,Sr2HfO4,74
mp-1932,Nb3Os,97
mp-20679,Co3SnC,79
mp-9582,Yb(ZnP)2,50
mp-4002,Li2ZrF6,37
mp-864938,Mg3Tl,13
mp-864897,Zr2CuOs,50
mp-866218,Ti2MnRh,85
mp-865649,Ti2TcRh,97
mp-11754,Sc6Te2Os,35
mp-504908,In2TeO6,60
mp-865278,NbAlOs2,130
mp-22660,InAgO2,40
mp-11482,MoIr3,189
mp-582227,Eu(MnSb)2,20
mp-866188,TlCdRh2,56
mp-550436,V2CdO6,45
mp-10777,RbCeSe2,20
mp-1649,Fe3Pt,50
mp-4666,CdSiP2,42
mp-24934,InFeO3,68
mp-7434,NaCuTe,16
mp-1609,Cr3Ir,106
mp-9517,SrTiN2,62
mp-3503,Li6WN4,68
mp-568661,Cd(InSe2)2,16
mp-866166,Y2RuPd,39
mp-4359,Sr2PdO3,60
mp-867107,BeSiOs2,140
mp-31453,NbSbRh,41
mp-20265,LiIn2Pt,34
mp-568424,CaAlAu,31
mp-675,ZrW2,87
mp-3441,Y(SiRh)2,90
mp-865655,TiNbTc2,98
mp-15641,CaMgGe,38
mp-15643,SrMgGe,33
mp-643260,Na2H4Pd,13
mp-4653,Y(SiIr)2,105
mp-867212,TcOs3,244
mp-4574,YbTaO4,40
mp-11360,ScGaCu2,40
mp-4798,Sc(AlC)3,139
mp-10608,Y3SnC,63
mp-20133,NbCrN,165
mp-16493,YAl2Co,49
mp-11022,ScAgO2,52
mp-31383,Hf6CoBi2,61
mp-571147,Hf(SiNi)2,78
mp-861979,Ir2S3,91
mp-7876,Ba(MgGe)2,34
mp-21371,VCoSi,116
mp-11361,MgCuSn,30
mp-11798,Fe3Pt,49
mp-864898,Na2TlBi,17
mp-20452,Ba(MgPb)2,19
mp-600124,MnNiSb,47
mp-12635,TiAu4,45
mp-6908,YMgZn,33
mp-761390,TaFeO4,106
mp-1438,ZrIr3,161
mp-18093,Al2Mo3C,87
mp-6915,As2PdO6,76
mp-15986,Hf(CuP)2,67
mp-19835,Nb2InC,97
mp-9954,HfAs,73
mp-1936,TaAs,102
mp-13108,SrHfO3,91
mp-10739,TiPRu,104
mp-13364,CaZn2,28
mp-557862,BaAg2(HgO2)2,18
mp-866284,Al2IrOs,128
mp-5223,GdAlO3,111
mp-768358,ScInO3,61
mp-21171,MnGaCo2,98
mp-10797,CaSiNi2,43
mp-21306,TiCoSi,102
mp-20192,HfMnSi,96
mp-10895,Mn2AlV,102
mp-22287,NbGeIr,95
mp-20619,SbRh,60
mp-561442,Y2Hf2O7,96
mp-8648,TiFeSi,113
mp-21336,TaFeP,144
mp-865185,Mg(BeAs)2,49
mp-4720,Si2Ni6B,88
mp-833,CaPd2,38
mp-10892,MnAlPt,47
mp-10891,MnAlPd2,50
mp-16305,ScPRu,103
mp-20436,TaSiRh,121
mp-27562,Na2Pd3O4,43
mp-30459,ScNiBi,53
mp-3161,LiAlSi,56
mp-865021,Be2RuPt,106
mp-1009750,ScN,51
mp-10044,BAs,126
mp-34903,MgGeP2,34
mp-27471,NbPS,77
mp-22792,MnTePd,21
mp-16740,TiGePd,62
mp-549158,InCuO2,43
mp-20001,SrSnPt,29
mp-864670,Ta2VOs,97
mp-675568,Co2SbTe,61
mp-15686,Li2CuAs,39
mp-5396,MnCo2Sb,78
mp-20930,InCuO2,43
mp-4909,V2NiS4,60
mp-21340,HfGePt,80
mp-865780,TiMn2Ga,82
mp-570428,Sc3In,38
mp-9916,NbCrSi,122
mp-22790,VGaCo2,93
mp-11593,CeB2Ir3,129
mp-10314,Yb(ZnAs)2,39
mp-31452,ZrNiBi,40
mp-13853,P3Ir,114
mp-20832,Zn(InTe2)2,16
mp-11822,Ca3GeN,36
mp-22152,NaFeAs,35
mp-17875,Ca6GaN5,37
mp-547622,Pm2O3,56
mp-4938,ScCo3B2,132
mp-8459,CdSO4,27
mp-862553,Sc2BeRu,50
mp-9383,SrHfN2,117
mp-9381,Zr6FeTe2,60
mp-22793,AlFe3C,106
mp-865011,Mn2NbAl,102
mp-4897,ScSnPd2,40
mp-20952,TiNiSb,57
mp-30834,SrSn3Pd,16
mp-30570,CrGaFe2,67
mp-7574,AlBMo,143
mp-865603,Y2IrRh,47
mp-864989,Mn2AlRe,130
mp-569383,Ca5(CoN2)2,34
mp-19833,InAgS2,17
mp-15803,Y2MgSe4,20
mp-10184,MgSbPt,35
mp-862556,ScSiPd2,15
mp-2930,Mn3ZnC,72
mp-2025,HfBe5,124
mp-7364,Ca(SiAu)2,37
mp-21474,Eu(MnP)2,57
mp-864839,Zn2PdRh,69
mp-866077,MgSc2Cd,40
mp-19069,NiAgO2,48
mp-8772,ScB12,195
mp-7204,CaZnSO,33
mp-998201,RbAgCl3,13
mp-12674,MnAu,44
mp-865936,LiSc2Tc,33
mp-865931,Ti2TcPd,64
mp-865929,Cd2RhPt,55
mp-864939,Hf2CuIr,47
mp-996990,BaAgO2,46
mp-864974,Hf2CuOs,62
mp-569125,Mg3In,17
mp-266,Zr2Pd,51
mp-903,ZrCr2,56
mp-10165,KAlTe2,11
mp-16356,TiNiGe,85
mp-706272,Sr3FeN3,34
mp-624492,Li(Fe3Ge2)2,67
mp-866155,TiAlRu2,87
mp-30719,Mg2Hg,17
mp-10849,AsPdSe,36
mp-754779,Li2NbS3,31
mp-998552,BaHfO3,103
mp-30147,ZrTiAs,76
mp-10909,AlRe2,149
mp-20329,InAgO2,40
mp-568803,Mg(B6C)2,218
mp-865448,TiGaRu2,87
mp-10181,LiSiNi2,69
mp-5498,Ca(MnAs)2,37
mp-569600,Ge3As4,29
mp-505554,Sc(FeSi)2,112
mp-9814,Cu3SbSe4,22
mp-18740,V2Cd2O7,27
mp-415,IrN2,221
mp-9124,LiZnAs,40
mp-16238,Li2AgSb,30
mp-1008506,BaGaSiH,40
mp-22607,Zn(InSe2)2,18
mp-769365,ZnSeO4,25
mp-9029,Ca3VN3,50
mp-867829,LiVRh2,82
mp-27512,Cr2NiS4,62
mp-11202,Y6FeSb2,35
mp-2979,ZnGeN2,96
mp-16528,Al6Re,71
mp-561238,AlFeF5,56
mp-865594,Y2CuIr,38
mp-580234,Fe3RhN,84
mp-5259,RbAlF4,32
mp-29259,Bi2PdO4,24
mp-30177,Y(Al2Cr)4,80
mp-30175,Ca(AlZn)2,37
mp-30773,MgNi2Sb,45
mp-866069,MgScRh2,58
mp-12908,ScAgSe2,21
mp-7940,KNbSe2,36
mp-510691,Hf5Sn4,64
mp-569267,Ca2CdSb2,22
mp-22220,LaLuO3,72
mp-864857,NbZnCo2,69
mp-865146,MgAsPt5,72
mp-10666,Mn3AgN,78
mp-865280,NbAlFe2,124
mp-13914,LiCo2Ge,97
mp-16260,Ca(GePd)2,27
mp-30821,LiAl2Rh,69
mp-558811,PtS,40
mp-864988,Mn2AlCr,104
mp-864980,MnAlRu2,131
mp-867249,TaAlFe2,137
mp-10996,Yb(MgSb)2,28
mp-754567,NaCdO2,31
mp-14070,RbAlO2,52
mp-21662,TiFeSi2,116
mp-861625,LiZnAg2,29
mp-867233,Sc2ZnIr,46
mp-28884,Cs(FeAs)2,27
mp-16483,BaAl9Fe2,48
mp-867258,LiZnPd2,49
mp-19238,Co(PtO2)3,79
mp-3315,CaPd3O4,56
mp-865155,MgAlRh2,85
mp-561419,V2FeS4,75
mp-862691,Al2FeCo,119
mp-862699,ScTaOs2,123
mp-865768,Ti2MnOs,91
mp-866376,TiMn2Ge,94
mp-867271,Be2CoNi,126
mp-864840,NbZnRu2,81
mp-862368,Sc2NiPt,46
mp-5967,TiCoSb,76
mp-19726,Sc3InB,54
mp-5090,Ti2FeSe4,43
mp-865641,Y2NiRu,41
mp-867273,Be2CuIr,82
mp-867275,BeVOs2,114
mp-865792,BeSiNi2,83
mp-867771,TaCuRh2,75
mp-31055,Sc3InN,81
mp-4471,ScAlO3,119
mp-5042,YTiGe,52
mp-867252,LiZn2Ni,50
mp-4524,ZnGeP2,51
mp-864903,MgTaRu2,87
mp-864895,Be2NiRh,107
mp-864992,MnNbRu2,93
mp-866114,HfTc2W,123
mp-28645,CaNiN,61
mp-862486,Sc2AlOs,52
mp-7438,KZnSb,19
mp-19747,Ni3(PbSe)2,23
mp-2263,ScIr2,104
mp-4584,Tl3BO3,11
mp-865656,TiMn2W,126
mp-862781,AlCrRu2,113
mp-752881,Li2CuS2,20
mp-1321,CdSb,18
mp-867928,ScGaRh2,78
mp-996162,Nb2AlC,115
mp-25689,FeBPbO4,44
mp-12521,SrNi3Ge2,35
mp-13090,YMgAl,45
mp-862364,Sc2OsPt,71
mp-864933,Mg2AgRh,37
mp-10850,SbTePd,32
mp-8161,CaPdF4,32
mp-861662,CaZrRh2,40
mp-865462,MnV2Os,115
mp-16916,Ca6FeN5,37
mp-11700,BaCuSb,29
mp-29153,Zr2NiP,85
mp-20408,InGaTe2,13
mp-21359,SbRh2,52
mp-865048,TiZnIr2,107
mp-862287,BeAlRh2,104
mp-30073,La(FeSb3)4,58
mp-571599,Ba(BiPd)2,20
mp-22736,InCuS2,28
mp-862737,LiHgPd2,25
mp-15963,HfPRu,96
mp-4840,GaCuSe2,30
mp-862602,ScAlCo2,91
mp-5146,Zn(RhO2)2,59
mp-14208,LiYSi,49
mp-8236,Ba(PPd)2,33
mp-4697,Zn(CrSe2)2,32
mp-571263,KIn9Co2,30
mp-8307,CaNi4B,62
mp-864997,LiSiPd2,48
mp-862565,ScBr2,20
mp-11818,BaZnGe,29
mp-866298,BaNaScSi2O7,48
mp-861733,LiTePd2,27
mp-568077,TaFe2,93
mp-865671,Y2ZnIn,36
mp-15901,Li2LaTa2O7,73
mp-16245,CaSbAu,25
mp-867795,ScNbTc2,67
mp-14476,LiRhO2,46
mp-672340,LiIn2Ru,48
mp-2039,ScMn2,40
mp-4842,Al2ZnS4,49
mp-34579,Na3HfF7,18
mp-862711,Sc2CdIn,41
mp-11834,CuNiSb2,39
mp-505297,NbSbRu,66
mp-675009,Y4CuTe8,25
mp-8256,ZnPtF6,28
mp-19284,NiAgO2,46
mp-7942,NaTiS2,39
mp-4989,CrNiAs,61
mp-17577,Ca6MnN5,40
mp-20102,Gd(PdO2)2,57
mp-864772,LiSc2Au,43
mp-6919,ScSnAu,38
mp-4083,MgCuAs,36
mp-865308,Be2CuRh,78
mp-30921,Y6CoBi2,25
mp-867901,ScTaTc2,75
mp-861637,Ti2AlTc,63
mp-20255,TiSiCu,80
mp-770881,Mn2BeO4,39
mp-862632,LiCa2Al,22
mp-30727,MgCdAg2,32
mp-865160,MgGeIr2,80
mp-669918,VSnRh2,79
mp-862700,AlVOs2,140
mp-11259,TiAu,47
mp-2932,Y2Si4Mo3,99
mp-865877,Ti2RePt,81
mp-866164,YMgHg2,26
mp-3532,CrAgSe2,24
mp-989524,LaWN3,73
mp-22312,Nb4FeSi,84
mp-556546,K2NiF4,25
mp-680932,OsPbO3,75
mp-865512,YMgCd2,29
mp-672259,AlFe2Mo,84
mp-600862,GdFeO3,72
mp-11201,Sc6FeSb2,46
mp-864762,LiMg2Zn,33
mp-865870,LiZr2Os,50
mp-11430,Ca3Al7Ag2,40
mp-11023,ScAuO2,51
mp-865442,TiAlOs2,109
mp-560976,KNiF3,41
mp-18971,Mn(PtO2)3,75
mp-5075,Sc3CoC4,121
mp-867262,ScTc3,92
mp-867507,TaGaFe2,125
mp-5749,Cr2FeSe4,35
mp-1016874,SiHgO3,99
mp-1017556,CuNi3N,72
mp-1017447,HgGeO3,71
mp-9573,NaBeAs,39
mp-12927,Ba(BeN)2,69
mp-282,TiF2,56
mp-1018022,NbInS2,34
mp-1018783,LiBeB,78
mp-3164,BaSO4,20
mp-1018850,OsC2,217
mp-1018770,Li3PrBi2,30
mp-1019508,AlGa3N4,117
mp-1019743,Ga3BN4,140
mp-862798,Pt3W,125
mp-1020059,LiGe2N3,87
mp-867109,ScZn2Ag,44
mp-866079,MgSc2Ru,18
mp-862432,Sc2AgIr,38
mp-20621,NbInS2,32
mp-10312,HfVGe,89
mp-16482,TiAlAu2,39
mp-574025,HfInAu2,36
mp-1023127,Ba4Cu3PbO9,45
mp-1022726,Ba2CuH6,24
mp-1024067,Na2ZnS2,15
mp-9564,Ca(MgAs)2,36
mp-9306,Sr2ZnN2,38
mp-29009,Li2MgBr4,12
mp-288,PtS,40
mp-3668,CdGeP2,37
mp-7589,Mg2NF,76
mp-7017,NaNbN2,103
mp-8389,Na6ZnS4,15
mp-608,TiCo3,91
mp-20711,Fe3Ge,80
mp-1010071,CrCo,115
mp-2726,SrCu5,30
mp-1025517,Ti2InN,85
mp-864935,MgAu3,30
mp-19331,MnNiO3,89
mp-865373,YCo,25
mp-20174,Ni3Sn4,49
mp-644500,Zn7Mo,50
mp-864931,MgCo2,57
mp-865611,MgRh3,87
mp-1573,Sn2Pd,31
mp-27930,Li7Si2,30
mp-600561,LiRh,58
mp-510589,MnCuO2,48
mp-865166,HfPd5,73
mp-21286,MnCoGe,64
mp-866083,Zr3N2,116
mp-861936,LiPd3,46
mp-866086,MgSiIr2,88
mp-10255,Nb3B4,200
mp-861931,LiPt3,88
mp-30580,SrGaCu2,31
mp-865990,Y3Al7Cu2,63
mp-15397,Ti7Al2O15,89
mp-16321,SrCuP,47
mp-16506,Li3Al2,41
mp-865585,VGeRu2,100
mp-1104,LaMg,25
mp-1025550,Ti2GaN,109
mp-11687,VTe2,22
mp-16318,RbTiS2,31
mp-603930,MgSiO3,62
mp-7463,Cu3P,41
mp-985287,AgAu3,24
mp-33032,La2O3,43
mp-19761,LaGe2,22
mp-862259,Sc3Al,42
mp-34109,LaMnO3,61
mp-866186,Ti3Zn,55
mp-7598,NbAs2,92
mp-552265,Bi2SeO2,26
mp-5229,SrTiO3,110
mp-37307,Na(WO3)2,129
mp-971911,ZnN,26
mp-27705,Li2Si,27
mp-865425,ZnPd3,48
mp-635713,TiZnO3,28
mp-978270,MgZr3,35
mp-1147,Ti3O5,79
mp-866022,CdPt3,53
mp-29900,NiGe2,48
mp-21040,Zr2Fe3Ge,90
mp-2884,Cs2Mn3S4,12
mp-1009832,TaC,81
mp-556076,Sr2Co2O5,47
mp-25542,LiMnO2,53
mp-632311,Ta2H,65
mp-571030,TlPd3,44
mp-1025441,Ta2AlC,124
mp-1699,AlCr2,103
mp-1001916,HfN,88
mp-24844,MnCoO3,72
mp-3740,TiNi2Sn,50
mp-562468,TiF3,55
mp-4321,MgSiO3,76
mp-567303,Li2MnP2O7,36
mp-1025170,Ti3B4,216
mp-30766,Li5Sn2,29
mp-30765,LiPt7,85
mp-1327,NdMg,27
mp-19279,Li2MnO2,64
mp-279,LiIr,83
mp-865362,Zn3Ir,62
mp-21237,CoGe,85
mp-547956,MnV2O6,33
mp-754752,NbNO,66
mp-12335,MnCN2,39
mp-1007974,CrNi3,107
mp-5862,CrCuS2,42
mp-863720,HgPd3,38
mp-754718,NaCuO2,24
mp-576,B13C2,165
mp-1898,CeSi2,49
mp-976976,MgPd5,41
mp-1025500,ZnCu2SnS4,32
mp-1025456,CaZrF6,33
mp-17383,Ni2Ge,45
mp-864941,MgSc2,28
mp-21863,Pd3(PbS)2,21
mp-30418,SnAu5,19
mp-19366,Lu(FeO2)2,58
mp-863677,PmCu3,27
mp-865960,CoRe3,163
mp-542106,SbPd2,41
mp-27276,Si12Ni31,68
mp-864909,HfAlRu2,80
mp-864745,Na3ZrF8,17
mp-569270,V3B4,234
mp-557837,SiO2,33
mp-11807,LiPt,59
mp-31152,CaGaPt,25
mp-644311,CuPt,80
mvc-3245,Sr2FeSO3,14
mp-985583,Li3PS4,12
mp-3830,NiAsS,59
mp-20059,ZrMnGe,74
mp-13641,TiCdO3,53
mp-24082,Ta2H,68
mp-12741,MgPd2,47
mvc-13303,VN,111
mp-4571,CaZrO3,86
mp-861,Hf2Ni,23
mp-973092,ScCu3,40
mp-1961,TiAg,45
mp-1008798,ReN2,134
mp-1001581,LiC6,198
mp-676416,V2CN,191
mp-628,Zr2Co,23
mp-8200,AgP2,30
mp-517,TaSi2,143
mp-36,Sc,24
mp-16960,AlPt2,87
mp-218,Sm2O3,55
mp-2379,CoSi2,68
mp-565,Sn2Rh,47
mp-2345,Dy2O3,64
mp-8045,V5P3N,96
mp-3660,LiB3O5,53
mp-29896,Y2B3C2,100
mp-549166,SiO2,46
mp-830,GaN,113
mp-5699,K2CuF4,19
mp-2700,CaSi2,47
mp-2705,VPt3,117
mp-766,As2Ru,110
mp-1885,AlIr,116
mp-11307,MgCd,20
mp-9945,CoTe2,46
mp-2243,NbS,96
mp-1873,ZnF2,39
mp-20050,InP3,26
mp-551,BaAl2,32
mp-1335,VFe,62
mp-2640,TbAs,55
mp-998,Al2Cu,43
mp-1352,ZrN,148
mp-9563,Li2Sb,26
mp-1915,Fe2B,145
mp-2845,SbPt,32
mp-438,Nd2S3,36
mp-30892,Ba4Bi3,12
mp-11407,GaPt3,80
mp-5019,YCo3B2,125
mp-736,Li3P,36
mp-2229,ZnO,68
mp-11248,LiAu3,26
mp-545820,SnO,30
mp-892,ScPt,42
mp-19856,SnPt,48
mp-879,La3Te4,24
mp-8937,CrSi2,175
mp-1019509,B2S2O9,32
mp-1716,Rh2O3,106
mp-813,ScAl2,69
mp-774,CaNi5,66
mp-1501,Al3Pt5,64
mp-2644,CoSb,71
mp-20516,InPt3,66
mp-463,KF,17
mp-567412,Y5Sn3,45
mp-22478,FeGe,74
mp-2339,Ti3Pt,58
mp-23714,SrH2,25
mp-16488,Al9Co2,75
mp-556520,CoF2,42
mp-23715,BaH2,17
mp-567164,BRh,112
mp-559,YPd3,57
mp-1555,V3Sb,81
mp-251,TaN,163
mp-11345,ZrP,86
mp-30491,MgCd3,12
mp-2643,Ti3Cu4,69
mp-1299,SiPt2,72
mp-700,GeSe,17
mp-12884,Hf5Te4,38
mp-40793,Si3N4,98
mp-1067,LiAl,45
mp-7088,Ta2C,146
mp-21893,MnTe2,25
mp-14587,ZnP4,36
mp-1641,CrSb,50
mp-561258,ZnS,34
mp-23710,MgH2,37
mp-10026,ScTe,38
mp-10025,SiRu2,104
mp-1336,PdO,38
mp-567290,LaN,24
mp-5285,SrSO4,25
mp-18427,Nb2Al,83
mp-22916,NaBr,12
mp-856,SnO2,97
mp-1334,Y2C,38
mp-597,TiNi,40
mp-22895,CuI,16
mp-9973,VB,235
mp-9972,YSi,68
mp-1825,Cu2Sb,35
mp-17848,Nb3Si,76
mp-869,TaAl3,105
mp-23712,MgH2,31
mp-7955,Li3Sb,25
mp-996,OsO2,129
mp-684668,CaC2,28
mp-10598,CuSn,37
mp-2430,ZrGe2,74
mp-534,B13N2,173
mp-7576,CrSi,116
mp-10910,Al2Ru,106
mp-15964,Hf3Sb,50
mp-2420,PW,122
mp-535,Fe4N,61
mp-27488,Ta3N5,103
mp-1953,TiAl,76
mp-818,SiRh,98
mp-1039,MgTe,12
mp-11276,BeRh,101
mp-1783,MnS,17
mp-20849,Pd3Pb,47
mp-1973,NbGa3,88
mp-812,Ho2O3,66
mp-11329,P2W,120
mp-5025,Zr2CS,113
mp-2657,TiO2,123
mp-10426,Nb2O5,55
mp-1630,Zr3Hg,60
mp-971682,Si3N2,73
mp-10000,Hf2S,76
mp-20937,Cr3C2,175
mp-22033,Ti5Sb3,47
mp-988,Si3N4,125
mp-11322,ZrSi,97
mp-22447,Zr3P,65
mp-22469,InNi3,54
mp-15965,Hf5Si3,88
mp-981,SrF2,32
mp-2170,Li2Pt,35
mp-708,LaAs,43
mp-448,CoN,51
mp-811,BaPt5,64
mp-570553,FeP4,119
mp-22320,GaRu,90
mp-614777,NiF3,45
mp-555280,ZnS,34
mp-1482,Zr2Al3,70
mp-730,P2Pt,122
mp-2346,NiAs,46
mp-11565,YRh5,77
mp-21163,SiPt3,44
mp-2758,SrSe,28
mp-21008,Ni3Ge,88
mp-16775,CdCu2,32
mp-764949,MnF3,44
mp-30338,Y3Al,33
mp-2646,Mg3Sb2,19
mp-1550,AlP,50
mp-21873,NiAs2,58
mp-507,SiNi2,63
mp-875,AlOs,122
mp-567505,SiC,189
mp-2572,SrMg2,16
mp-30603,ZrCu5,57
mp-545512,CaO,43
mp-1702,LaRh2,47
mp-2157,Co3W,144
mp-30443,Be17Ru3,117
mp-7596,NbNO,114
mp-1909,LaMg2,19
mp-458,Ti2O3,87
mp-452,CoAs3,84
mp-30846,Sn3Pt2,33
mp-18337,Be3N2,187
mp-450,NbB2,200
mp-8432,CaCuP,53
mp-849354,TiV3O8,62
mp-849971,LiVF4,24
mp-849983,LiVF4,23
mp-850062,LiNiO2,57
mp-850247,Na2CoO3,19
mp-850251,Na2Ti9O19,60
mp-850978,VFeO4,77
mp-851027,LiFeO2,84
mp-853130,TiNiO3,74
mp-853247,FeBO3,65
mp-862318,LiAl2Ni,72
mp-862658,LiCu3,43
mp-862669,BeFe2Si,127
mp-862260,ScZn3,31
mp-864794,ZnAg3,27
mp-864889,ZrZn3,40
mp-864952,Mg3Ag,23
mp-864936,MnGeRu2,111
mp-864953,MnV2Cr,105
mp-864955,Mn2CrCo,100
mp-865014,Mg2Cu,32
mp-865191,FeGeRu2,100
mp-865193,Co3Pt,92
mp-865716,YbCl2,17
mp-865588,Y2CuRu,37
mp-7469,NaCuO,23
mp-865939,LiMg2,26
mp-866046,Ti3In,46
mp-5127,LiCuO,35
mp-865798,GaCu3,48
mp-866311,Bi3BrO4,33
mp-865176,HfCu3,32
mp-867121,LiY2Pt,30
mp-867300,Rb2Hf2O5,45
mp-867744,LiTi3O4,101
mp-867330,Al2FeNi,102
mp-867840,BeFeRh2,90
mp-867904,AlGeRu2,94
mp-867915,ScGaCo2,85
mp-8682,Ca2SiO4,100
mp-868359,LiMnPO4,51
mp-868657,Li2VO3,75
mp-9437,NbFeSb,83
mp-8864,Li(Co3P2)2,100
mp-8800,TlCu3Se2,15
mp-924130,TiNiSn,68
mp-9172,Li4TiO4,43
mp-9223,ScGeRu,86
mp-9248,SiCu2S3,37
mp-935811,KNbO3,114
mp-9198,Fe(SiP)4,94
mp-9212,NaAlO2,47
mp-9453,Sr2ZnCu2(SO)2,42
mp-950995,Li6PS5I,13
mp-971779,ZnRh3,95
mp-9578,Ba3(AlSi)2,23
mp-9595,NbInO4,61
mp-972088,Zr3Zn,44
mp-972042,Zn3Cu,41
mp-971706,ZnBiO3,61
mp-972692,SnPb,10
mp-972954,MgCd2,17
mp-17702,Yb2SiO5,32
mp-971909,ZnPd3,22
mp-973374,LiMg2,15
mp-972220,TiPt3,95
mp-9719,Na2LiAlP2,28
mp-568595,Re4Si7,162
mp-975868,Li3Al,19
mp-976023,Li3Ga,18
mp-975906,LiAl3,35
mp-976262,LiMg,19
mp-976818,Ni3Au,62
mp-976806,NiAu3,23
mp-976838,Ni3Au,48
mp-977059,MgPd5,45
mp-977165,Li3Co,26
mp-978508,Si3Os,51
mp-978279,Mg3Cu,32
mp-978285,Mg3Mn,35
mp-978274,MgCd,17
mp-978552,SiRh3,56
mp-985579,AlFe2,68
mp-2658,AlFe,105
mp-991676,NbCu3Te4,20
mp-555678,Na4Ti5O12,65
mp-980200,Zn3Rh,44
mp-1487,AlNi,84
mp-979294,SrAgO3,51
mp-10048,GaAs,33
mp-9927,MgRhF6,32
mp-29678,AgBiS2,17
mp-985825,Al3Cu,50
mp-985806,Al2Cu,49
mp-997041,NaCuO2,30
mp-997034,BaCuO2,36
mp-997054,CuBiO2,23
mp-997100,SrAgO2,46
mp-999079,Ti2AlCu,50
mp-998988,Ti3Ga,41
mp-8880,AlP,47
mp-8883,GaAs,41
mp-8881,AlAs,40
mp-13208,Mg2Pt,44
mp-8884,ZnTe,22
mp-22887,EuCl2,12
mp-504659,Hf2P,79
mp-31172,Ca5Ag3,14
mp-796,Nb3Al,22
mp-22882,YbBr2,13
mp-50,Ta,63
mp-11456,HfPt3,107
mp-11455,HfPt,35
mp-191,YRh,43
mp-568273,LiI,11
mp-4626,CaCO3,34
mp-8462,Hf3Al2,67
mp-1986,ZnO,47
mp-560902,MnF2,35
mp-20738,FeSi2,125
mp-5724,AlPO4,25
mp-22905,LiCl,22
mp-22904,CaCl2,15
mp-1264,CdAu3,18
mp-20648,V2C,119
mp-15179,Pr2S3,35
mp-2450,CaSn,23
mp-15178,Lu4C7,77
mp-1265,MgO,121
mp-2294,Al3Ir,59
mp-554278,TiO2,63
mp-2451,YAl3,52
mp-2291,Si2Ni,48
mp-30811,Ni4W,107
mp-241,CdF2,32
mp-5427,Mg2P2O7,67
mp-313,YC2,64
mp-642659,V2H,65
mp-7437,KZnP,29
mp-1317,CoSb3,58
mp-569196,YNi3,53
mp-1294,YCo2,29
mp-11190,VSi2,147
mp-2589,MgO2,85
mp-2583,TiRh,50
mp-30876,Zr3Sn,43
mp-2580,NbB,199
mp-2588,YCo3,41
mp-715553,VO2,65
mp-2582,TiSi2,115
mp-30594,Cu4Pd,55
mp-555763,ZnS,33
mp-12657,HfAl2,88
mp-2512,AsPd5,46
mp-2510,ZrHg,38
mp-557266,HgO2,19
mp-67,Sc,30
mp-571,TiNi,33
mp-1314,Li12Si7,33
mp-2,Pd,50
mp-754455,Sc2O3,81
mp-10905,Al3Pt2,75
mp-1960,Li2O,71
mp-10692,CoGe,77
mp-20,Be,122
mp-493,Co2B,105
mp-11441,Hf2Ga3,65
mp-1018087,CeAu,21
mp-555434,As2O5,52
mp-11449,HfMn2,56
mp-917,CaC2,25
mp-915,YCd,29
mp-28395,B6P,191
mp-22389,Mn3Sn,56
mp-1459,TaN,241
mp-30850,TaPt3,95
mp-30858,ZrPt3,105
mp-20741,ReO3,152
mp-1272,Cr3Ru,96
mp-30856,ZnPt3,72
mp-384,MgP4,38
mp-647,NbS,106
mp-30490,Mg3Cd,21
mp-10903,AlPt,49
mp-769096,MnP4,91
mp-30851,Ti3Pt5,76
mp-10901,Al3Pd2,64
mp-9812,ZnCO3,51
mp-3589,BPO4,65
mp-7542,GeP3,39
mp-7541,SnP3,29
mp-7891,Mg3As2,26
mp-13503,ScZn2,48
mp-2327,TiZn16,29
mp-7140,SiC,188
mp-31337,InPd3,44
mp-1670,MnPt,78
mp-23262,Bi2O3,32
mp-2128,Sn4Pd,24
mp-11299,Cd2Hg,15
mp-2593,AlNi3,95
mp-30581,Hf2Cu,60
mp-20426,Fe2As,46
mp-11290,CaSn3,26
mp-567841,Be3P2,75
mp-10281,ZnS,34
mp-21476,Fe2N,90
mp-1056,Tb2O3,62
mp-8062,SiC,196
mp-21342,V3Sn,23
mp-7262,ZnAs2,31
mp-487,MnP4,118
mp-10695,ZnS,36
mp-755,CoSb2,70
mp-3953,CaCO3,36
mp-30672,Ti3Ga,57
mp-481,ScPt3,93
mp-20351,InP,33
mp-486,NiP2,83
mp-489,Ge4Ir,59
mp-929,ZrCo2,76
mp-22913,CuBr,14
mp-921,YRh2,64
mp-20194,CeO2,78
mp-922,CoPt3,94
mp-341,PbF4,33
mp-1114,VP,128
mp-390,TiO2,57
mp-2116,ZrMn2,49
mp-395,ZrAl3,83
mp-20225,CePb3,20
mp-999473,ZnN,57
mp-566755,NiF2,50
mp-1118,SiNi2,65
mp-12086,Cu3Pt,59
mp-1111,Mn5Si3,60
mp-1784,CsF,10
mp-7440,NaP,14
mp-14019,NiB,113
mp-13450,HfSb,65
mp-11453,HfPd3,85
mp-558378,Pd3S,42
mp-1018157,CrN,74
mp-1201,Sb2Te3,16
mp-1029,BaF2,24
mp-2472,SrO,56
mp-1591,Al4C3,115
mp-1595,Nb2O5,54
mp-1598,Na3P,15
mp-1594,Ni2Ge,48
mp-316,MnV,130
mp-1203,TiO,109
mp-1027,HfRh3,121
mp-1200,TbCo5,47
mp-22795,Pb2Au,13
mp-315,PbF2,22
mp-427,FeAs,90
mp-1696,CdPd,47
mp-5409,Y4Al2O9,65
mp-11280,TiBe12,67
mp-712,YCu,35
mp-1869,GaPd2,43
mp-568293,Ca3N2,40
mp-2696,MgAg,34
mp-20541,V2P,105
mp-2567,V3Si,74
mp-11281,Be2V,138
mp-19876,InNi,51
mp-585,MnB2,177
mp-2697,SrO2,41
mp-5625,Ag2SO4,12
mp-19177,CrO2,114
mp-21318,PtPb2,17
mp-1968,La2O3,47
mp-12104,NbSi2,141
mp-583,CoAs,83
mp-31086,NaP5,23
mp-755875,Ti3O4,99
mp-20369,CeIn3,34
mp-12108,VPt2,122
mp-1969,NbSb2,72
mp-561637,VO2,63
mp-22646,InPd2,37
mp-933,YAs,54
mp-934,LiTl,18
mp-936,Hg4Pt,31
mp-18712,Mg3Pd,21
mp-2369,SnPd,42
mp-94,Cd,18
mp-932,ScGa3,34
mp-1108,TaB2,202
mp-10759,GeSe,49
mp-2554,Al3V,102
mp-930,ZrP,86
mp-1018142,NbN,19
mp-485,ZrNi3,71
mp-364,AlRh,102
mp-20211,Mn3Si,107
mp-530074,B4C,192
mp-4779,Li2B4O7,47
mp-1215,Ti2O,112
mp-542595,Ge2W,138
mp-1219,BaGa2,24
mp-550172,SnO2,97
mp-20847,Ti5Sn3,51
mp-1216,YbO,91
mp-2706,SnF4,42
mp-2460,Er2O3,74
mp-30655,Ga4Ni3,63
mp-11684,SiO2,62
mp-11470,Hg2Pt,30
mp-2515,CrPt3,99
mp-11385,YFe5,68
mp-11387,HfGa3,74
mp-189,SiRu,106
mp-1278,Zr2Si,88
mp-673635,Fe3N,94
mp-16514,Al3Ni5,84
mp-4559,BaCO3,24
mp-753890,Ni2H,74
mp-971631,GaP,42
mp-3054,Li2CO3,32
mp-22323,In2O3,61
mp-13033,MgTe,13
mp-7029,SiO2,47
mp-714882,MnO,66
mp-1883,SnTe,32
mp-7938,KNbS2,45
mp-714880,VO2,129
mp-18835,VPO4,68
mp-758933,B8O,183
mp-9716,TiBO3,80
mp-11567,ScZn12,49
mp-33009,MnO2,120
mp-568696,SiC,189
mp-590,NiAs,48
mp-1380,Zn3Ru,65
mp-10196,Ta2N,128
mp-1113,BW2,153
mp-31138,MnPd3,61
mp-372,VPt3,113
mp-1132,CdO,45
mp-10744,Si3Pt2,36
mp-374,CrB2,184
mp-13683,HfGe2,72
mp-1138,LiF,52
mp-246,TiF3,59
mp-2490,GaP,54
mp-11,As,35
mp-249,HfAl,78
mp-1229,CuF2,29
mp-1222,CrSi2,157
mp-1769,SbPd,32
mp-2493,CeN,76
mp-11397,Ga3Ni2,64
mp-19575,Cr5O12,42
mp-10497,SrC2,19
mp-1842,NbAl3,107
mp-1840,TiO2,79
mp-2783,Ta2Si,114
mp-8780,Cr2N,144
mp-569167,Nb4N3,153
mp-20196,NbTe4,22
mp-1804,Fe3N,96
mp-6986,Ta,10
mp-2209,CeGa2,57
mp-6988,FeN,73
mp-11571,YSn3,18
mp-1667,Co2Ge,58
mp-11578,VZn3,69
mp-553432,TiO2,15
mp-16521,Al3Os2,114
mp-559435,CoF3,56
mp-16523,Al3Pd5,52
mp-1429,SmCo5,43
mp-986716,Sr3N2,23
mp-1519,CaTe,25
mp-1498,Al21Pd8,50
mp-1491,VB2,243
mp-6945,SiO2,47
mp-1490,AlAu4,19
mp-344,BN,148
mp-317,SnRh,54
mp-1128,SiIr,97
mp-15617,Cr5B3,196
mp-1121,GaCo,77
mp-343,PrN,90
mp-20305,InAs,27
mp-7475,La2S3,33
mp-1124,MgZn2,28
mp-8352,SiO2,61
mp-13119,CdO,19
mp-3635,LiBO2,48
mp-8039,AlF3,84
mp-1515,ZrSi2,98
mp-406,CdTe,15
mp-1371,Sn3Pd,27
mp-13126,ZrN,89
mp-861943,BPt3,16
mp-11192,TaSi2,143
mp-11191,CrSi2,157
mp-16526,AlPt2,59
mp-2481,Mg2Cu,29
mp-370,CdS,34
mp-171,VNi3,109
mp-1458,Nb3Ir,109
mp-1851,SnPd2,26
mp-2797,YCu5,42
mp-1779,YbTe,28
mp-1775,SnAu,21
mp-2795,ZrC,159
mp-27710,CrB4,265
mp-30784,Mg2Zn11,33
mp-2517,Ca2Si,23
mp-6997,Sb2Te,25
mp-6996,SmB6,120
mp-2516,YZn,32
mp-1934,LiZn,31
mp-25545,MnO2,61
mp-12693,Mg2Rh,47
mp-25262,TiO2,76
mp-306,B2O3,41
mp-20943,TePb,10
mp-2839,CeC2,56
mp-12802,AlCu3,48
mp-22598,In2O3,58
mp-19326,MnO2,75
mp-18937,V2O3,81
mp-742,Ti2Cu,60
mp-13010,YSn2,38
mp-1695,Y2C3,66
mp-81,Au,21
mp-603694,Si3N4,134
mp-101,Ir,220
mp-21092,InNi2,32
mp-755071,SnO2,53
mp-19094,VO2,129
mp-350,Zr5Te4,37
mp-2557,Zr2Al,54
mp-2053,Nb3Sb,84
mp-17639,Y2Zn17,51
mp-2058,Ni3B,85
mp-18759,Mn3O4,52
mp-1793,Zr3Te,40
mp-642644,V2H,66
mp-1929,NdB6,127
mp-1798,CeMg3,32
mp-8484,ZnO2,62
mp-1502,Al2Pt,39
mp-16522,Al2Pd,31
mp-1159,Zr2Fe,35
mp-1157,TaNi2,90
mp-30684,Zr3Ga2,69
mp-20318,Mn2B,177
mp-30685,ZrGa3,76
mp-23195,Bi2O3,24
mp-30683,ZrGa2,64
mp-1086,TaC,221
mp-36779,PNO,58
mp-30682,ZrGa,78
mp-1799,TaCo2,120
mp-1791,Al5Rh2,77
mp-22154,In2Au,18
mp-1867,Ta2Ni,83
mp-11454,Hf2Pd,60
mp-25145,VO2,73
mp-684903,V2N,144
mp-6930,SiO2,46
mp-22498,CrSb2,37
mp-2121,ScAl3,71
mp-2234,Er2S3,33
mp-560338,CrF3,48
mp-468,AlF3,68
mp-1416,NbF4,41
mp-11364,TiCu,50
mp-1823,Ti3Al,62
mp-20465,As2Pd,52
mp-24726,TiH2,35
mp-27919,Ti8C5,117
mp-1822,TiAs,77
mp-11550,Sc2Pt,29
mp-10162,La3Si2,30
mp-2478,NbSi2,141
mp-1152,TiRh3,135
mp-1038,MgCu2,39
mp-429,ZnNi,73
mp-2612,GeTe,45
mp-754698,NbO2,54
mp-305,TiFe,102
mp-30572,Hf2Ga,65
mp-753,ZnSb,29
mp-867351,Tc,142
mp-24728,VH2,91
mp-20327,TiP2,92
mp-1797,MnNi,68
mp-7709,ZnF2,32
mp-1437,LiCd,21
mp-10711,VSi2,148
mp-328,Zr2Ni,24
mp-22864,Bi2Pt,24
mp-11883,MgIr2,65
mp-9244,LiBC,170
mp-30885,YZn5,49
mp-432,NbRu,53
mp-10904,AlPt,74
mp-437,MgAu,35
mp-430,TiO2,91
mp-592,TiRu,110
mp-8943,PtF4,20
mp-1145,TiB2,256
mp-2691,CdSe,17
mp-1099,NiGe,70
mp-15679,CoAs,77
mp-2225,Be2Fe,146
mp-2221,Zr2Ag,45
mp-12794,Al2Cu,52
mp-1849,Mn2P,99
mp-1841,SiIr3,120
mp-1479,BP,164
mp-30875,Ti2Sn,63
mp-36066,PNO,57
mp-22095,Ga2Pt,24
mp-9339,NbP,113
mp-2534,GaAs,42
mp-1018664,CeO2,59
mp-2536,Ni2B,101
mp-11239,ZrAg,51
mp-22787,Fe2Si,122
mp-1018067,CrFe3,97
mp-1017552,Bi2O3,37
mp-777479,VO2,30
mp-864984,MnV3,59
mp-10635,SnSb,27
mp-22784,InNi3,69
mp-1914,YGa2,55
mp-1688,ErAs,57
mp-1687,BaPd2,26
mp-766454,TiO2,75
mp-11522,Ni3Sn,79
mp-74,Rh,149
mp-30686,Zr2Ga3,67
mp-13456,ZnS,34
mp-2542,BeO,157
mp-7285,HfNi3,84
mp-2176,ZnTe,24
mp-13447,Zn13Rh,41
mp-20191,Si3Ru2,98
mp-2078,TiCu,67
mp-1174,MgSc,35
mp-2071,Zn3P2,36
mp-19717,TePb,29
mp-5504,BaCO3,23
mp-173,MnAl6,69
mp-810,NiSb,50
mp-30481,CaPt5,72
mp-22344,Sn7Ru3,40
mp-2075,Si3N4,262
mp-331,ScAl,58
mp-676,CaN6,24
mp-9588,LiP,27
mp-492,TiN,177
mp-11531,VNi2,98
mp-333,HfFe2,83
mp-15669,Ti3Te4,41
mp-547271,ReO3,153
mp-21294,Y2In,28
mp-12107,TiPt3,117
mp-15661,Sc4C3,67
mp-1172,MgRh,60
mp-2187,TiSb,53
mp-560588,ZnS,33
mp-24154,NbH2,81
mp-137,Ge,44
mp-13155,Hf2Ag,56
mp-795,LiSi,36
mp-496,SrSi2,33
mp-29661,Si5Pt6,72
mp-13156,HfAg,56
mp-16529,Al6Ru,60
mp-1451,NbNi3,80
mp-554089,SiO2,38
mp-568186,YRu2,44
mp-1727,SrSi2,40
mp-1910,CeNi5,66
mp-593,Al4Cu9,70
mp-1780,ScRh,61
mp-78,Ge,35
mp-570112,Cr3C2,151
mp-8282,Ti2N,127
mp-560203,SiO2,45
mp-2212,ScCo,60
mp-2210,ZrCu,33
mp-1395,VRu,79
mp-2211,V3Pt,95
mp-2213,FeNi,103
mp-2012,LiHg,17
mp-11229,YAl,44
mp-11228,YAl,43
mp-11220,Sc2Al,45
mp-679,Er2O3,68
mp-569803,B2W,224
mp-555934,VF2,42
mp-1018679,DyTe2,26
mp-2018,AlFe3,97
mp-672,CdS,18
mp-9583,K2ZnF4,21
mp-20787,FeB,149
mp-19724,Cu3Ge,43
mp-776137,VO2,129
mp-976060,Li3C,47
mp-670,NbCo2,112
mp-1169,ScCu,44
mp-389,SiPd,65
mp-229,ZrRh3,116
mp-15659,Sb2Pt3,39
mp-10734,Ti4O5,102
mp-303,BaZn5,27
mp-5652,Y2Si2O7,65
mp-20181,Ce2C3,71
mp-2063,Pr2O3,51
mp-14112,PdF3,26
mp-815,GaNi3,85
mp-2723,IrO2,124
mp-999142,SnO,59
mp-21078,Fe3Ge,70
mp-2062,LaSi2,37
mp-2065,MnS,39
mp-21075,HfC,180
mp-30777,MgPt3,81
mp-8073,AsPd2,32
mp-1070,CdSe,15
mp-1654,CeNi2,41
mp-561428,NiF3,48
mp-661,AlN,122
mp-4200,ScPO4,85
mp-27164,FeP4,115
mp-30501,Ti2Cd,49
mp-24093,CuH,33
mp-1077,B2Ru,176
mp-1249,MgF2,55
mp-684969,Sc2S3,39
mp-2306,LaMg3,28
mp-20432,Fe2Ge,46
mp-21345,LaGe,39
mp-22862,NaCl,15
mp-979,ZrSb2,50
mp-20689,Nb3B2,169
mp-570923,YRe2,58
mp-20725,PbO2,50
mp-1471,Zr3Al,58
mp-30769,Li13Sn5,30
mp-7302,CrP4,106
mp-408,Mg2Ge,42
mp-754672,TiO2,31
mp-542909,Mn,85
mp-1282,VC,205
mp-11675,NbTe2,24
mp-13679,PdF3,24
mp-365,MgB4,130
mp-1256,HoGa2,54
mp-18695,Fe15Co,81
mp-12467,Ca5Sb3,26
mp-2192,BPt,48
mp-2199,Fe3Si,105
mp-1194,CdPt,51
mp-190,ReO3,153
mp-10721,Ti2C,86
mp-20900,Cu3Sb,27
mp-1190,ZnSe,29
mp-622497,V3O5,86
mp-2301,NiP3,76
mp-641539,Si3N4,167
mp-2675,MgNi2,62
mp-9938,Hf2Si,101
mp-1326,Nb3Sn,29
mp-1329,LaTe2,25
mp-568671,V5Si3,122
mp-258,ZrV2,12
mp-9939,Hf2Ge,94
mp-1008632,V2C,116
mp-1018050,CrC,247
mp-2731,TiGa3,76
mp-1285,PtO2,98
mp-30767,Li7Sn2,27
mp-1008634,Au,25
mp-23846,KHF2,14
mp-13686,Nb5Si3,124
mp-30764,LiPt2,74
mp-2670,Nb3Ga,47
mp-30768,Li7Sn3,28
mp-510624,SrFeO3,83
mp-691168,MnFeO3,75
mp-764309,VOF,51
mp-765869,CoAgO2,40
mp-770107,Fe2CuO4,53
mp-5473,CaMgSi,41
mp-1001023,BeC2,63
mp-1002124,HfC,41
mp-1001833,InBi,14
mp-10037,AlCo3C,121
mp-1002206,SiC,216
mp-1007770,TlAs,20
mp-1008274,Co3W,155
mp-1008568,ZrTi2,49
mp-1008285,Cr3Fe,57
mp-1008920,Mn2Ge,31
mp-1008785,RuO2,186
mp-10092,KCu4Se3,15
mp-1009488,NiN,78
mp-1009813,SiSn,39
mp-10136,Ti2ReB2,190
mp-1011860,Na2CoP2O7,26
mp-10189,LiTiTe2,26
mp-10182,LiZnP,51
mp-10311,ZrVGe,87
mp-10437,Ba(CuSe)2,23
mp-10394,CrCoGe,74
mp-10379,Hf3(Cu2Ge)2,77
mp-10463,YCo4B,59
mp-10550,SrMg2N2,72
mp-10521,Y(AlGe)2,39
mp-10615,BaLiP,26
mp-10749,SrCuSb,35
mp-10675,Ti3AlN,48
mp-10824,ZnCu2GeSe4,29
mp-10614,SrLiP,32
mp-10519,Cu2SnS3,29
mp-10746,Mg2SiCu3,64
mp-10899,AlVNi2,72
mp-10883,AlCrCo2,105
mp-10887,HfAlCu2,56
mp-10967,CdCu2GeSe4,25
mp-11737,Li4SiO4,55
mp-11658,Cu2SnSe3,24
mp-11175,LiZnPS4,17
mp-11790,LaCuSe2,30
mp-11029,Y(Al2Cu)4,60
mp-11019,GaCuO2,68
mp-11401,ScGa2Ni,64
mp-11400,ScGaNi2,52
mp-10985,RbCu3S2,22
mp-12029,Li2CuP,48
mp-11580,TiCrP,124
mp-11750,Ti6Si2B,105
mp-12268,BaCuF4,21
mp-12265,SrCuF4,27
mp-12806,Cu2GeTe3,24
mp-12549,BaAl9Ni2,47
mp-12781,ScAl2Ni,67
mp-12557,SrCuAs,42
mp-12760,Zr6Al2Co,51
mp-12863,Ba(AlSi)2,27
mp-12854,ZnCu2GeTe4,23
mp-13089,Cu2SnTe3,21
mp-12867,SrSnO3,70
mp-12953,TmAgTe2,19
mp-13149,BaAlSi,38
mp-13092,Zr6Al2Ni,51
mp-13202,YCuSn,53
mp-13095,YAlNi,37
mp-13276,SrLiP,37
mp-13277,BaLiP,30
mp-13725,Li3PO4,43
mp-13963,HfSiTe,39
mp-13946,Rb2ZrF6,10
mp-13915,LiNi2Sn,45
mp-13829,TlCu3S2,16
mp-13982,CdCu2GeS4,28
mp-14069,CsAlO2,55
mp-14099,ZnAgF3,25
mp-14089,TlCuS2,25
mp-13993,Ti3NiS6,48
mp-14090,TlCuSe2,19
mp-14105,AlTlO2,42
mp-13964,HfGeTe,64
mp-7911,KCuO,15
mp-14568,BaMgF4,31
mp-14628,ZnSnO3,50
mp-15113,Na2Si3O7,72
mp-15297,Hf6NiSb2,72
mp-15252,Cu2GeS3,36
mp-15695,YAsPt,47
mp-15701,MgSiN2,117
mp-15779,Mg2SiNi3,75
mp-15988,Li2CuSb,41
mp-15985,Zr3(Cu2Ge)2,74
mp-15895,SiCu2S3,38
mp-15896,SiCu2Se3,30
mp-16115,Pr2CuO4,56
mp-16501,HfAlPd2,28
mp-16491,SrAl9Co2,60
mp-16993,Er2SiO5,59
mp-17129,Sr3(AlN2)2,48
mp-17177,Nb2ZnO6,58
mp-17275,SrY2O4,64
mp-18732,TiNiO3,83
mp-18728,NaFe2O3,47
mp-18767,LiMnO2,73
mp-18750,Mn(FeO2)2,62
mp-18717,SrVO3,67
mp-18721,Mn2P2O7,52
mp-18766,Si(NiO2)2,101
mp-18775,Fe3PO7,48
mp-18779,Na2CrO4,20
mp-18782,LiFeO2,90
mp-18807,V2Zn2O7,29
mp-18816,Fe2SiO4,72
mp-18814,MnCO3,47
mp-18819,Ni2P2O7,65
mp-18875,MgWO4,72
mp-18893,Ca2Mn3O8,60
mp-18895,KCoO2,26
mp-19004,Sr8Fe8O23,75
mp-18928,Mn2SiO4,51
mp-18966,FeAgO2,55
mp-18972,Sr2VO4,75
mp-19050,Ca2MnO4,71
mp-19025,LaMnO3,85
mp-19102,Sr2FeO4,63
mp-19142,Mn2V2O7,34
mp-19120,MgCrO4,42
mp-19147,NiCO3,72
mp-19138,BaNiO3,39
mp-19141,K6Co2O7,18
mp-19148,K2Mn2O3,26
mp-19183,Li2NiO2,44
mp-19225,FeAgO2,55
mp-19226,NaFePO4,43
mp-19219,Li3VO4,33
mp-19252,K2NiO2,16
mp-19241,BaNiO3,38
mp-19260,Li2WO4,36
mp-19308,Li2NiO2,75
mp-19281,LaCrO3,87
mp-19328,NaWO3,88
mp-19358,SmMn2O5,77
mp-19359,NaFeO2,74
mp-19313,Zn(FeO2)2,75
mp-19384,Ni(AsO3)2,85
mp-19365,Ba3V2O8,30
mp-19418,VCrO4,56
mp-19376,TiMnO3,66
mp-19407,MnWO4,57
mp-19419,LiFeO2,82
mp-19163,SrWO4,30
mp-19391,NaVO2,54
mp-19619,NaMnPO4,42
mp-19602,Ba2CoO4,27
mp-19740,YInPt,36
mp-19746,NbPbS2,37
mp-19896,Li2GePbS4,20
mp-19893,PbCO3,22
mp-19943,YCuSb2,32
mp-19850,MnCo2Ge,97
mp-20049,LiFeP,55
mp-20144,NbCrP,117
mp-20145,TiGaCo2,83
mp-20249,MnCoP,109
mp-20363,LiGa2Pt,40
mp-20335,MnNbP,106
mp-20474,MnCu2GeS4,28
mp-20605,PbC2(SN)2,13
mp-20565,MnCoGe,66
mp-20554,InAgSe2,15
mp-20545,Cu3AsS4,27
mp-20892,ZrFeP,120
mp-20840,MnCo2Sn,84
mp-20865,YCuPb,45
mp-20932,NbNiP,100
mp-20940,TiCdO3,68
mp-20944,Sr2PbO4,46
mp-21096,CaMnSi,40
mp-21069,YSiRu,57
mp-20897,Ba4Y2Cu6O13,50
mp-21003,Y2ReC2,76
mp-21449,NbCoP,118
mp-21422,YCoC,68
mp-21455,EuAlO3,107
mp-21447,Nb4CoP,98
mp-21495,CrFeP,143
mp-21609,SrCuN,35
mp-22144,Ta2InC,103
mp-22212,NaSbO3,96
mp-22167,Zr6Ga2Co,50
mp-22262,CoMoP,124
mp-22289,Mn2CoGe,93
mp-22414,CuSeO3,32
mp-8098,InGaO3,75
mp-22662,TiGaPt,62
mp-22719,Ba2NdCu3O7,55
mp-22716,LiCu2P,37
mp-22769,TiCoGe,80
mp-22756,K2PbO3,20
mp-23054,NaBiO3,30
mp-23339,NaBrO3,16
mp-23330,NaClO3,14
mp-23426,Al4Bi2O9,72
mp-23560,Ge3(BiO3)4,41
mp-23702,LiH2N,17
mp-23737,KMgH3,32
mp-23704,NaAlH4,12
mp-23804,Mg2FeH6,61
mp-23807,AlHO2,134
mp-23956,K2MgH4,18
mp-23684,NaHCO2,12
mp-23959,KP(HO2)2,18
mp-24045,AlP(H2O3)2,49
mp-24390,CaPHO4,39
mp-24860,Co2P2O7,55
mp-24842,KCoO2,31
mp-24960,HoFeO3,85
mp-24956,ErFeO3,85
mp-24946,CaFeO2,69
mp-24952,TbFeO3,84
mp-24955,Sr4Fe4O11,71
mp-24989,SmFeO3,82
mp-25094,NiWO4,75
mp-25005,MnSnO3,57
mp-25025,YMnO3,70
mp-25092,Ni2As2O7,48
mp-25028,TbMn2O5,80
mp-25111,Sr3V2O7,77
mp-25122,VBiO4,47
mp-25150,CaVO3,82
mp-25372,LiCuO2,67
mp-25417,LiTiO2,88
mp-25317,Li3(CuO2)2,40
mp-25559,MnVO4,30
mp-25765,CaLaMn2O6,65
mp-27275,Li3BO3,45
mp-27315,CaTiF6,33
mp-27319,Sc2Co3Si,81
mp-27579,Na4P2O7,25
mp-27425,Sr(HO)2,23
mp-27677,KCu4S3,20
mp-27719,Al2CuO4,55
mp-27897,Ba(NO2)2,13
mp-28232,MgTi2O5,73
mp-28150,BaNb2O6,45
mp-28273,K3CuO2,13
mp-28592,Li7Br3O2,26
mp-2879,SrSnO3,75
mp-29111,Al2Fe3Si4,110
mp-29136,Sr6Cu3N5,28
mp-29069,Na(CuS)4,26
mp-29091,Ti(CuS)4,38
mp-29396,Cu2PbO2,18
mp-2931,Li2TiO3,80
mp-29352,Ba2PdO3,46
mp-29658,ZrNiH3,69
mp-29455,Ga4GeO8,76
mp-29826,ZnCN2,26
mp-29736,YAlGe,56
mp-30156,LiMgN,82
mp-30183,ZrAl5Ni2,84
mp-30242,Mg4H2O5,66
mp-30244,Mg2H2O3,42
mp-30208,YCuP2,52
mp-3020,BaNbO3,91
mp-30245,Mg3H4O5,39
mp-30818,Li2AlPt,45
mp-30657,TiGaNi2,58
mp-3034,MgAl2Cu,50
mp-30656,TiGaNi,77
mp-30598,SrCuSn2,25
mp-3031,BaSi2O5,34
mp-30819,LiAl2Pt,69
mp-30301,LiClO4,16
mp-3094,SrAl2O4,46
mp-30451,SrCuBi,28
mp-30591,Li2CuSn,36
mp-3098,AlCuO2,94
mp-3102,TaCuS3,27
mp-31212,K2MgF4,26
mp-31468,LiCaN,41
mp-31529,CoP2O7,44
mp-31521,CoPO4,63
mp-31531,Li8CoO6,48
mp-31510,NbCuTe2,38
mp-3163,BaSnO3,90
mp-31703,CrOF3,19
mp-31769,Sr(FeO2)2,28
mp-3173,CaAlSi,41
mp-31857,Ti2FeO5,61
mp-3210,Ca(CoP)2,83
mp-25604,NiPO4,42
mp-3241,Sr(CuGe)2,43
mp-3271,Ti3AlC,103
mp-3283,RbNbO3,20
mp-3323,SrZrO3,91
mp-3416,Na3AlF6,28
mp-34195,BaCO3,23
mp-3340,TaAlCo2,102
mp-3349,Sr3Ti2O7,84
mp-3345,Cu3AsS4,34
mp-3359,Ba2SnO4,52
mp-33551,LiFe5O8,68
mp-3397,Ba2TiO4,30
mp-34139,Mn2CrO4,59
mp-3427,LiAlO2,53
mp-3498,HfGaNi2,40
mp-3470,MgSiO3,69
mp-35841,Li2CuGe,45
mp-3597,BaRuO3,49
mp-3536,MgAl2O4,106
mp-36086,Li3NbO4,97
mp-3642,ScCuO2,56
mp-35539,Zn2GeSe4,23
mp-3574,MnAlCu2,66
mp-3671,NaNbO3,62
mp-36864,Li2TiO3,94
mp-36884,Mn2SnO4,51
mp-36111,LiMgP,43
mp-31119,TbScO3,83
mp-3726,Li2GaPt,40
mp-3650,HfCu2Te3,24
mp-3666,LiTaO3,83
mp-3677,MgSiN2,107
mp-3747,Ti3AlC2,126
mp-3748,AlCuO2,94
mp-33708,Mn(FeO2)2,64
mp-3698,SrAlSi,40
mp-3759,MgGeO3,96
mp-37657,Ca3SiO5,47
mp-3771,MgTiO3,86
mp-37906,LiMgN,87
mp-3813,Ba2ZrS4,30
mp-3803,Ta4AlC3,146
mp-3833,Mg(AlSi)2,34
mp-38683,Co2NiO4,65
mp-7002,NaTiO2,73
mp-37473,TiOF2,88
mp-3909,ZrAlCo2,79
mp-3924,LiNbO2,111
mp-3944,ZrAlNi2,39
mp-3988,BaCu3O4,37
mp-4180,Ca2SiO4,50
mp-4181,Pr2CuO4,64
mp-6473,Ca5P3O12F,42
mp-4280,GaCuO2,69
mp-4255,Ba(CuS)2,30
mp-4096,CeAlO3,95
mp-2998,BaTiO3,108
mp-4300,Yb2Si2O7,34
mp-4391,MgSiO3,124
mp-4636,ScCuO2,56
mp-4541,NaCuO2,40
mp-6766,CaMg(SiO3)2,66
mp-4612,TiCo2Ge,85
mp-4419,NaNbO3,105
mp-4711,Li2CuO2,49
mp-4438,CaSnO3,78
mp-4668,K(CoSe)2,25
mp-4019,CaTiO3,102
mp-4429,CaSiO3,49
mp-4499,MgAlSi,33
mp-4681,NaNbO3,55
mp-4481,Ca2SiO4,50
mp-4728,Cu2GeSe3,28
mp-4748,NaNbO3,91
mp-4824,NaZnP,27
mp-4753,Al2SiO5,90
mp-4771,TiAlCu2,72
mp-4813,NbAlNi2,56
mp-4878,ZrGeSe,70
mp-5012,Li2SiO3,52
mp-4826,CaCuO2,72
mp-4979,AlCuS2,38
mp-4998,Sr2IrO4,50
mp-4997,ZrGeS,78
mp-4964,YSbPt,47
mp-4930,TiAl2O5,96
mp-4978,Ti2AlN,115
mp-5020,BaTiO3,65
mp-27219,Mg(SbO2)2,26
mp-19035,BaFeO3,76
mp-27823,SmClO,37
mp-27335,NaAlSi,23
mp-27888,Zr3GeO8,67
mp-504878,VBiO4,47
mp-504935,K2PbO3,21
mp-505042,Cu(BiO2)2,29
mp-505071,Si2Pd9,40
mp-505110,FeCuO2,60
mp-505244,FeCuSe2,14
mp-505517,BaNb4O6,112
mp-5046,BeSO4,37
mp-505562,CrCuO2,67
mp-505782,Cs2SO4,10
mp-5077,NaLi2Sb,24
mp-510437,In3Pd2,37
mp-510430,Li13In3,19
mp-510281,FeCuO2,60
mp-510632,CuWO4,56
mp-31118,SmScO3,82
mp-5288,Y(FeSi)2,81
mp-5122,Na3AlP2,16
mp-5221,HfAlCo2,89
mp-5323,CeAlO3,107
mp-530399,LiAl5O8,128
mp-5388,Zn(SbO2)2,18
mp-540098,Li2FeP2O7,28
mp-19017,LiFePO4,49
mp-540111,FePO4,18
mp-540231,Li2FeP2O7,28
mp-540284,CuPO4,39
mp-540567,BaFe4O7,50
mp-540771,BaZrS3,32
mp-540791,Si4Rh3,90
mp-540824,Mn2BiO5,65
mp-540682,Nb2CoO6,62
mp-541438,Rb2MnO4,11
mp-541567,VSbO4,117
mp-4287,Sr2SnO4,51
mp-541605,Ni(SbO2)2,23
mp-542468,NdNiO2,75
mp-542488,MgCo,50
mp-542316,Co2Mo3N,127
mp-542429,Mg3Rh,28
mp-542569,AlRu,105
mp-542640,GePt,56
mp-542854,Mg9Si5,40
mp-542980,FeHO2,87
mp-545467,Li3(CuO2)2,42
mp-542915,TiAl3,92
mp-545974,AlPO4,40
mp-7608,Li2PdO2,49
mp-5456,Sr2CuO3,56
mp-543001,Zr5Sn4,62
mp-542920,LaFeO3,77
mp-546790,LaCuTeO,27
mp-8180,LiNO3,27
mp-3731,LiNbO3,59
mp-551918,AlBiO3,81
mp-553875,Zr2SN2,78
mp-553932,GaPO4,27
mp-553961,ScNbO4,66
mp-552588,LiNbO3,94
mp-31596,CoReO4,82
mp-554352,Ba2CuF6,25
mp-3196,NdGaO3,78
mp-5014,CuAgS,18
mp-554678,CaGe2O5,66
mp-554973,TlCuF3,25
mp-4428,CaSiO3,43
mp-555359,KMnF3,27
mp-18724,Sr2CoO4,14
mp-556041,Ba2NiF6,30
mp-556235,CaCO3,36
mp-29308,Na5Co2S5,15
mp-24854,CoCO3,58
mp-22390,SrRuO3,72
mp-5305,CuAsS,32
mp-557403,LiFe2F6,36
mp-557018,Cs(CoS)2,35
mp-2955,NaMgF3,42
mp-19178,CoAgO2,36
mp-19448,Ni3TeO6,78
mp-557753,K3PO4,19
mp-557929,Tl(Cu3S2)2,15
mp-4630,Li2RuO3,50
mp-3136,NaNbO3,109
mp-559051,BaBiO3,47
mp-5839,TiPO4,65
mp-5594,Sc2Si2O7,74
mp-559390,CaAl2O4,43
mp-560242,NaMnF3,28
mp-560865,ZrCuF6,18
mp-12079,K(CoS)2,33
mp-561033,CsCu5S3,18
mp-560663,Rb(CoS)2,34
mp-561388,FeBiO3,77
mp-561412,CaCO3,33
mp-561480,NaNiF3,37
mp-24932,FeBiO3,53
mp-561800,KCrO2,74
mp-18965,BaCoO3,41
mp-19086,BaCoO2,31
mp-561589,Sr2Fe2O5,54
mp-505067,Co2As2O7,41
mp-505820,NiPS,62
mp-18762,Na4CoO3,20
mp-20489,SrPbO3,50
mp-561699,Ba2FeO4,29
mp-19424,TiCoO3,74
mp-542102,SrCoO3,74
mp-22325,P2Pb2O7,23
mp-5621,NbCu3S4,27
mp-769930,CoBiO4,55
mp-565348,LiMnO2,73
mp-566008,Li2NiO3,83
mp-18988,Li2MnO3,83
mp-555047,LiCoF4,36
mp-566426,La4Ni3O8,62
mp-566891,Lu2WO6,82
mp-5670,LiTi2O4,68
mp-25035,MnBiO3,51
mp-567097,LiCu2Ge,50
mp-567191,CaAlSi,39
mp-567510,BaSn2,21
mp-567601,Sr4CN4,24
mp-567278,Sr(Si3N4)2,101
mp-20199,PPbS3,14
mp-567618,Si5Pt12,44
mp-567657,K(CuSe)2,15
mp-567981,CrGaCo2,96
mp-568014,Nb3Bi,67
mp-567750,ScRu2,49
mp-567771,Ba(Si3N4)2,106
mp-568121,Mn4Si7,134
mp-568106,Mg41Al67,24
mp-866375,TiFe2Ge,127
mp-567871,Nb5Si3,74
mp-2454,TiFe2,80
mp-568306,Mg5Si6,22
mp-568069,Ti2Bi,26
mp-567996,Nb5Si3,107
mp-568419,Mg3Ir,32
mp-568495,Cu10Sn3,42
mp-568404,Li9Al4,31
mp-568446,Er5Si4,38
mp-691,SnSe,17
mp-13270,CaAg2,16
mp-568636,TiCr2,75
mp-853167,Na2VO3,24
mp-778725,Na2FeO3,20
mp-1755,ZnAu3,30
mp-568746,Bi2Pd,20
mp-568792,Si5Rh4,92
mp-569018,Mg3Bi2,16
mp-569073,LiSn,19
mp-569054,La2Co3,17
mp-569151,MnGaPt,41
mp-510441,YInPt2,38
mp-5692,TbRhO3,73
mp-569408,K(CoAs)2,31
mp-569265,Mg3Pt,26
mp-569568,Ta3AlC2,160
mp-569535,Ca2Bi,23
mp-569708,TiPt3,109
mp-569426,SrZn2,17
mp-569446,NiPb,38
mp-569458,AlV4C3,167
mp-569775,ZrAl3,64
mp-569815,Si2Ru,109
mp-569544,ZrTe,65
mp-569837,Ti3Sb,59
mp-569833,Zr2Ga,51
mp-569849,Li15Si4,23
mp-569683,InAu3,18
mp-569671,ZrSb,59
mp-569785,TlPd3,34
mp-570150,CaAlSi,40
mp-570001,Al6Fe,58
mp-570097,Sr(Li2P)2,37
mp-570122,Cr3Te4,18
mp-570091,Rb(CoSe)2,26
mp-570199,Ti3Pd5,56
mp-570196,Zr5Sb4,49
mp-5702,Cu3SbS4,28
mp-570276,ZrZn,53
mp-570460,LaCo5,37
mp-570557,NbCo3,89
mp-570751,Nb3Te,87
mp-570784,Hf2Al3C4,157
mp-22318,SrAl2,34
mp-570744,Si3As4,40
mp-570896,Tl2Pd,15
mp-570904,GaNi2,61
mp-570832,SrPt5,70
mp-1477,BaSi2,19
mp-522,CuAu,37
mp-570960,HfOs2,93
mp-11250,Mg2Au,24
mp-571126,Ti2BRh6,113
mp-571203,Sr(CoAs)2,37
mp-571262,CaRh2,50
mp-5723,ZrAlNi,76
mp-5733,CaSiO3,49
mp-571619,HfAlPt,79
mp-5787,SrCuO2,47
mp-5773,BaRuO3,44
mp-5795,CaMg2N2,78
mp-580287,Zr3Cu,23
mp-5748,HfAlNi2,49
mp-5756,Cu3PSe4,28
mp-580357,Cu3Pd,53
mp-5827,CaTiO3,105
mp-581786,Cu3Sn,40
mp-5840,LiScO2,85
mp-5869,Ca2CuO3,67
mp-5924,MgSiO3,125
mp-5938,SrCu2O3,52
mp-601842,Fe9Co7,103
mp-603640,GaAs,34
mp-601848,Fe11Co5,103
mp-600428,Mn3Sn2,56
mp-6008,Ca3Al2(SiO4)3,97
mp-601820,Fe3Co,101
mp-605663,AlPd5,55
mp-609151,MgWO4,48
mp-6094,Ca2MgSi2O7,37
mp-19133,YVO4,55
mp-622209,Al3Ni,66
mp-622570,Ti2Cu3,70
mp-625054,AlHO2,91
mp-625056,AlHO2,91
mp-625405,V2H3O5,55
mp-626503,V2HO4,25
mp-626680,Fe(HO)2,30
mp-626689,Fe(HO)2,30
mp-626902,AlHO2,91
mp-18946,VBO3,92
mp-578614,NaCrO2,84
mp-636334,SnRh2,56
mp-636320,TiGaFe2,103
mp-636368,Ga3Fe,68
mp-634381,V2Zn2O7,29
mp-640041,NbZn16,34
mp-639402,K3VO4,11
mp-640885,Er(CuTe)3,29
mp-640266,Ca3Al2O6,42
mp-640708,FeGe2,69
mp-640889,Tm(CuTe)3,29
mp-641526,Fe13Co3,96
mp-644280,GaCuPt2,74
mp-645159,FeBiO3,71
mp-639874,Ta2Al,58
mp-6668,LiTiPO5,60
mp-669917,ZrRh,49
mp-672216,CoAs3,84
mp-672265,Cu3Pd,60
mp-672371,Ni3Sb,51
mp-675045,Li7VP4,16
mp-675172,TaAlO4,135
mp-674334,Ca2SiO4,43
mp-674478,BaCO3,17
mp-675324,BaCO3,18
mp-674953,Cu2GeTe3,23
mp-675734,Li7B18O,101
mp-675748,Zn2GeS4,27
mp-676117,Li2CuGe,47
mp-675902,YCuSe2,30
mp-676290,RbHS,20
mp-676512,Na3AlF6,28
mp-676861,AlSbO4,131
mp-677103,RbHF2,11
mp-677335,GaPO4,22
mp-680677,Sn3Ru2,60
mp-685022,TePb,21
mp-2750,Cr2Te3,27
mp-685055,CrTe2,16
mp-685991,Li5SiP3,27
mp-689940,CoPO4,16
mp-690093,Ca2Fe2O5,49
mp-690490,TiVO4,125
mp-690470,NbCrO4,115
mp-690525,MnCO3,43
mp-690535,Na(WO3)2,119
mp-6953,Ca(MnP)2,53
mp-695998,K2ZnH4,11
mp-696752,KP(HO2)2,21
mp-6980,ScCuS2,39
mp-7068,Sr3(AlSi)2,32
mp-7187,TiAlNi2,68
mp-7237,CuAgO2,21
mp-7298,Li(CuP)2,40
mp-7339,BaSiO3,31
mp-7352,MgCuP,50
mp-7376,Sr3(AlSn)2,25
mp-7405,SmAlO3,112
mp-7422,Ca(CuP)2,39
mp-7435,KCuSe,23
mp-7466,CaCu2O3,34
mp-7473,LiSiCu2,62
mp-752398,BaCuO2,55
mp-752730,Ba2GeO4,31
mp-752463,NbNO,69
mp-752496,TiOF,69
mp-752849,Y2Pb2O7,72
mp-752928,LiCoS2,38
mp-753059,TiOF,48
mp-753081,Li3(CuO)4,26
mp-753098,LiCuF2,30
mp-753181,SrCu2O3,52
mp-753459,Nb3O7F,117
mp-753490,TiCuGe,73
mp-753671,PNO,59
mp-753708,TiOF,59
mp-754010,ZnCu2O3,39
mp-753657,TiOF,111
mp-753802,Sc2Ti2O7,51
mp-754008,BaCuO2,30
mp-753946,LiCoS2,50
mp-754150,La3GaO6,45
mp-754322,Sr2CuO4,55
mp-754223,Ta2CuO6,88
mp-754352,Na3CuO2,28
mp-754344,LiZnO2,50
mp-754364,Y2CuO4,73
mp-754375,NaTi2O3,79
mp-754516,LiNiP,34
mp-755000,LiTiO2,65
mp-754495,NbNO,55
mp-755115,ReCuO4,37
mp-755225,Li8ZrO6,67
mp-755298,Li4NbO4,41
mp-755352,Li2HfO3,76
mp-755253,LiZrO2,104
mp-755302,TiNbO4,32
mp-755646,LiCuO,11
mp-755570,Li(NiS)2,22
mp-755895,Ba3Zr2O7,67
mp-755974,Na2CuO2,31
mp-756018,BaMgO2,40
mp-758006,Ca2SiO4,45
mp-758052,LiCuF3,17
mp-758594,Li(Fe3P2)2,93
mp-758835,Na(Cu3O4)2,36
mp-759541,Ba(PdO2)2,34
mp-760401,Nb3O7F,93
mp-760411,Bi2CO5,25
mp-760408,LiZnO2,51
mp-760483,Li2PdO3,59
mp-760410,BePO4,23
mp-761315,MnFeO4,64
mp-761341,TiVO4,119
mp-761361,VSnO4,115
mp-761415,CuNi3O4,79
mp-761474,LiFePO4,25
mp-761524,MgCoO3,69
mp-761568,Rb2CoO3,21
mp-761574,CoSnO3,60
mp-761563,Mn2FeO3,57
mp-761716,MnFe2O3,62
mp-762225,BaCO3,23
mp-762268,Li3V2O6,59
mp-762506,SrNiO3,56
mp-762869,LiMn2O4,58
mp-762915,Li2(NiO2)3,62
mp-762971,Li2V3O6,60
mp-763300,LiFeO2,84
mp-763326,CoOF,45
mp-763576,Li3(FeO3)2,51
mp-763634,VCrO4,82
mp-763705,Zn2Ni3O5,83
mp-763867,MnNi3O4,87
mp-7639,Na2CuP,23
mp-764060,Na2VO3,62
mp-764004,NaNi2O3,54
mp-764226,Li2VF4,23
mp-764233,Na8CoO6,25
mp-764277,VO2F,39
mp-764286,VOF,87
mp-764372,KCoO2,18
mp-764322,VOF,58
mp-764338,FePO4,14
mp-764362,LiNiF3,39
mp-764360,LiVF4,28
mp-764467,Na2FeO3,39
mp-764562,Na2FeO3,45
mp-764640,NaNi2O3,67
mp-764648,LiTiO2,98
mp-764673,Na3VO4,21
mp-764744,V2OF5,46
mp-764819,VOF2,59
mp-764839,Na4FeO5,29
mp-765437,NbCrO4,105
mp-765445,Li2VF4,35
mp-765736,NaNi5O6,75
mp-765777,V3O5F,55
mp-765880,Mg3Fe2O5,89
mp-765966,LiVF6,18
mp-766217,Sr4Cu2O7,54
mp-766911,LiVF4,12
mp-766917,LiVF6,16
mp-766909,LiVF6,16
mp-766953,LiVF4,37
mp-767013,FePO4,36
mp-767367,VOF,86
mp-767836,Mn2CoO4,58
mp-768032,VOF,57
mp-768037,VOF,82
mp-768063,V2P2O7,68
mp-768572,YAl3O6,42
mp-768310,LaBiO3,21
mp-769647,VOF,92
mp-769726,Li3(FeO2)4,58
mp-769673,Tb2Bi2O7,33
mp-769789,LiFe2O3,68
mp-769799,Na2FeO3,20
mp-769899,MgFe2O5,55
mp-770002,AlCrO4,115
mp-770094,Y2V2O7,40
mp-770086,FeNiO3,48
mp-770398,NiSnO3,74
mp-770602,TiVO3,77
mp-770618,MgMnO3,88
mp-770583,MnZnO3,61
mp-770635,LiNiO2,78
mp-770649,Li5NbO5,67
mp-770771,SrSc2O4,82
mp-771200,LiCo3O4,77
mp-771484,VCoO4,49
mp-771532,Li(NiO2)2,64
mp-771663,LiV2O4,56
mp-771686,NbCrO4,69
mp-771796,Mn3CuO8,45
mp-771789,TiMn3O8,64
mp-771811,Mn3CoO8,57
mp-771856,MnVO4,75
mp-771858,LiMnO2,68
mp-771919,LiFeO2,96
mp-771986,Li4Fe3O8,64
mp-772592,RbFeO2,22
mp-773305,Mn3FeO8,55
mp-773331,Li3MnO3,37
mp-773450,TiCrO4,64
mp-773864,TiSnO4,50
mp-773929,CrCuO2,67
mp-774092,Na3CoO3,21
mp-774096,Li2FeO2,52
mp-774117,V2O3F,91
mp-774192,Li2VO3,77
mp-774155,Li2FeO3,68
mp-774156,NbFeO4,52
mp-7748,NaAlO2,97
mp-775089,Li9(CoO4)2,43
mp-775097,Li2CoO2,55
mp-775127,Li4Fe3O8,53
mp-775296,TiMnO4,73
mp-775236,LiMnO2,71
mp-775331,LiVO2,96
mp-23265,GdCl3,18
mp-775620,CoOF,64
mp-775777,LiFeF4,36
mp-775845,NaCoO2,56
mp-776204,LiV3O4,80
mp-776230,LiFeF4,36
mp-776250,Zr2N2O,81
mp-776184,V3NiO8,62
mp-776331,Zr5N5O2,125
mp-776485,NbV3O8,54
mp-776513,LiVF4,36
mp-776784,Li3FeF6,35
mp-776791,LiFeF4,31
mp-776803,LiFeF4,30
mp-776827,LiFeF4,17
mp-776881,LiFeF4,37
mp-776939,LiVF4,35
mp-777219,LiVF4,28
mp-777555,MnV2O6,26
mp-777556,LiVF4,22
mp-777595,LiFeF4,19
mp-777667,LiV2O5,40
mp-7781,CaZrS3,38
mp-778717,MgFeO3,64
mp-778746,VOF,72
mp-778757,Na2CoO3,21
mp-779190,LiVF4,35
mp-865592,Y2ZnRu,32
mp-780002,V2O3F,70
mp-780742,LiVF4,28
mp-780811,NbVO4,64
mp-781698,NaFeO3,38
mp-781959,NaCo2O3,30
mp-782678,Na4WO4,25
mp-783905,NaV2O4,48
mp-795616,CrCuO2,67
mp-8276,Sr(ZnP)2,44
mp-8207,Zn(PtO2)3,76
mp-8285,ZnGeO3,65
mp-8310,Li(NiP)2,46
mp-541289,Y2S3,31
mp-992,CaGa2,35
mp-19814,NiAs2,61
mp-8085,Mg3P2,39
mp-7851,TaCo3,126
mp-7875,Ba(MgSi)2,41
mp-784631,CrNi2,123
mp-1349,SrPt2,51
mp-7937,NaNbS2,49
mp-2741,CaF2,40
mp-5878,KZnF3,34
mp-7848,AlPO4,27
mp-8042,ZrGeO4,87
mp-20662,Sn4Pt,32
mp-1731,LaCo5,30
mp-8278,Ba(MgP)2,38
mp-8159,TlCu4S3,17
mp-623,HgPt,37
mp-8335,Ba2ZrO4,58
mp-31467,Ga3Pd7,50
mp-5798,Al6C3N2,108
mp-1925,ZrS,68
mp-987,ZnCu,53
mp-1030,SbPt7,36
mp-971694,Ge3N2,53
mp-1542,YB2,152
mp-902,BaZn,15
mp-87,Be,161
mp-2350,LaS,47
mp-11718,RbF,14
mp-2432,CaMg2,19
mp-20664,Mn2Sb,33
mp-19870,GaFe3,77
mp-3515,Y(CoB)2,108
mp-20536,CoSn,73
mp-4342,KNbO3,77
mp-7586,Ni3C,71
mp-555,Fe8N,90
mp-690760,TiH,50
mp-1749,CaAl4,29
mp-21255,FeGe,85
mp-568610,Bi,16
mp-11359,Ga2Cu,39
mp-27838,Na3Bi,11
mp-27145,Ca5Bi3,21
mp-2500,AlCu,68
mp-1557,Mg3Au,31
mp-820,HgSe,15
mp-823,TiCo,61
mp-30867,ScRu,53
mp-12614,Ca2Cu,13
mp-829,AlPd,59
mp-8044,V2PC,155
mp-22508,YMn12,89
mp-1359,NbIr,113
mp-2716,TiNi,38
mp-20997,InNi,46
mp-7859,ZrS,55
mp-30798,NbZn2,82
mp-1746,MgF2,56
mp-113,Tc,144
mp-22619,NiP2,104
mp-1523,ZrP2,83
mp-696,SiPt,72
mp-682,NaF,30
mp-634859,CaO2,41
mp-1001602,B12W,148
mp-11358,TaCo3,123
mp-2404,CaAl2,41
mp-238,MnPd,61
mp-13444,LiSn,17
mp-31379,Zr2Sb,39
mp-13365,SrZn2,20
mp-1367,Mg2Si,45
mp-733,GeO2,28
mp-4248,YCoC2,97
mp-7832,BW,199
mp-2604,MgTe2,22
mp-568,TiSb2,55
mp-7343,Y3Pt,21
mp-2762,YIr2,90
mp-2802,HfRu,100
mp-569522,MnP4,119
mp-13363,SiPt3,62
mp-12773,Zr2Al,45
mp-10212,ScGe2,58
mp-7384,SmF3,50
mp-2824,AlPd2,53
mp-948,ZnTe,15
mp-12777,AlCu3,65
mp-17783,Mg3Au,31
mp-2606,BaPd5,41
mp-1364,YNi,26
mp-12779,CdTe,13
mp-757,Li3As,32
mp-2918,YCuO2,43
mp-12772,Hf2Al,57
mp-19908,EuF3,40
mp-978496,SiB4,114
mp-1431,MnSi,141
mp-871,FeSi,139
mp-2605,CaO,74
mp-556788,SiO2,45
mp-9173,TiO2,61
mp-1412,Ti3Sb,32
mp-2775,SrAl4,31
mp-22749,Mn5C2,129
mp-7947,PtO,41
mp-11607,Si3N4,161
mp-32994,Hf4N3,107
mp-564,TePd,21
mp-842,CaPt2,61
mp-2151,Mg17Al12,25
mp-2152,YNi5,73
mp-1808,Ti2Ni,36
mp-562,Sb2Pt,57
mp-4252,SnPS3,13
mp-1439,TiO2,83
mp-846,Hf2Al3,69
mp-19052,K3VO4,11
mp-571438,Be12V,145
mp-4253,V(CrC)2,137
mp-549706,MgO,48
mp-1019,YNi2,48
mp-1373,Nb3Ge,44
mp-778,Fe2P,91
mp-2614,HfAl3,87
mp-554405,ZnS,33
mp-7226,V3Ni,96
mp-893,ZrSi,97
mp-7822,Sc5Si3,72
mp-23703,LiH,43
mp-7250,Nb6Co7,96
mp-568867,Si3N4,103
mp-1718,ZrFe2,73
mp-2469,CdS,19
mp-20061,GePt2,38
mp-2663,Nb3Pt,85
mp-1057,Al3Ni2,86
mp-569346,CuI,16
mp-1941,GaNi,55
mp-1055,CdSe,26
mp-850,ScNi2,62
mp-20112,Ni3Sn,67
mp-865527,YAl3,46
mp-1773,ReB2,275
mp-1990,Mg3As2,28
mp-11231,YAl3,63
mp-2103,CuAu3,31
mp-7812,GeO2,28
mp-865,CaB6,110
mp-625,Mg3Ru2,53
mp-2343,Mg2Sn,26
mp-17045,Hf3Rh5,69
mp-1019055,ReN2,259
mp-1543,Ge2Pt,55
mp-2664,TiO,103
mp-2242,GeS,20
mp-631,TiC,176
mp-2647,Al2Au,36
mp-2578,NiTe2,26
mp-569051,MgH2,33
mp-864647,Hf2N,73
mp-2634,NbN,214
mp-11025,ZnP2,43
mp-1180,MnPt3,95
mp-725,RhO2,112
mp-215,YSb,38
mp-9923,VP2,127
mp-20296,In2Co,30
mp-530274,Al23B50,165
mp-11513,NbNi3,93
mp-504731,EuF2,30
mp-889,Cr3B4,212
mp-1069,HfSi2,96
mp-1404,CdAu,21
mp-11517,NbRu3,135
mp-22270,CoP,112
mp-7818,Pd4Se,38
mp-9880,YB2C,143
mp-446,Cr3Pt,78
mp-30882,TiZn2,64
mp-2310,CdO2,36
mp-30883,V4Zn5,61
mp-11566,ScZn,47
mp-8046,Ta4N5,182
mp-567551,SiC,189
mp-1019097,SiC2,82
mp-776456,Ti2O3,88
mp-1425,TiCr2,75
mp-2828,HfN,164
mp-11514,NbPt2,115
mp-1989,Ta5Si3,134
mp-20828,Pt3Pb,47
mp-42,Ta,61
mp-825,RuO2,118
mp-28266,P2Pd,68
mp-556253,Tm2O3,77
mp-568656,SiC,189
mp-27253,Au2O3,42
mp-8615,NbBO4,150
mp-3889,NaBO2,20
mp-2059,NbAs,93
mp-1028,V3Te4,34
mp-15837,Nb5Se4,60
mp-8231,ZrSO,85
mp-2767,TiGa,76
mp-1601,TaRu,74
mp-7000,SiO2,46
mp-6914,CaGa,27
mp-2091,V3B2,201
mp-2827,YCo5,47
mp-27932,Li9Ge4,29
mp-11809,TiAl2,82
mp-27505,Fe3Sn2,58
mp-2097,SnO,29
mp-11714,SiC,189
mp-2701,NbN,190
mp-2361,Hf5Al3,48
mp-953,NbZn3,74
mp-7857,TiB,191
mp-7228,ReO2,164
mp-27148,BeP2,74
mp-4198,Ag3PO4,13
mp-11328,P2W,134
mp-22461,Fe3Sn,68
mp-9946,ZnS,34
mp-11209,AlAs,36
mp-423,GePd2,46
mp-2826,Lu2S3,32
mp-615,YMg,26
mp-866134,VFe3,95
mp-1357,P3Rh,96
mp-11413,ScGa2,52
mp-449,Fe5Si3,106
mp-12071,Ti3As,51
mp-19962,Sn2Pt,24
mp-20883,Fe3Sn,54
mp-7631,SiC,189
mp-11233,ZrAl,72
mp-2772,ZrAl2,88
mp-2715,CoAs2,95
mp-2403,YPt3,73
mp-1331,YCd2,32
mp-30778,Mg5Rh2,33
mp-10264,NiTe,17
mp-894,ZnPt,67
mp-697179,ZrH,38
mp-12070,CuAs,28
mp-20418,SiRh2,79
mp-30884,YZn3,39
mp-1020019,Li2PNO2,63
mp-7819,Pd4S,38
mp-1018100,AlSb,29
mp-23209,SrCl2,15
mp-8372,CaSi2,39
mp-739,TiP,96
mp-28336,Li3P7,12
mp-1018107,ZrTe2,16
mp-24286,ZrH2,34
mp-7189,AlPd,65
mp-9208,V2B3,239
mp-20857,CoB,154
mp-14285,CoP2,130
mp-1982,Al21Pt8,63
mp-11870,Hg2Rh,43
mp-2258,Cu3Au,52
mp-2090,FeCo,100
mp-7288,Sc2SO2,68
mp-10408,K2CN2,15
mp-763,MgB2,129
mp-22204,Co2P,83
mp-696746,B4C,181
mp-32880,CuBr,15
mp-9953,HfP,91
mp-2853,GaN,155
mp-8110,AlBO3,141
mp-160,B,204
mp-15621,AlSb,30
mp-2317,LaNi5,60
mp-571193,MnP4,118
mp-755264,TiO,172
mp-10886,Al3Cu2,53
mp-2624,AlSb,31
mp-10015,SiOs,139
mp-9970,ScGe,62
mp-252,BeTe,41
mp-1008487,BW,190
mp-2851,VSb2,54
mp-11230,Y2Al,31
mp-8634,Mn,139
mp-2856,Mn4Al11,86
mp-7790,Ti2N,106
mp-635,ScRh3,91
mp-7904,CdP4,29
mp-7498,Ti5Te4,39
mp-1714,FeSi2,128
mp-7188,Al2Os,146
mp-32449,VH2O3,54
mp-2330,Nb2Se3,43
mp-7931,SrP,27
mp-9610,Li2CN2,20
mp-2250,ZrNi2,73
mp-2322,YAl2,61
mp-1330,AlN,236
mp-1569,Be2C,234
mp-1935,BaMg2,13
mp-1339,NbIr3,209
mp-126,Pt,52
mp-1418,FeNi3,103
mp-30852,TiPt8,90
mp-274,Nb5Sb4,60
mp-21859,CuAs2,26
mp-728,Li2Pd,24
mp-10030,RuC,105
mp-891,TaNi3,86
mp-729,Cr3Si,155
mp-558733,SiO2,193
mp-1903,BaAl4,35
mp-738,Sb2Au,24
mp-253,ScCo2,49
mp-2133,ZnO,42
mp-16886,CdAu,25
mp-3448,KMgF3,42
mp-203,NiTe,34
mp-2773,BeCo,122
mp-22568,V3Ga,43
mp-2406,Mg5Pd2,25
mp-999485,ZnN,30
mp-3762,VCu3S4,26
mp-30886,YZn12,52
mp-510408,MnO2,78
mp-1042,HfSi,99
mp-1062,CeMg,30
mp-1047,Ca3N2,39
mp-1046,NbSn2,50
mp-22899,LiI,13
mp-12742,MgPd3,48
mp-788,CoTe,51
mp-1019584,CaAl2SiO6,74
mp-13178,AlN,133
mp-188,AlPt3,93
mp-22700,V3Se4,56
mp-1860,LaSi,42
mp-573,Ni3Se4,35
mp-32777,WO3,97
mp-1021499,Cu2Se,28
mp-715572,Fe2O3,79
mp-1096,CeS,61
mp-20683,Cu3Se2,15
mp-10649,Si,38
mp-1320,CeSe2,25
mp-34,Si,68
mvc-15,CrS2,21
mp-30336,Al4W,79
mp-1954,P3N5,131
mvc-15387,WN,154
mp-775906,Y2O3,65
mp-776532,HfO2,118
mp-11800,Co3Se4,45
mp-550,Al12Mo,57
mp-22309,CoSe2,67
mp-558852,FeF3,61
mp-754741,ZrO2,57
mp-715262,FeO,47
mp-775935,ZrO2,56
mp-10257,Ni,78
mp-1022,K2S,10
mp-973364,Mg,18
mp-715590,WO3,126
mp-656887,Ni3O4,80
mp-635966,MoO2,54
mp-26,La,16
mp-571520,Si,63
mp-2746,MoC,155
mp-1403,Sm2S3,37
mp-754531,Al2O3,63
mp-1342,BaO,38
mp-2049,ZrMo2,60
mp-136,Fe,186
mp-998866,C,252
mp-567907,P3N5,94
mp-2552,TeO3,116
mp-2340,Na2O2,30
mp-13,Fe,78
mp-971662,Si,46
mp-865212,Fe3Re,178
mp-972845,SiMo,113
mp-91,W,147
mp-92,Si,68
mp-90,Cr,133
mp-1266,Na2Se,15
mp-9027,TiS2,32
mp-2452,P2O5,29
mp-995434,Fe11MoC4,88
mp-998968,TiMo,29
mp-1269,SmS,51
mp-1315,MgS,52
mp-1275,SiMo3,130
mp-2280,CuSe2,26
mp-84,Sn,22
mp-10597,Ag,29
mp-54,Co,106
mp-1672,CaS,40
mp-2286,Li2Se,27
mp-686969,Fe2O3,78
mp-2592,Si2Mo,179
mp-488,CuSe,19
mp-755769,ZrO2,51
mp-142,Ga,35
mp-1018028,TiS,105
mp-7048,Al2O3,108
mp-949028,Sn,17
mp-556605,ZrO2,94
mp-539,Ga2S3,24
mp-1105,BaO2,36
mp-1938,Al2O3,147
mp-704419,CuO,37
mp-14024,Zr3O,58
mp-131,Zr,35
mp-715482,MoO2,44
mp-755759,ZrO2,89
mp-554462,TiS,100
mp-567313,Te,19
mp-13031,MgSe,18
mp-14549,CuO,37
mp-30790,ZrMo3,51
mp-755066,Al2O3,86
mp-6985,Ti,38
mp-55,Sn,14
mp-8566,Ag,27
mp-1123,HgS,18
mp-20901,NiSe2,38
mp-8640,Hf,48
mp-570002,C,232
mp-2237,TeO2,58
mp-109,Si,66
mp-556911,FeF2,38
mp-20483,Pb,14
mp-352,HfO2,102
mp-2371,Ga2Te5,14
mp-685097,HfO2,109
mp-1274,CoS,53
mp-999498,N2,244
mp-10760,MgSe,41
mp-771359,Cu2O3,56
mp-1153,Li2S,33
mp-616559,Ti2S,87
mp-24834,H4N2O3,10
mp-11506,Ni3Mo,94
mp-1868,VS,85
mp-638765,Al2O3,59
mp-510584,MoO3,37
mp-226,FeS2,139
mp-648,Na2S,18
mp-754812,Al2O3,64
mp-11507,Ni4Mo,99
mp-2056,Ni3Se2,47
mp-557762,TiS,80
mp-752826,Al2O3,87
mp-8642,Re,190
mp-1143,Al2O3,149
mp-16220,Si,37
mp-12177,Te2O5,46
mp-7761,Sb,18
mp-18257,Fe7C3,92
mp-776404,ZrO2,90
mp-1087,SrS,34
mp-782702,Ni5O6,66
mp-684679,Sb6O13,71
mp-11227,Al12W,57
mp-565994,WO3,66
mp-4529,K2SO4,15
mp-4531,NaNO3,15
mp-2201,PbSe,31
mp-1922,RuSe2,95
mp-30180,Al4Mo,75
mp-715434,NiO,98
mp-662,NiSe,26
mp-1473,Fe7W6,133
mp-755175,Al2O3,132
mp-971,K2O,14
mp-628327,Fe2O3,58
mp-259,AlMo3,124
mp-2305,MoC,243
mp-1253,BaSe,23
mp-704645,CuO,35
mp-2780,Fe3Se4,53
mp-1008922,CuN,64
mp-1008500,BaO,31
mp-1011377,CeSe2,26
mp-18817,NiSeO4,43
mp-20525,CuSO4,27
mp-3497,FeCuS2,20
mp-541989,Na2CN2,23
mp-555370,V(MoS2)2,72
mp-568936,Ag2Se,13
mp-568789,TiSe,80
mp-510404,GdSe,45
mp-571247,Al3Mo,100
mp-565771,CuMoO4,52
mp-19019,NiMoO4,64
mp-19435,CoMoO4,58
mp-19276,BaMoO4,24
mp-19679,Y2Mo2O7,68
mp-510456,Zr(MoO4)2,18
mp-18852,Na2MoO4,27
mp-640073,FeCuS2,19
mp-510588,Fe(SbO2)2,23
mp-691107,FeOF,45
mp-756361,ZrSeO,47
mp-754954,Ag2Se,13
mp-756134,ZrSeO,76
mp-763136,FeOF,59
mp-763330,FeOF,58
mp-763052,Fe2OF3,45
mp-763351,Fe2O3F,68
mp-763095,FeOF,62
mp-763353,Fe4O5F3,68
mp-765125,FeOF,75
mp-765195,WO2F,85
mp-764716,Fe2OF3,49
mp-768030,FeOF,46
mp-764742,Fe2O3F,66
mp-765184,W3O7F,121
mp-771456,TeWO6,113
mp-754403,ZrO2,45
mp-149,Si,63
mp-715460,CoO,40
mp-755089,ZrO2,81
mp-19443,WO3,117
mp-2352,Na2O,31
mp-557,TeO2,31
mp-784630,Ni2Mo,107
mp-782682,FeOF,59
mp-25595,NiO2,64
mp-715923,WO3,117
mp-567397,W2C,169
mp-2034,W2C,170
mp-32662,WO3,75
mp-20862,CoSe2,56
mp-8639,Ru,196
mp-129,Mo,127
mp-24864,CoO,40
mp-124,Ag,28
mp-2574,ZrO2,74
mp-153,Mg,18
mp-1522,FeS2,128
mp-1521,Sb7Mo3,55
mp-755483,Al2O3,116
mp-1627,Mo2S3,64
mp-134,Al,25
mp-3372,Rb2SO4,13
mp-8938,Si2Mo,149
mp-714976,CoO2,51
mp-117,Sn,22
mp-760381,CuS,19
mp-1509,Sn2S3,13
mp-510536,MoO2,101
mp-104,Sb,28
mp-1692,CuO,35
mp-24972,Fe2O3,87
mp-21276,PbS,32
mp-19,Te,19
mp-1894,WC,282
mp-754628,WN2,26
mp-1500,BaS,26
mp-102,Co,112
mp-1017,Zr3O,57
mp-618991,Cu2S,29
mp-2619,FeSb,59
mp-1547,NiS,60
mp-33,Ru,193
mp-362,Ni3S2,57
mp-775910,ZrO2,100
mp-230,SbO2,58
mp-676011,Si,37
mp-30,Cu,53
mp-999200,Si,48
mp-1552,Mo2C,152
mp-510623,Fe3C,97
mp-716509,WO3,64
mp-886,Ga2O3,76
mp-19128,CoO,34
mp-550893,HfO2,135
mp-991,WN,163
mp-19306,Fe3O4,65
mp-715469,WO3,152
mp-7583,SiS2,22
mp-23,Ni,102
mp-636289,WO3,96
mp-2000,CuSe2,25
mp-18856,MoO3,40
mp-566278,WO3,89
mp-2654,Al2S3,22
mp-19342,WO3,55
mp-754624,Al2O3,131
mp-756436,FeO,56
mp-28,Ce,42
mp-1023128,CuS,41
mp-760,FeSe2,94
mp-755263,CrS2,23
mp-760432,Cu2O3,54
mp-21462,Eu,10
mp-1871,Fe2C,104
mp-754629,WN2,26
mp-19372,WO2,91
mp-18905,FeO,65
mp-20714,FeSb2,64
mp-112,Y,26
mp-46,Ti,47
mp-8635,Zr,34
mp-504,CuS,29
mp-754759,Y2O3,63
mp-594,NiS,22
mp-754401,Al2O3,49
mp-1565,ZrO2,119
mp-1340,Ga2Se3,21
mp-2858,ZrO2,88
mp-554609,VS,127
mp-559175,WO3,126
mp-24084,KH,11
mp-219,MoP,137
mp-1068,CuS2,35
mp-10021,Ga,18
mp-775909,ZrO2,104
mp-19009,NiO,98
mp-2136,Sb2O3,23
mp-1332,Si3Mo5,121
mp-1045,Nd2O3,51
mp-555599,CuS,27
mvc-3489,Y2Fe2O7,71
mp-4533,Na2SiO3,37
mp-38725,NaBH4,11
mp-752467,NbO2F,61
mp-862361,Sc2NiOs,64
mp-5515,Li7MnN4,72
mp-677105,Cu2GeSe3,28
