6-block periodic repeat unit for wurtzite superlattices along the [0001] direction,"Lattice Parameter
(angstrom)"
AgI-AgI-AgI-AgI-AgI-AgI,4.684
AgI-AgI-AgI-AgI-AgI-CdTe,4.7189999999999985
AgI-AgI-AgI-AgI-AgI-InSb,4.725
AgI-AgI-AgI-AgI-CdTe-CdTe,4.7360000000000015
AgI-AgI-AgI-CdTe-CdTe-CdTe,4.726
AgI-AgI-AgI-InSb-InSb-InSb,4.646
AgI-AgI-CdTe-CdTe-CdTe-CdTe,4.724
AgI-AgI-CdTe-CdTe-InSb-InSb,4.729
AgI-AgI-CdTe-InSb-InSb-InSb,4.671
AgI-AgI-InSb-InSb-InSb-InSb,4.609
AgI-CdTe-CdTe-CdTe-InSb-InSb,4.714
AgI-CdTe-CdTe-InSb-InSb-InSb,4.71
AgI-CdTe-InSb-InSb-InSb-InSb,4.676
AgI-InSb-InSb-InSb-InSb-InSb,4.63
AlAs-AlAs-AlAs-AlAs-AlAs-AlAs,4.043
AlAs-AlAs-AlAs-AlAs-AlAs-CdS,4.075
AlAs-AlAs-AlAs-AlAs-AlAs-CuBr,4.085
AlAs-AlAs-AlAs-AlAs-AlAs-GaAs,4.043
AlAs-AlAs-AlAs-AlAs-AlAs-ZnSe,4.055
AlAs-AlAs-AlAs-AlAs-CdS-CdS,4.099
AlAs-AlAs-AlAs-AlAs-CuBr-CuBr,4.061
AlAs-AlAs-AlAs-AlAs-CuBr-GaAs,4.025
AlAs-AlAs-AlAs-AlAs-GaAs-CdS,4.079
AlAs-AlAs-AlAs-AlAs-GaAs-GaAs,4.044
AlAs-AlAs-AlAs-AlAs-ZnSe-GaAs,4.067
AlAs-AlAs-AlAs-AlAs-ZnSe-ZnSe,4.063
AlAs-AlAs-AlAs-CdS-CdS-CdS,4.124
AlAs-AlAs-AlAs-CuBr-CuBr-CuBr,4.082
AlAs-AlAs-AlAs-CuBr-CuBr-GaAs,4.017
AlAs-AlAs-AlAs-CuBr-GaAs-GaAs,4.025
AlAs-AlAs-AlAs-CuBr-ZnSe-GaAs,4.08
AlAs-AlAs-AlAs-CuBr-ZnSe-ZnSe,4.0760000000000005
AlAs-AlAs-AlAs-GaAs-CdS-CdS,4.102
AlAs-AlAs-AlAs-GaAs-GaAs-CdS,4.08
AlAs-AlAs-AlAs-GaAs-GaAs-GaAs,4.045
AlAs-AlAs-AlAs-ZnSe-GaAs-GaAs,4.0710000000000015
AlAs-AlAs-AlAs-ZnSe-ZnSe-GaAs,4.0680000000000005
AlAs-AlAs-AlAs-ZnSe-ZnSe-ZnSe,4.065
AlAs-AlAs-CdS-CdS-CdS-CdS,4.16
AlAs-AlAs-CuBr-CuBr-CuBr-CuBr,4.079
AlAs-AlAs-CuBr-CuBr-GaAs-GaAs,4.012
AlAs-AlAs-CuBr-CuBr-ZnSe-GaAs,4.023
AlAs-AlAs-CuBr-CuBr-ZnSe-ZnSe,4.044
AlAs-AlAs-CuBr-GaAs-GaAs-GaAs,4.016
AlAs-AlAs-CuBr-ZnSe-ZnSe-GaAs,4.087
AlAs-AlAs-GaAs-CdS-CdS-CdS,4.129
AlAs-AlAs-GaAs-GaAs-CdS-CdS,4.103
AlAs-AlAs-GaAs-GaAs-GaAs-GaAs,4.047
AlAs-AlAs-ZnSe-ZnSe-GaAs-GaAs,4.0710000000000015
AlAs-AlAs-ZnSe-ZnSe-ZnSe-ZnSe,4.063
AlAs-CdS-CdS-CdS-CdS-CdS,4.197
AlAs-CuBr-CuBr-CuBr-CuBr-CuBr,4.06
AlAs-CuBr-CuBr-CuBr-CuBr-GaAs,3.983
AlAs-CuBr-CuBr-CuBr-GaAs-GaAs,4.032
AlAs-CuBr-CuBr-CuBr-ZnSe-ZnSe,4.056
AlAs-CuBr-CuBr-GaAs-GaAs-GaAs,3.997
AlAs-CuBr-CuBr-ZnSe-GaAs-GaAs,4.07
AlAs-CuBr-CuBr-ZnSe-ZnSe-GaAs,4.0760000000000005
AlAs-CuBr-GaAs-GaAs-GaAs-GaAs,4.02
AlAs-CuBr-ZnSe-GaAs-GaAs-GaAs,4.09
AlAs-CuBr-ZnSe-ZnSe-GaAs-GaAs,4.09
AlAs-CuBr-ZnSe-ZnSe-ZnSe-GaAs,4.083
AlAs-CuBr-ZnSe-ZnSe-ZnSe-ZnSe,4.06
AlAs-GaAs-GaAs-CdS-CdS-CdS,4.134
AlAs-GaAs-GaAs-GaAs-GaAs-CdS,4.086
AlAs-GaAs-GaAs-GaAs-GaAs-GaAs,4.048
AlAs-ZnSe-ZnSe-GaAs-GaAs-GaAs,4.072
AlAs-ZnSe-ZnSe-ZnSe-GaAs-GaAs,4.074
AlAs-ZnSe-ZnSe-ZnSe-ZnSe-GaAs,4.072
AlAs-ZnSe-ZnSe-ZnSe-ZnSe-ZnSe,4.065
AlN-AlN-AlN-AlN-AlN-SiC,3.138
AlN-AlN-AlN-AlN-SiC-SiC,3.138
AlN-AlN-AlN-SiC-SiC-SiC,3.134
AlN-AlN-SiC-SiC-SiC-SiC,3.127
AlN-SiC-SiC-SiC-SiC-SiC,3.112
AlP-AlP-AlP-AlP-AlP-AlP,3.886
AlP-AlP-AlP-AlP-AlP-CuBr,3.923
AlP-AlP-AlP-AlP-AlP-GaP,3.883
AlP-AlP-AlP-AlP-AlP-ZnS,3.888
AlP-AlP-AlP-AlP-CuBr-CuBr,3.953
AlP-AlP-AlP-AlP-CuBr-GaP,3.874
AlP-AlP-AlP-AlP-CuBr-ZnSe,3.854
AlP-AlP-AlP-AlP-GaP-GaP,3.883
AlP-AlP-AlP-AlP-ZnS-ZnS,3.891
AlP-AlP-AlP-AlP-ZnSe-GaP,3.916
AlP-AlP-AlP-AlP-ZnSe-ZnSe,3.942
AlP-AlP-AlP-CuBr-CuBr-CuBr,3.883
AlP-AlP-AlP-CuBr-CuBr-GaP,3.887
AlP-AlP-AlP-CuBr-GaP-GaP,3.874
AlP-AlP-AlP-CuBr-ZnSe-ZnSe,3.927
AlP-AlP-AlP-GaP-GaP-GaP,3.883
AlP-AlP-AlP-ZnS-GaP-GaP,3.899
AlP-AlP-AlP-ZnS-ZnS-ZnS,3.882
AlP-AlP-AlP-ZnSe-GaP-GaP,3.917
AlP-AlP-AlP-ZnSe-ZnSe-GaP,3.95
AlP-AlP-AlP-ZnSe-ZnSe-ZnSe,3.972
AlP-AlP-CuBr-CuBr-CuBr-CuBr,3.944
AlP-AlP-CuBr-CuBr-CuBr-GaP,3.908
AlP-AlP-CuBr-CuBr-CuBr-ZnSe,3.854
AlP-AlP-CuBr-CuBr-GaP-GaP,3.886
AlP-AlP-CuBr-CuBr-ZnSe-GaP,3.857
AlP-AlP-CuBr-GaP-GaP-GaP,3.869
AlP-AlP-CuBr-ZnSe-GaP-GaP,3.901
AlP-AlP-CuBr-ZnSe-ZnSe-GaP,3.96
AlP-AlP-CuBr-ZnSe-ZnSe-ZnSe,3.979
AlP-AlP-ZnS-GaP-GaP-GaP,3.9
AlP-AlP-ZnS-ZnS-GaP-GaP,3.897
AlP-AlP-ZnS-ZnS-ZnS-GaP,3.891
AlP-AlP-ZnS-ZnS-ZnS-ZnS,3.873
AlP-AlP-ZnSe-GaP-GaP-GaP,3.917
AlP-AlP-ZnSe-ZnSe-GaP-GaP,3.951
AlP-AlP-ZnSe-ZnSe-ZnSe-ZnSe,3.998
AlP-CuBr-CuBr-CuBr-CuBr-CuBr,4.011
AlP-CuBr-CuBr-CuBr-CuBr-GaP,3.946
AlP-CuBr-CuBr-CuBr-CuBr-ZnSe,3.957
AlP-CuBr-CuBr-CuBr-ZnSe-GaP,3.923
AlP-CuBr-CuBr-CuBr-ZnSe-ZnSe,3.98
AlP-CuBr-CuBr-GaP-GaP-GaP,3.88
AlP-CuBr-CuBr-ZnSe-GaP-GaP,3.859
AlP-CuBr-CuBr-ZnSe-ZnSe-GaP,3.986
AlP-CuBr-CuBr-ZnSe-ZnSe-ZnSe,3.996
AlP-CuBr-ZnSe-GaP-GaP-GaP,3.902
AlP-CuBr-ZnSe-ZnSe-GaP-GaP,3.955
AlP-CuBr-ZnSe-ZnSe-ZnSe-GaP,3.998
AlP-CuBr-ZnSe-ZnSe-ZnSe-ZnSe,4.01
AlP-GaP-GaP-GaP-GaP-GaP,3.88
AlP-ZnS-GaP-GaP-GaP-GaP,3.9
AlP-ZnS-ZnS-GaP-GaP-GaP,3.897
AlP-ZnS-ZnS-ZnS-ZnS-ZnS,3.87
AlP-ZnSe-ZnSe-GaP-GaP-GaP,3.95
AlP-ZnSe-ZnSe-ZnSe-GaP-GaP,3.981
AlP-ZnSe-ZnSe-ZnSe-ZnSe-GaP,4.009
AlP-ZnSe-ZnSe-ZnSe-ZnSe-ZnSe,4.029
AlSb-AlSb-AlSb-AlSb-AlSb-CdSe,4.398
AlSb-AlSb-AlSb-AlSb-AlSb-GaSb,4.388
AlSb-AlSb-AlSb-AlSb-AlSb-InAs,4.379
AlSb-AlSb-AlSb-AlSb-AlSb-ZnTe,4.395
AlSb-AlSb-AlSb-AlSb-CdSe-InAs,4.388
AlSb-AlSb-AlSb-AlSb-GaSb-GaSb,4.386
AlSb-AlSb-AlSb-AlSb-GaSb-InAs,4.378
AlSb-AlSb-AlSb-AlSb-InAs-InAs,4.375
AlSb-AlSb-AlSb-AlSb-ZnTe-GaSb,4.4030000000000005
AlSb-AlSb-AlSb-AlSb-ZnTe-InAs,4.375
AlSb-AlSb-AlSb-AlSb-ZnTe-ZnTe,4.391
AlSb-AlSb-AlSb-CdSe-CdSe-CdSe,4.397
AlSb-AlSb-AlSb-CdSe-CdSe-InAs,4.575
AlSb-AlSb-AlSb-CdSe-InAs-InAs,4.38
AlSb-AlSb-AlSb-GaSb-CdSe-CdSe,4.398
AlSb-AlSb-AlSb-GaSb-CdSe-InAs,4.388
AlSb-AlSb-AlSb-GaSb-GaSb-CdSe,4.395
AlSb-AlSb-AlSb-GaSb-GaSb-InAs,4.375
AlSb-AlSb-AlSb-GaSb-InAs-InAs,4.373
AlSb-AlSb-AlSb-InAs-InAs-InAs,4.37
AlSb-AlSb-AlSb-ZnTe-CdSe-CdSe,4.398
AlSb-AlSb-AlSb-ZnTe-CdSe-InAs,4.384
AlSb-AlSb-AlSb-ZnTe-GaSb-CdSe,4.414
AlSb-AlSb-AlSb-ZnTe-GaSb-GaSb,4.399
AlSb-AlSb-AlSb-ZnTe-ZnTe-CdSe,4.3889999999999985
AlSb-AlSb-AlSb-ZnTe-ZnTe-GaSb,4.396
AlSb-AlSb-AlSb-ZnTe-ZnTe-InAs,4.36
AlSb-AlSb-CdSe-CdSe-CdSe-CdSe,4.396
AlSb-AlSb-GaSb-CdSe-CdSe-CdSe,4.395
AlSb-AlSb-GaSb-CdSe-CdSe-InAs,4.384
AlSb-AlSb-GaSb-CdSe-InAs-InAs,4.381
AlSb-AlSb-GaSb-GaSb-CdSe-CdSe,4.394
AlSb-AlSb-GaSb-GaSb-CdSe-InAs,4.532
AlSb-AlSb-GaSb-GaSb-GaSb-CdSe,4.391
AlSb-AlSb-GaSb-GaSb-GaSb-GaSb,4.382
AlSb-AlSb-GaSb-GaSb-GaSb-InAs,4.372
AlSb-AlSb-ZnTe-CdSe-CdSe-CdSe,4.398
AlSb-AlSb-ZnTe-GaSb-CdSe-CdSe,4.414
AlSb-AlSb-ZnTe-GaSb-CdSe-InAs,4.407
AlSb-AlSb-ZnTe-GaSb-GaSb-CdSe,4.412
AlSb-AlSb-ZnTe-GaSb-GaSb-GaSb,4.398
AlSb-AlSb-ZnTe-GaSb-GaSb-InAs,4.387
AlSb-AlSb-ZnTe-GaSb-InAs-InAs,4.381
AlSb-AlSb-ZnTe-ZnTe-CdSe-CdSe,4.392
AlSb-AlSb-ZnTe-ZnTe-GaSb-GaSb,4.396
AlSb-AlSb-ZnTe-ZnTe-GaSb-InAs,4.378
AlSb-AlSb-ZnTe-ZnTe-InAs-InAs,4.353
AlSb-AlSb-ZnTe-ZnTe-ZnTe-CdSe,4.384
AlSb-AlSb-ZnTe-ZnTe-ZnTe-GaSb,4.391
AlSb-AlSb-ZnTe-ZnTe-ZnTe-InAs,4.349
AlSb-AlSb-ZnTe-ZnTe-ZnTe-ZnTe,4.379
AlSb-CdSe-CdSe-CdSe-CdSe-CdSe,4.402
AlSb-CdSe-CdSe-CdSe-CdSe-InAs,4.38
AlSb-CdSe-InAs-InAs-InAs-InAs,4.368
AlSb-GaSb-CdSe-CdSe-CdSe-InAs,4.381
AlSb-GaSb-CdSe-CdSe-InAs-InAs,4.373
AlSb-GaSb-CdSe-InAs-InAs-InAs,4.374
AlSb-GaSb-GaSb-CdSe-CdSe-CdSe,4.392
AlSb-GaSb-GaSb-CdSe-CdSe-InAs,4.381
AlSb-GaSb-GaSb-CdSe-InAs-InAs,4.376
AlSb-GaSb-GaSb-GaSb-CdSe-InAs,4.379
AlSb-GaSb-GaSb-GaSb-GaSb-CdSe,4.388
AlSb-GaSb-GaSb-GaSb-InAs-InAs,4.369
AlSb-GaSb-GaSb-InAs-InAs-InAs,4.456
AlSb-InAs-InAs-InAs-InAs-InAs,4.3610000000000015
AlSb-ZnTe-CdSe-CdSe-CdSe-CdSe,4.401
AlSb-ZnTe-CdSe-CdSe-CdSe-InAs,4.387
AlSb-ZnTe-CdSe-CdSe-InAs-InAs,4.378
AlSb-ZnTe-CdSe-InAs-InAs-InAs,4.373
AlSb-ZnTe-GaSb-CdSe-CdSe-CdSe,4.423
AlSb-ZnTe-GaSb-GaSb-CdSe-CdSe,4.414
AlSb-ZnTe-GaSb-GaSb-CdSe-InAs,4.404
AlSb-ZnTe-GaSb-GaSb-GaSb-CdSe,4.407
AlSb-ZnTe-GaSb-GaSb-GaSb-GaSb,4.395
AlSb-ZnTe-GaSb-GaSb-InAs-InAs,4.384
AlSb-ZnTe-GaSb-InAs-InAs-InAs,4.505
AlSb-ZnTe-ZnTe-CdSe-CdSe-CdSe,4.395
AlSb-ZnTe-ZnTe-CdSe-InAs-InAs,4.368
AlSb-ZnTe-ZnTe-GaSb-CdSe-CdSe,4.422
AlSb-ZnTe-ZnTe-GaSb-GaSb-CdSe,4.41
AlSb-ZnTe-ZnTe-GaSb-GaSb-GaSb,4.393
AlSb-ZnTe-ZnTe-GaSb-GaSb-InAs,4.382
AlSb-ZnTe-ZnTe-GaSb-InAs-InAs,4.374
AlSb-ZnTe-ZnTe-ZnTe-CdSe-CdSe,4.3889999999999985
AlSb-ZnTe-ZnTe-ZnTe-CdSe-InAs,4.371
AlSb-ZnTe-ZnTe-ZnTe-GaSb-CdSe,4.4110000000000005
AlSb-ZnTe-ZnTe-ZnTe-GaSb-GaSb,4.39
AlSb-ZnTe-ZnTe-ZnTe-InAs-InAs,4.342
AlSb-ZnTe-ZnTe-ZnTe-ZnTe-GaSb,4.388
AlSb-ZnTe-ZnTe-ZnTe-ZnTe-InAs,4.353
AlSb-ZnTe-ZnTe-ZnTe-ZnTe-ZnTe,4.375
BAs-BAs-BAs-BAs-BAs-BAs,3.39
BeO-BeO-BeO-BeO-BeO-BeO,2.707
BeS-BAs-BAs-BAs-BAs-BAs,3.397
BeS-BeS-BAs-BAs-BAs-BAs,3.409
BeS-BeS-BeS-BeS-BeS-BAs,3.435
BeS-BeS-BeS-BeS-BeS-BeS,3.438
BeSe-BeSe-BeSe-BeSe-BeSe-InN,3.673
BeSe-BeSe-BeSe-BeSe-CuCl-CuCl,3.708
BeSe-BeSe-BeSe-BeSe-InN-InN,3.5980000000000003
BeSe-BeSe-BeSe-InN-InN-InN,3.579
BeSe-InN-InN-InN-InN-InN,3.534
BeTe-AlAs-AlAs-AlAs-AlAs-AlAs,4.015
BeTe-AlAs-AlAs-AlAs-AlAs-CuBr,4.052
BeTe-AlAs-AlAs-AlAs-AlAs-GaAs,4.016
BeTe-AlAs-AlAs-AlAs-AlAs-ZnSe,4.033
BeTe-AlAs-AlAs-AlAs-CuBr-CuBr,4.0280000000000005
BeTe-AlAs-AlAs-AlAs-CuBr-GaAs,4.0280000000000005
BeTe-AlAs-AlAs-AlAs-CuBr-ZnSe,4.03
BeTe-AlAs-AlAs-AlAs-GaAs-GaAs,4.019
BeTe-AlAs-AlAs-CuBr-CuBr-CuBr,4.0360000000000005
BeTe-AlAs-AlAs-CuBr-CuBr-GaAs,4.012
BeTe-AlAs-AlAs-CuBr-GaAs-GaAs,4.004
BeTe-AlAs-AlAs-CuBr-ZnSe-GaAs,4.039
BeTe-AlAs-AlAs-CuBr-ZnSe-ZnSe,4.033
BeTe-AlAs-AlAs-GaAs-GaAs-GaAs,4.021
BeTe-AlAs-AlAs-ZnSe-GaAs-GaAs,4.04
BeTe-AlAs-AlAs-ZnSe-ZnSe-GaAs,4.042
BeTe-AlAs-AlAs-ZnSe-ZnSe-ZnSe,4.042
BeTe-AlAs-CuBr-CuBr-CuBr-CuBr,4.064
BeTe-AlAs-CuBr-CuBr-CuBr-GaAs,4.034
BeTe-AlAs-CuBr-CuBr-CuBr-ZnSe,4.017
BeTe-AlAs-CuBr-CuBr-GaAs-GaAs,3.99
BeTe-AlAs-CuBr-CuBr-ZnSe-GaAs,3.998
BeTe-AlAs-CuBr-CuBr-ZnSe-ZnSe,3.997
BeTe-AlAs-CuBr-GaAs-GaAs-GaAs,4.001
BeTe-AlAs-CuBr-ZnSe-ZnSe-GaAs,4.0360000000000005
BeTe-AlAs-CuBr-ZnSe-ZnSe-ZnSe,4.026
BeTe-AlAs-GaAs-GaAs-GaAs-GaAs,4.024
BeTe-AlAs-ZnSe-ZnSe-GaAs-GaAs,4.046
BeTe-AlAs-ZnSe-ZnSe-ZnSe-ZnSe,4.047
BeTe-AlP-AlP-AlP-AlP-AlP,3.876
BeTe-AlP-AlP-AlP-AlP-CuBr,3.901
BeTe-AlP-AlP-AlP-AlP-GaP,3.877
BeTe-AlP-AlP-AlP-AlP-ZnSe,3.923
BeTe-AlP-AlP-AlP-CuBr-CuBr,3.949
BeTe-AlP-AlP-AlP-CuBr-GaP,3.884
BeTe-AlP-AlP-AlP-CuBr-ZnSe,3.901
BeTe-AlP-AlP-AlP-ZnSe-GaP,3.912
BeTe-AlP-AlP-CuBr-CuBr-CuBr,3.992
BeTe-AlP-AlP-CuBr-CuBr-ZnSe,3.924
BeTe-AlP-AlP-CuBr-GaP-GaP,3.877
BeTe-AlP-AlP-CuBr-ZnSe-GaP,3.908
BeTe-AlP-AlP-CuBr-ZnSe-ZnSe,3.946
BeTe-AlP-AlP-GaP-GaP-GaP,3.876
BeTe-AlP-AlP-ZnSe-ZnSe-GaP,3.946
BeTe-AlP-AlP-ZnSe-ZnSe-ZnSe,3.979
BeTe-AlP-CuBr-CuBr-CuBr-GaP,3.942
BeTe-AlP-CuBr-CuBr-CuBr-ZnSe,3.958
BeTe-AlP-CuBr-CuBr-GaP-GaP,3.894
BeTe-AlP-CuBr-CuBr-ZnSe-GaP,3.937
BeTe-AlP-CuBr-CuBr-ZnSe-ZnSe,3.977
BeTe-AlP-CuBr-ZnSe-GaP-GaP,3.911
BeTe-AlP-CuBr-ZnSe-ZnSe-ZnSe,3.985
BeTe-AlP-ZnSe-GaP-GaP-GaP,3.917
BeTe-AlP-ZnSe-ZnSe-ZnSe-GaP,3.983
BeTe-AlP-ZnSe-ZnSe-ZnSe-ZnSe,4.011
BeTe-BeTe-AlAs-AlAs-AlAs-AlAs,4.016
BeTe-BeTe-AlAs-AlAs-AlAs-GaAs,4.018
BeTe-BeTe-AlAs-AlAs-AlAs-ZnSe,4.027
BeTe-BeTe-AlAs-AlAs-CuBr-CuBr,4.03
BeTe-BeTe-AlAs-AlAs-CuBr-GaAs,4.041
BeTe-BeTe-AlAs-AlAs-CuBr-ZnSe,4.026
BeTe-BeTe-AlAs-AlAs-GaAs-GaAs,4.021
BeTe-BeTe-AlAs-AlAs-ZnSe-GaAs,4.029
BeTe-BeTe-AlAs-AlAs-ZnSe-ZnSe,4.03
BeTe-BeTe-AlAs-CuBr-CuBr-GaAs,4.032
BeTe-BeTe-AlAs-CuBr-GaAs-GaAs,4.02
BeTe-BeTe-AlAs-CuBr-ZnSe-GaAs,4.016
BeTe-BeTe-AlAs-CuBr-ZnSe-ZnSe,4.0139999999999985
BeTe-BeTe-AlAs-GaAs-GaAs-GaAs,4.021
BeTe-BeTe-AlAs-ZnSe-GaAs-GaAs,4.042
BeTe-BeTe-AlAs-ZnSe-ZnSe-GaAs,4.038
BeTe-BeTe-AlAs-ZnSe-ZnSe-ZnSe,4.0360000000000005
BeTe-BeTe-AlP-AlP-AlP-CuBr,3.931
BeTe-BeTe-AlP-AlP-AlP-GaP,3.903
BeTe-BeTe-AlP-AlP-AlP-ZnSe,3.936
BeTe-BeTe-AlP-AlP-CuBr-GaP,3.931
BeTe-BeTe-AlP-AlP-CuBr-ZnSe,3.942
BeTe-BeTe-AlP-AlP-GaP-GaP,3.903
BeTe-BeTe-AlP-AlP-ZnSe-GaP,3.937
BeTe-BeTe-AlP-AlP-ZnSe-ZnSe,3.969
BeTe-BeTe-AlP-CuBr-CuBr-CuBr,4.023
BeTe-BeTe-AlP-CuBr-CuBr-GaP,3.954
BeTe-BeTe-AlP-CuBr-CuBr-ZnSe,3.974
BeTe-BeTe-AlP-CuBr-GaP-GaP,3.927
BeTe-BeTe-AlP-CuBr-ZnSe-GaP,3.942
BeTe-BeTe-AlP-GaP-GaP-GaP,3.902
BeTe-BeTe-AlP-ZnSe-GaP-GaP,3.943
BeTe-BeTe-AlP-ZnSe-ZnSe-GaP,3.972
BeTe-BeTe-BeTe-AlAs-AlAs-AlAs,4.013
BeTe-BeTe-BeTe-AlAs-AlAs-GaAs,4.015
BeTe-BeTe-BeTe-AlAs-CuBr-CuBr,4.003
BeTe-BeTe-BeTe-AlAs-CuBr-ZnSe,4.001
BeTe-BeTe-BeTe-AlAs-GaAs-GaAs,4.017
BeTe-BeTe-BeTe-AlAs-ZnSe-GaAs,4.0280000000000005
BeTe-BeTe-BeTe-AlAs-ZnSe-ZnSe,4.024
BeTe-BeTe-BeTe-AlP-AlP-CuBr,3.965
BeTe-BeTe-BeTe-AlP-AlP-GaP,3.927
BeTe-BeTe-BeTe-AlP-CuBr-ZnSe,3.964
BeTe-BeTe-BeTe-AlP-ZnSe-GaP,3.961
BeTe-BeTe-BeTe-AlP-ZnSe-ZnSe,3.99
BeTe-BeTe-BeTe-BeTe-AlAs-AlAs,4.004
BeTe-BeTe-BeTe-BeTe-AlAs-CuBr,4.0139999999999985
BeTe-BeTe-BeTe-BeTe-AlAs-GaAs,4.005
BeTe-BeTe-BeTe-BeTe-AlAs-ZnSe,4.0139999999999985
BeTe-BeTe-BeTe-BeTe-AlP-AlP,3.948
BeTe-BeTe-BeTe-BeTe-AlP-GaP,3.949
BeTe-BeTe-BeTe-BeTe-AlP-ZnSe,3.98
BeTe-BeTe-BeTe-BeTe-BeTe-AlP,3.965
BeTe-BeTe-BeTe-BeTe-BeTe-BeTe,3.993
BeTe-BeTe-BeTe-BeTe-BeTe-CuBr,4.038
BeTe-BeTe-BeTe-BeTe-BeTe-GaP,3.968
BeTe-BeTe-BeTe-BeTe-BeTe-ZnSe,4.0
BeTe-BeTe-BeTe-BeTe-CuBr-CuBr,4.05
BeTe-BeTe-BeTe-BeTe-CuBr-GaAs,4.02
BeTe-BeTe-BeTe-BeTe-CuBr-GaP,3.985
BeTe-BeTe-BeTe-BeTe-CuBr-ZnSe,4.025
BeTe-BeTe-BeTe-BeTe-GaAs-GaAs,4.008
BeTe-BeTe-BeTe-BeTe-GaP-GaP,3.951
BeTe-BeTe-BeTe-BeTe-ZnSe-GaP,3.989
BeTe-BeTe-BeTe-CuBr-CuBr-CuBr,4.056
BeTe-BeTe-BeTe-CuBr-CuBr-GaAs,4.02
BeTe-BeTe-BeTe-CuBr-CuBr-GaP,3.983
BeTe-BeTe-BeTe-CuBr-CuBr-ZnSe,4.015
BeTe-BeTe-BeTe-CuBr-GaAs-GaAs,4.004
BeTe-BeTe-BeTe-CuBr-GaP-GaP,3.927
BeTe-BeTe-BeTe-CuBr-ZnSe-GaAs,4.035
BeTe-BeTe-BeTe-GaAs-GaAs-GaAs,4.018
BeTe-BeTe-BeTe-ZnSe-GaP-GaP,3.974
BeTe-BeTe-BeTe-ZnSe-ZnSe-GaP,3.999
BeTe-BeTe-BeTe-ZnSe-ZnSe-ZnSe,4.019
BeTe-BeTe-CuBr-CuBr-CuBr-CuBr,4.0680000000000005
BeTe-BeTe-CuBr-CuBr-CuBr-GaAs,4.027
BeTe-BeTe-CuBr-CuBr-CuBr-GaP,3.979
BeTe-BeTe-CuBr-CuBr-CuBr-ZnSe,4.016
BeTe-BeTe-CuBr-CuBr-GaAs-GaAs,3.999
BeTe-BeTe-CuBr-CuBr-GaP-GaP,3.911
BeTe-BeTe-CuBr-CuBr-ZnSe-GaAs,4.026
BeTe-BeTe-CuBr-GaP-GaP-GaP,3.88
BeTe-BeTe-CuBr-ZnSe-GaAs-GaAs,4.034
BeTe-BeTe-CuBr-ZnSe-GaP-GaP,3.877
BeTe-BeTe-CuBr-ZnSe-ZnSe-GaAs,4.056
BeTe-BeTe-CuBr-ZnSe-ZnSe-GaP,4.001
BeTe-BeTe-GaP-GaP-GaP-GaP,3.904
BeTe-BeTe-ZnSe-GaAs-GaAs-GaAs,4.051
BeTe-BeTe-ZnSe-GaP-GaP-GaP,3.953
BeTe-BeTe-ZnSe-ZnSe-GaP-GaP,3.983
BeTe-BeTe-ZnSe-ZnSe-ZnSe-GaAs,4.038
BeTe-BeTe-ZnSe-ZnSe-ZnSe-GaP,4.007
BeTe-BeTe-ZnSe-ZnSe-ZnSe-ZnSe,4.03
BeTe-CuBr-CuBr-CuBr-CuBr-CuBr,4.08
BeTe-CuBr-CuBr-CuBr-CuBr-GaAs,4.027
BeTe-CuBr-CuBr-CuBr-CuBr-ZnSe,4.045
BeTe-CuBr-CuBr-CuBr-GaAs-GaAs,3.985
BeTe-CuBr-CuBr-CuBr-GaP-GaP,3.892
BeTe-CuBr-CuBr-CuBr-ZnSe-GaAs,4.033
BeTe-CuBr-CuBr-CuBr-ZnSe-GaP,3.938
BeTe-CuBr-CuBr-CuBr-ZnSe-ZnSe,4.034
BeTe-CuBr-CuBr-GaAs-GaAs-GaAs,3.983
BeTe-CuBr-CuBr-GaP-GaP-GaP,3.855
BeTe-CuBr-CuBr-ZnSe-GaP-GaP,3.837
BeTe-CuBr-CuBr-ZnSe-ZnSe-GaAs,4.064
BeTe-CuBr-CuBr-ZnSe-ZnSe-GaP,3.993
BeTe-CuBr-CuBr-ZnSe-ZnSe-ZnSe,4.049
BeTe-CuBr-GaAs-GaAs-GaAs-GaAs,3.977
BeTe-CuBr-GaP-GaP-GaP-GaP,3.839
BeTe-CuBr-ZnSe-GaP-GaP-GaP,3.814
BeTe-CuBr-ZnSe-ZnSe-GaAs-GaAs,4.089
BeTe-CuBr-ZnSe-ZnSe-GaP-GaP,3.966
BeTe-CuBr-ZnSe-ZnSe-ZnSe-GaAs,4.072
BeTe-CuBr-ZnSe-ZnSe-ZnSe-GaP,4.023
BeTe-GaAs-GaAs-GaAs-GaAs-GaAs,4.025
BeTe-GaP-GaP-GaP-GaP-GaP,3.879
BeTe-ZnSe-GaP-GaP-GaP-GaP,3.92
BeTe-ZnSe-ZnSe-GaAs-GaAs-GaAs,4.059
BeTe-ZnSe-ZnSe-GaP-GaP-GaP,3.953
BeTe-ZnSe-ZnSe-ZnSe-GaAs-GaAs,4.053
BeTe-ZnSe-ZnSe-ZnSe-GaP-GaP,3.981
BeTe-ZnSe-ZnSe-ZnSe-ZnSe-GaAs,4.049
BeTe-ZnSe-ZnSe-ZnSe-ZnSe-ZnSe,4.038
BN-BN-BN-BN-BN-BN,2.555
BP-BP-BP-BP-BP-BP,3.2
BP-BP-BP-BP-BP-GaN,3.2060000000000004
BP-BP-BP-BP-BP-ZnO,3.202
BP-BP-BP-BP-ZnO-ZnO,3.209
BP-BP-BP-ZnO-GaN-GaN,3.157
BP-BP-BP-ZnO-ZnO-GaN,3.173
BP-BP-BP-ZnO-ZnO-ZnO,3.217
BP-BP-GaN-GaN-GaN-GaN,3.2110000000000003
BP-BP-ZnO-ZnO-GaN-GaN,3.174
BP-BP-ZnO-ZnO-ZnO-GaN,3.19
BP-BP-ZnO-ZnO-ZnO-ZnO,3.233
BP-GaN-GaN-GaN-GaN-GaN,3.2110000000000003
BP-ZnO-GaN-GaN-GaN-GaN,3.153
BP-ZnO-ZnO-ZnO-GaN-GaN,3.188
BP-ZnO-ZnO-ZnO-ZnO-GaN,3.2030000000000003
CdS-CdS-CdS-CdS-CdS-CdS,4.202
CdS-CdS-CdS-CdS-InP-InP,4.24
CdS-CdS-CdS-InP-InP-InP,4.2410000000000005
CdS-CdS-InP-InP-InP-InP,4.24
CdSe-CdSe-CdSe-CdSe-CdSe-CdSe,4.386
CdSe-CdSe-CdSe-CdSe-InAs-InAs,4.412
CdSe-CdSe-CdSe-CdSe-InP-InP,4.351
CdSe-CdSe-CdSe-InP-InP-InP,4.3180000000000005
CdSe-CdSe-InAs-InAs-InAs-InAs,4.404
CdSe-InAs-InAs-InAs-InAs-InAs,4.396
CdSe-InP-InP-InP-InP-InP,4.251
CdTe-CdTe-CdTe-CdTe-CdTe-CdTe,4.674
CdTe-InSb-InSb-InSb-InSb-InSb,4.703
CuBr-CuBr-CuBr-CuBr-CuBr-CuBr,4.018
CuBr-CuBr-CuBr-CuBr-CuBr-GaAs,4.084
CuBr-CuBr-CuBr-CuBr-CuBr-GaP,4.008
CuBr-CuBr-CuBr-CuBr-GaAs-GaAs,4.055
CuBr-CuBr-CuBr-CuBr-GaP-GaP,3.958
CuBr-CuBr-CuBr-CuBr-ZnSe-ZnSe,4.082
CuBr-CuBr-CuBr-GaAs-GaAs-GaAs,3.993
CuBr-CuBr-CuBr-GaP-GaP-GaP,3.901
CuBr-CuBr-CuBr-ZnSe-GaAs-GaAs,4.069
CuBr-CuBr-CuBr-ZnSe-ZnSe-GaAs,4.091
CuBr-CuBr-CuBr-ZnSe-ZnSe-GaP,4.002
CuBr-CuBr-CuBr-ZnSe-ZnSe-ZnSe,4.061
CuBr-CuBr-GaAs-GaAs-GaAs-GaAs,3.996
CuBr-CuBr-GaP-GaP-GaP-GaP,3.878
CuBr-CuBr-ZnSe-GaP-GaP-GaP,3.857
CuBr-CuBr-ZnSe-ZnSe-GaAs-GaAs,4.078
CuBr-CuBr-ZnSe-ZnSe-GaP-GaP,3.989
CuBr-CuBr-ZnSe-ZnSe-ZnSe-GaAs,4.084
CuBr-CuBr-ZnSe-ZnSe-ZnSe-GaP,4.015
CuBr-CuBr-ZnSe-ZnSe-ZnSe-ZnSe,4.062
CuBr-GaAs-GaAs-GaAs-GaAs-GaAs,4.007
CuBr-GaP-GaP-GaP-GaP-GaP,3.869
CuBr-ZnSe-GaAs-GaAs-GaAs-GaAs,4.086
CuBr-ZnSe-GaP-GaP-GaP-GaP,3.899
CuBr-ZnSe-ZnSe-GaAs-GaAs-GaAs,4.092
CuBr-ZnSe-ZnSe-GaP-GaP-GaP,3.955
CuBr-ZnSe-ZnSe-ZnSe-GaAs-GaAs,4.092
CuBr-ZnSe-ZnSe-ZnSe-GaP-GaP,4.0
CuBr-ZnSe-ZnSe-ZnSe-ZnSe-GaAs,4.081
CuBr-ZnSe-ZnSe-ZnSe-ZnSe-GaP,4.022
CuBr-ZnSe-ZnSe-ZnSe-ZnSe-ZnSe,4.064
CuCl-CuCl-CuCl-CuCl-CuCl-CuCl,3.8
CuCl-CuCl-CuCl-CuCl-CuCl-ZnS,3.856
CuCl-CuCl-CuCl-CuCl-ZnS-ZnS,3.847
CuCl-CuCl-CuCl-ZnS-ZnS-ZnS,3.871
CuCl-CuCl-ZnS-ZnS-ZnS-ZnS,3.854
CuI-CdS-CdS-CdS-CdS-CdS,4.133
CuI-CdS-CdS-CdS-CdS-InP,4.13
CuI-CdS-CdS-CdS-InP-InP,4.147
CuI-CdS-CdS-InP-InP-InP,4.157
CuI-CdSe-CdSe-CdSe-CdSe-CdSe,4.317
CuI-CdSe-CdSe-CdSe-CdSe-InP,4.252
CuI-CdSe-InP-InP-InP-InP,4.15
CuI-CuI-CdS-CdS-CdS-InP,4.128
CuI-CuI-CdS-InP-InP-InP,4.131
CuI-CuI-CdSe-InP-InP-InP,4.1389999999999985
CuI-CuI-CuI-CdS-CdS-CdS,4.1530000000000005
CuI-CuI-CuI-CdS-CdS-InP,4.131
CuI-CuI-CuI-CdS-InP-InP,4.106
CuI-CuI-CuI-CdSe-CdSe-CdSe,4.276
CuI-CuI-CuI-CdSe-CdSe-InP,4.1930000000000005
CuI-CuI-CuI-CdSe-InP-InP,4.135
CuI-CuI-CuI-CuI-CdS-CdS,4.1789999999999985
CuI-CuI-CuI-CuI-CdS-InP,4.13
CuI-CuI-CuI-CuI-CdSe-CdSe,4.266
CuI-CuI-CuI-CuI-CdSe-InP,4.159
CuI-CuI-CuI-CuI-CuI-CdS,4.211
CuI-CuI-CuI-CuI-CuI-CdSe,4.258
CuI-CuI-CuI-CuI-CuI-CuI,4.27
CuI-CuI-CuI-CuI-CuI-InP,4.091
CuI-CuI-CuI-CuI-CuI-ZnTe,4.317
CuI-CuI-CuI-CuI-InP-InP,4.002
CuI-CuI-CuI-CuI-ZnTe-CdSe,4.3039999999999985
CuI-CuI-CuI-CuI-ZnTe-InP,4.217
CuI-CuI-CuI-InP-InP-InP,4.138
CuI-CuI-CuI-ZnTe-CdSe-CdSe,4.319
CuI-CuI-CuI-ZnTe-CdSe-InP,4.246
CuI-CuI-CuI-ZnTe-InP-InP,4.187
CuI-CuI-CuI-ZnTe-ZnTe-CdSe,4.32
CuI-CuI-CuI-ZnTe-ZnTe-InP,4.242
CuI-CuI-CuI-ZnTe-ZnTe-ZnTe,4.349
CuI-CuI-InP-InP-InP-InP,4.132
CuI-CuI-ZnTe-CdSe-CdSe-CdSe,4.34
CuI-CuI-ZnTe-CdSe-CdSe-InP,4.268
CuI-CuI-ZnTe-InP-InP-InP,4.174
CuI-CuI-ZnTe-ZnTe-CdSe-CdSe,4.346
CuI-CuI-ZnTe-ZnTe-CdSe-InP,4.277
CuI-CuI-ZnTe-ZnTe-InP-InP,4.224
CuI-CuI-ZnTe-ZnTe-ZnTe-InP,4.265
CuI-CuI-ZnTe-ZnTe-ZnTe-ZnTe,4.3660000000000005
CuI-InP-InP-InP-InP-InP,4.138
CuI-ZnTe-CdSe-CdSe-CdSe-CdSe,4.347
CuI-ZnTe-CdSe-CdSe-CdSe-InP,4.287
CuI-ZnTe-CdSe-CdSe-InP-InP,4.258
CuI-ZnTe-CdSe-InP-InP-InP,4.211
CuI-ZnTe-InP-InP-InP-InP,4.162
CuI-ZnTe-ZnTe-CdSe-CdSe-CdSe,4.351
CuI-ZnTe-ZnTe-CdSe-InP-InP,4.175
CuI-ZnTe-ZnTe-ZnTe-InP-InP,4.246
CuI-ZnTe-ZnTe-ZnTe-ZnTe-CdSe,4.3439999999999985
CuI-ZnTe-ZnTe-ZnTe-ZnTe-InP,4.282
CuI-ZnTe-ZnTe-ZnTe-ZnTe-ZnTe,4.372
GaAs-CdS-CdS-CdS-CdS-CdS,4.215
GaAs-GaAs-CdS-CdS-CdS-CdS,4.182
GaAs-GaAs-GaAs-CdS-CdS-CdS,4.15
GaAs-GaAs-GaAs-GaAs-CdS-CdS,4.123
GaAs-GaAs-GaAs-GaAs-GaAs-CdS,4.095
GaAs-GaAs-GaAs-GaAs-GaAs-GaAs,4.049
GaN-GaN-GaN-GaN-GaN-GaN,3.214
GaP-GaP-GaP-GaP-GaP-GaP,3.877
GaSb-CdSe-CdSe-CdSe-CdSe-CdSe,4.4110000000000005
GaSb-CdSe-CdSe-CdSe-CdSe-InAs,4.395
GaSb-CdSe-CdSe-InAs-InAs-InAs,4.378
GaSb-CdSe-InAs-InAs-InAs-InAs,4.377
GaSb-GaSb-CdSe-CdSe-CdSe-CdSe,4.404
GaSb-GaSb-CdSe-CdSe-CdSe-InAs,4.394
GaSb-GaSb-CdSe-InAs-InAs-InAs,4.38
GaSb-GaSb-GaSb-CdSe-CdSe-CdSe,4.4
GaSb-GaSb-GaSb-CdSe-CdSe-InAs,4.39
GaSb-GaSb-GaSb-CdSe-InAs-InAs,4.386
GaSb-GaSb-GaSb-GaSb-CdSe-CdSe,4.396
GaSb-GaSb-GaSb-GaSb-CdSe-InAs,4.395
GaSb-GaSb-GaSb-GaSb-GaSb-CdSe,4.394
GaSb-GaSb-GaSb-GaSb-InAs-InAs,4.374
GaSb-GaSb-GaSb-InAs-InAs-InAs,4.485
GaSb-GaSb-InAs-InAs-InAs-InAs,4.369
InAs-InAs-InAs-InAs-InAs-InAs,4.502
InN-InN-InN-InN-InN-InN,3.58
InP-InP-InP-InP-InP-InP,4.284
InSb-InSb-InSb-InSb-InSb-InSb,4.675
MgS-AlAs-AlAs-AlAs-AlAs-AlAs,4.065
MgS-AlAs-AlAs-AlAs-AlAs-GaAs,4.067
MgS-AlAs-AlAs-AlAs-AlAs-ZnSe,4.067
MgS-AlAs-AlAs-AlAs-CuBr-CuBr,4.041
MgS-AlAs-AlAs-AlAs-CuBr-ZnSe,4.075
MgS-AlAs-AlAs-AlAs-GaAs-GaAs,4.069
MgS-AlAs-AlAs-AlAs-ZnSe-GaAs,4.086
MgS-AlAs-AlAs-AlAs-ZnSe-ZnSe,4.064
MgS-AlAs-AlAs-CuBr-CuBr-CuBr,4.0280000000000005
MgS-AlAs-AlAs-CuBr-CuBr-ZnSe,4.066
MgS-AlAs-AlAs-CuBr-GaAs-GaAs,4.103
MgS-AlAs-AlAs-CuBr-ZnSe-GaAs,4.118
MgS-AlAs-AlAs-ZnSe-GaAs-GaAs,4.09
MgS-AlAs-AlAs-ZnSe-ZnSe-GaAs,4.097
MgS-AlAs-AlAs-ZnSe-ZnSe-ZnSe,4.065
MgS-AlAs-CuBr-CuBr-CuBr-CuBr,4.019
MgS-AlAs-CuBr-CuBr-CuBr-GaAs,4.114
MgS-AlAs-CuBr-CuBr-CuBr-ZnSe,4.0680000000000005
MgS-AlAs-CuBr-CuBr-ZnSe-GaAs,4.112
MgS-AlAs-CuBr-CuBr-ZnSe-ZnSe,4.067
MgS-AlAs-CuBr-GaAs-GaAs-GaAs,4.032
MgS-AlAs-CuBr-ZnSe-ZnSe-GaAs,4.11
MgS-AlAs-GaAs-GaAs-GaAs-GaAs,4.074
MgS-AlAs-ZnSe-GaAs-GaAs-GaAs,4.096
MgS-AlAs-ZnSe-ZnSe-GaAs-GaAs,4.096
MgS-AlAs-ZnSe-ZnSe-ZnSe-GaAs,4.097
MgS-AlAs-ZnSe-ZnSe-ZnSe-ZnSe,4.0680000000000005
MgS-AlP-AlP-AlP-AlP-AlP,3.929
MgS-AlP-AlP-AlP-AlP-GaP,3.93
MgS-AlP-AlP-AlP-AlP-ZnSe,3.945
MgS-AlP-AlP-AlP-CuBr-CuBr,3.806
MgS-AlP-AlP-AlP-CuBr-GaP,3.975
MgS-AlP-AlP-AlP-CuBr-ZnSe,3.95
MgS-AlP-AlP-AlP-GaP-GaP,3.929
MgS-AlP-AlP-AlP-ZnSe-GaP,3.968
MgS-AlP-AlP-CuBr-CuBr-CuBr,3.839
MgS-AlP-AlP-CuBr-CuBr-ZnSe,3.959
MgS-AlP-AlP-CuBr-GaP-GaP,3.955
MgS-AlP-AlP-CuBr-ZnSe-GaP,3.99
MgS-AlP-AlP-CuBr-ZnSe-ZnSe,3.983
MgS-AlP-AlP-GaP-GaP-GaP,3.929
MgS-AlP-AlP-ZnSe-GaP-GaP,3.968
MgS-AlP-AlP-ZnSe-ZnSe-GaP,4.005
MgS-AlP-CuBr-CuBr-CuBr-CuBr,3.907
MgS-AlP-CuBr-CuBr-CuBr-GaP,4.018
MgS-AlP-CuBr-CuBr-CuBr-ZnSe,3.983
MgS-AlP-CuBr-CuBr-ZnSe-GaP,4.017
MgS-AlP-CuBr-CuBr-ZnSe-ZnSe,4.001
MgS-AlP-CuBr-ZnSe-ZnSe-GaP,4.02
MgS-AlP-CuBr-ZnSe-ZnSe-ZnSe,4.0139999999999985
MgS-AlP-GaP-GaP-GaP-GaP,3.926
MgS-AlP-ZnSe-GaP-GaP-GaP,3.971
MgS-AlP-ZnSe-ZnSe-GaP-GaP,4.004
MgS-AlP-ZnSe-ZnSe-ZnSe-GaP,4.029
MgS-AlP-ZnSe-ZnSe-ZnSe-ZnSe,4.0310000000000015
MgS-BeTe-AlAs-AlAs-AlAs-AlAs,4.042
MgS-BeTe-AlAs-AlAs-AlAs-ZnSe,4.05
MgS-BeTe-AlAs-AlAs-CuBr-CuBr,3.981
MgS-BeTe-AlAs-AlAs-CuBr-GaAs,4.085
MgS-BeTe-AlAs-AlAs-CuBr-ZnSe,4.03
MgS-BeTe-AlAs-AlAs-GaAs-GaAs,4.049
MgS-BeTe-AlAs-AlAs-ZnSe-GaAs,4.069
MgS-BeTe-AlAs-AlAs-ZnSe-ZnSe,4.047
MgS-BeTe-AlAs-CuBr-CuBr-CuBr,3.987
MgS-BeTe-AlAs-CuBr-CuBr-GaAs,4.089
MgS-BeTe-AlAs-CuBr-CuBr-ZnSe,3.993
MgS-BeTe-AlAs-CuBr-GaAs-GaAs,4.0139999999999985
MgS-BeTe-AlAs-CuBr-ZnSe-GaAs,4.064
MgS-BeTe-AlAs-CuBr-ZnSe-ZnSe,4.027
MgS-BeTe-AlAs-GaAs-GaAs-GaAs,4.042
MgS-BeTe-AlAs-ZnSe-ZnSe-GaAs,4.0760000000000005
MgS-BeTe-AlAs-ZnSe-ZnSe-ZnSe,4.05
MgS-BeTe-AlP-AlP-AlP-AlP,3.961
MgS-BeTe-AlP-AlP-AlP-CuBr,3.884
MgS-BeTe-AlP-AlP-AlP-GaP,3.961
MgS-BeTe-AlP-AlP-CuBr-CuBr,3.907
MgS-BeTe-AlP-AlP-CuBr-GaP,3.973
MgS-BeTe-AlP-AlP-ZnSe-GaP,3.976
MgS-BeTe-AlP-AlP-ZnSe-ZnSe,3.979
MgS-BeTe-AlP-CuBr-CuBr-CuBr,3.915
MgS-BeTe-AlP-CuBr-CuBr-GaP,4.003
MgS-BeTe-AlP-CuBr-CuBr-ZnSe,3.978
MgS-BeTe-AlP-CuBr-GaP-GaP,3.944
MgS-BeTe-AlP-CuBr-ZnSe-GaP,3.98
MgS-BeTe-AlP-CuBr-ZnSe-ZnSe,3.982
MgS-BeTe-AlP-GaP-GaP-GaP,3.96
MgS-BeTe-AlP-ZnSe-ZnSe-GaP,4.008
MgS-BeTe-AlP-ZnSe-ZnSe-ZnSe,4.013
MgS-BeTe-BeTe-AlAs-AlAs-AlAs,4.027
MgS-BeTe-BeTe-AlAs-AlAs-CuBr,4.004
MgS-BeTe-BeTe-AlAs-AlAs-GaAs,4.03
MgS-BeTe-BeTe-AlAs-AlAs-ZnSe,4.035
MgS-BeTe-BeTe-AlAs-CuBr-CuBr,3.968
MgS-BeTe-BeTe-AlAs-CuBr-GaAs,4.062
MgS-BeTe-BeTe-AlAs-GaAs-GaAs,4.0280000000000005
MgS-BeTe-BeTe-AlAs-ZnSe-GaAs,4.058
MgS-BeTe-BeTe-AlAs-ZnSe-ZnSe,4.039
MgS-BeTe-BeTe-AlP-AlP-CuBr,3.918
MgS-BeTe-BeTe-AlP-AlP-GaP,3.95
MgS-BeTe-BeTe-AlP-AlP-ZnSe,3.97
MgS-BeTe-BeTe-AlP-CuBr-CuBr,3.955
MgS-BeTe-BeTe-AlP-CuBr-ZnSe,3.969
MgS-BeTe-BeTe-AlP-GaP-GaP,3.946
MgS-BeTe-BeTe-AlP-ZnSe-GaP,3.996
MgS-BeTe-BeTe-AlP-ZnSe-ZnSe,4.003
MgS-BeTe-BeTe-BeTe-AlAs-AlAs,4.018
MgS-BeTe-BeTe-BeTe-AlAs-CuBr,3.98
MgS-BeTe-BeTe-BeTe-AlAs-GaAs,4.023
MgS-BeTe-BeTe-BeTe-AlAs-ZnSe,4.027
MgS-BeTe-BeTe-BeTe-AlP-AlP,3.969
MgS-BeTe-BeTe-BeTe-AlP-CuBr,3.945
MgS-BeTe-BeTe-BeTe-AlP-GaP,3.971
MgS-BeTe-BeTe-BeTe-AlP-ZnSe,3.991
MgS-BeTe-BeTe-BeTe-BeTe-AlAs,4.015
MgS-BeTe-BeTe-BeTe-BeTe-AlP,3.991
MgS-BeTe-BeTe-BeTe-BeTe-BeTe,3.988
MgS-BeTe-BeTe-BeTe-BeTe-CuBr,4.013
MgS-BeTe-BeTe-BeTe-BeTe-GaP,3.998
MgS-BeTe-BeTe-BeTe-BeTe-ZnSe,4.01
MgS-BeTe-BeTe-BeTe-CuBr-CuBr,3.97
MgS-BeTe-BeTe-BeTe-CuBr-GaAs,4.055
MgS-BeTe-BeTe-BeTe-CuBr-GaP,4.0310000000000015
MgS-BeTe-BeTe-BeTe-GaP-GaP,3.971
MgS-BeTe-BeTe-BeTe-ZnSe-GaAs,4.044
MgS-BeTe-BeTe-BeTe-ZnSe-GaP,4.02
MgS-BeTe-BeTe-BeTe-ZnSe-ZnSe,4.019
MgS-BeTe-BeTe-CuBr-CuBr-CuBr,3.944
MgS-BeTe-BeTe-CuBr-CuBr-GaAs,4.059
MgS-BeTe-BeTe-CuBr-CuBr-GaP,4.04
MgS-BeTe-BeTe-CuBr-CuBr-ZnSe,4.0139999999999985
MgS-BeTe-BeTe-CuBr-GaAs-GaAs,3.885
MgS-BeTe-BeTe-CuBr-GaP-GaP,3.917
MgS-BeTe-BeTe-CuBr-ZnSe-GaP,4.039
MgS-BeTe-BeTe-CuBr-ZnSe-ZnSe,4.043
MgS-BeTe-BeTe-GaAs-GaAs-GaAs,4.023
MgS-BeTe-BeTe-GaP-GaP-GaP,3.944
MgS-BeTe-BeTe-ZnSe-GaP-GaP,3.998
MgS-BeTe-BeTe-ZnSe-ZnSe-GaAs,4.058
MgS-BeTe-BeTe-ZnSe-ZnSe-GaP,4.0310000000000015
MgS-BeTe-CuBr-CuBr-CuBr-CuBr,3.979
MgS-BeTe-CuBr-CuBr-CuBr-GaAs,4.0760000000000005
MgS-BeTe-CuBr-CuBr-CuBr-GaP,4.048
MgS-BeTe-CuBr-CuBr-CuBr-ZnSe,4.018
MgS-BeTe-CuBr-CuBr-GaP-GaP,3.896
MgS-BeTe-CuBr-CuBr-ZnSe-GaAs,4.034
MgS-BeTe-CuBr-CuBr-ZnSe-GaP,4.03
MgS-BeTe-CuBr-GaAs-GaAs-GaAs,3.933
MgS-BeTe-CuBr-GaP-GaP-GaP,3.87
MgS-BeTe-CuBr-ZnSe-GaAs-GaAs,4.006
MgS-BeTe-CuBr-ZnSe-GaP-GaP,3.845
MgS-BeTe-CuBr-ZnSe-ZnSe-GaAs,4.109
MgS-BeTe-CuBr-ZnSe-ZnSe-GaP,4.0680000000000005
MgS-BeTe-CuBr-ZnSe-ZnSe-ZnSe,4.058
MgS-BeTe-GaAs-GaAs-GaAs-GaAs,4.032
MgS-BeTe-GaP-GaP-GaP-GaP,3.92
MgS-BeTe-ZnSe-GaAs-GaAs-GaAs,4.065
MgS-BeTe-ZnSe-GaP-GaP-GaP,3.977
MgS-BeTe-ZnSe-ZnSe-GaAs-GaAs,4.069
MgS-BeTe-ZnSe-ZnSe-GaP-GaP,4.012
MgS-BeTe-ZnSe-ZnSe-ZnSe-GaAs,4.07
MgS-BeTe-ZnSe-ZnSe-ZnSe-GaP,4.042
MgS-CuBr-CuBr-CuBr-CuBr-CuBr,4.013
MgS-CuBr-CuBr-CuBr-CuBr-GaAs,4.112
MgS-CuBr-CuBr-CuBr-CuBr-GaP,4.085
MgS-CuBr-CuBr-CuBr-CuBr-ZnSe,4.039
MgS-CuBr-CuBr-CuBr-GaAs-GaAs,3.998
MgS-CuBr-CuBr-CuBr-ZnSe-GaAs,4.0939999999999985
MgS-CuBr-CuBr-CuBr-ZnSe-ZnSe,4.021
MgS-CuBr-CuBr-GaAs-GaAs-GaAs,3.992
MgS-CuBr-CuBr-GaP-GaP-GaP,3.912
MgS-CuBr-CuBr-ZnSe-GaAs-GaAs,4.064
MgS-CuBr-CuBr-ZnSe-GaP-GaP,3.987
MgS-CuBr-CuBr-ZnSe-ZnSe-GaAs,4.09
MgS-CuBr-CuBr-ZnSe-ZnSe-GaP,4.06
MgS-CuBr-CuBr-ZnSe-ZnSe-ZnSe,4.029
MgS-CuBr-GaAs-GaAs-GaAs-GaAs,4.01
MgS-CuBr-GaP-GaP-GaP-GaP,3.896
MgS-CuBr-ZnSe-GaAs-GaAs-GaAs,4.041
MgS-CuBr-ZnSe-ZnSe-GaAs-GaAs,4.066
MgS-CuBr-ZnSe-ZnSe-GaP-GaP,4.01
MgS-CuBr-ZnSe-ZnSe-ZnSe-GaAs,4.077
MgS-CuBr-ZnSe-ZnSe-ZnSe-GaP,4.06
MgS-GaAs-GaAs-GaAs-GaAs-GaAs,4.082
MgS-MgS-AlAs-AlAs-AlAs-AlAs,4.069
MgS-MgS-AlAs-AlAs-AlAs-CuBr,4.0539999999999985
MgS-MgS-AlAs-AlAs-AlAs-GaAs,4.0710000000000015
MgS-MgS-AlAs-AlAs-AlAs-ZnSe,4.075
MgS-MgS-AlAs-AlAs-CuBr-GaAs,4.13
MgS-MgS-AlAs-AlAs-CuBr-ZnSe,4.073
MgS-MgS-AlAs-AlAs-ZnSe-GaAs,4.092
MgS-MgS-AlAs-AlAs-ZnSe-ZnSe,4.073
MgS-MgS-AlAs-CuBr-CuBr-CuBr,4.02
MgS-MgS-AlAs-CuBr-CuBr-GaAs,4.122
MgS-MgS-AlAs-CuBr-GaAs-GaAs,4.075
MgS-MgS-AlAs-GaAs-GaAs-GaAs,4.0760000000000005
MgS-MgS-AlAs-ZnSe-GaAs-GaAs,4.105
MgS-MgS-AlAs-ZnSe-ZnSe-GaAs,4.1
MgS-MgS-AlAs-ZnSe-ZnSe-ZnSe,4.073
MgS-MgS-AlP-AlP-AlP-AlP,3.958
MgS-MgS-AlP-AlP-AlP-CuBr,3.933
MgS-MgS-AlP-AlP-AlP-GaP,3.959
MgS-MgS-AlP-AlP-CuBr-CuBr,3.936
MgS-MgS-AlP-AlP-CuBr-GaP,4.018
MgS-MgS-AlP-AlP-GaP-GaP,3.959
MgS-MgS-AlP-AlP-ZnSe-GaP,4.001
MgS-MgS-AlP-CuBr-CuBr-GaP,4.034
MgS-MgS-AlP-CuBr-CuBr-ZnSe,3.996
MgS-MgS-AlP-CuBr-GaP-GaP,3.978
MgS-MgS-AlP-CuBr-ZnSe-GaP,4.016
MgS-MgS-AlP-CuBr-ZnSe-ZnSe,4.008
MgS-MgS-AlP-GaP-GaP-GaP,3.958
MgS-MgS-AlP-ZnSe-GaP-GaP,4.008
MgS-MgS-AlP-ZnSe-ZnSe-GaP,4.035
MgS-MgS-BeTe-AlAs-AlAs-AlAs,4.051
MgS-MgS-BeTe-AlAs-AlAs-CuBr,4.0
MgS-MgS-BeTe-AlAs-AlAs-ZnSe,4.053
MgS-MgS-BeTe-AlAs-CuBr-GaAs,4.084
MgS-MgS-BeTe-AlAs-CuBr-ZnSe,4.02
MgS-MgS-BeTe-AlAs-GaAs-GaAs,4.049
MgS-MgS-BeTe-AlAs-ZnSe-GaAs,4.081
MgS-MgS-BeTe-AlAs-ZnSe-ZnSe,4.0539999999999985
MgS-MgS-BeTe-AlP-AlP-AlP,3.965
MgS-MgS-BeTe-AlP-AlP-CuBr,3.916
MgS-MgS-BeTe-AlP-AlP-GaP,3.967
MgS-MgS-BeTe-AlP-AlP-ZnSe,3.983
MgS-MgS-BeTe-AlP-CuBr-CuBr,3.948
MgS-MgS-BeTe-AlP-GaP-GaP,3.961
MgS-MgS-BeTe-AlP-ZnSe-GaP,4.016
MgS-MgS-BeTe-AlP-ZnSe-ZnSe,4.016
MgS-MgS-BeTe-BeTe-AlAs-GaAs,4.041
MgS-MgS-BeTe-BeTe-AlAs-ZnSe,4.043
MgS-MgS-BeTe-BeTe-AlP-CuBr,3.943
MgS-MgS-BeTe-BeTe-AlP-GaP,3.989
MgS-MgS-BeTe-BeTe-AlP-ZnSe,4.004
MgS-MgS-BeTe-BeTe-BeTe-AlAs,4.029
MgS-MgS-BeTe-BeTe-BeTe-AlP,4.004
MgS-MgS-BeTe-BeTe-BeTe-BeTe,3.993
MgS-MgS-BeTe-BeTe-BeTe-CuBr,4.011
MgS-MgS-BeTe-BeTe-BeTe-GaP,4.011
MgS-MgS-BeTe-BeTe-BeTe-ZnSe,4.018
MgS-MgS-BeTe-BeTe-CuBr-CuBr,3.96
MgS-MgS-BeTe-BeTe-CuBr-GaAs,4.072
MgS-MgS-BeTe-BeTe-CuBr-ZnSe,4.039
MgS-MgS-BeTe-BeTe-GaAs-GaAs,4.037
MgS-MgS-BeTe-BeTe-GaP-GaP,3.985
MgS-MgS-BeTe-BeTe-ZnSe-GaP,4.032
MgS-MgS-BeTe-BeTe-ZnSe-ZnSe,4.027
MgS-MgS-BeTe-CuBr-CuBr-CuBr,3.935
MgS-MgS-BeTe-CuBr-CuBr-GaAs,4.077
MgS-MgS-BeTe-CuBr-CuBr-GaP,4.05
MgS-MgS-BeTe-CuBr-CuBr-ZnSe,4.027
MgS-MgS-BeTe-CuBr-GaAs-GaAs,3.887
MgS-MgS-BeTe-CuBr-GaP-GaP,3.926
MgS-MgS-BeTe-CuBr-ZnSe-GaAs,4.115
MgS-MgS-BeTe-CuBr-ZnSe-GaP,4.0539999999999985
MgS-MgS-BeTe-CuBr-ZnSe-ZnSe,4.05
MgS-MgS-BeTe-GaAs-GaAs-GaAs,4.041
MgS-MgS-BeTe-ZnSe-GaAs-GaAs,4.072
MgS-MgS-BeTe-ZnSe-GaP-GaP,4.0139999999999985
MgS-MgS-BeTe-ZnSe-ZnSe-GaAs,4.0710000000000015
MgS-MgS-BeTe-ZnSe-ZnSe-GaP,4.044
MgS-MgS-BeTe-ZnSe-ZnSe-ZnSe,4.037
MgS-MgS-CuBr-CuBr-CuBr-CuBr,3.991
MgS-MgS-CuBr-CuBr-CuBr-GaAs,4.087
MgS-MgS-CuBr-CuBr-CuBr-GaP,4.0680000000000005
MgS-MgS-CuBr-CuBr-CuBr-ZnSe,4.034
MgS-MgS-CuBr-CuBr-GaAs-GaAs,4.0
MgS-MgS-CuBr-CuBr-ZnSe-GaAs,4.087
MgS-MgS-CuBr-CuBr-ZnSe-GaP,4.047
MgS-MgS-CuBr-CuBr-ZnSe-ZnSe,4.024
MgS-MgS-CuBr-GaAs-GaAs-GaAs,4.004
MgS-MgS-CuBr-GaP-GaP-GaP,3.925
MgS-MgS-CuBr-ZnSe-GaAs-GaAs,4.058
MgS-MgS-CuBr-ZnSe-ZnSe-GaAs,4.079
MgS-MgS-CuBr-ZnSe-ZnSe-GaP,4.053
MgS-MgS-CuBr-ZnSe-ZnSe-ZnSe,4.032
MgS-MgS-GaAs-GaAs-GaAs-GaAs,4.085
MgS-MgS-GaP-GaP-GaP-GaP,3.964
MgS-MgS-MgS-AlAs-AlAs-AlAs,4.073
MgS-MgS-MgS-AlAs-AlAs-CuBr,4.048
MgS-MgS-MgS-AlAs-AlAs-GaAs,4.075
MgS-MgS-MgS-AlAs-AlAs-ZnSe,4.082
MgS-MgS-MgS-AlAs-CuBr-CuBr,4.022
MgS-MgS-MgS-AlAs-CuBr-GaAs,4.119
MgS-MgS-MgS-AlAs-CuBr-ZnSe,4.066
MgS-MgS-MgS-AlAs-GaAs-GaAs,4.079
MgS-MgS-MgS-AlAs-ZnSe-GaAs,4.103
MgS-MgS-MgS-AlAs-ZnSe-ZnSe,4.079
MgS-MgS-MgS-AlP-AlP-CuBr,3.957
MgS-MgS-MgS-AlP-AlP-GaP,3.992
MgS-MgS-MgS-AlP-AlP-ZnSe,4.015
MgS-MgS-MgS-AlP-CuBr-GaP,4.037
MgS-MgS-MgS-AlP-CuBr-ZnSe,4.004
MgS-MgS-MgS-AlP-GaP-GaP,3.993
MgS-MgS-MgS-AlP-ZnSe-GaP,4.037
MgS-MgS-MgS-AlP-ZnSe-ZnSe,4.039
MgS-MgS-MgS-BeTe-AlAs-AlAs,4.0539999999999985
MgS-MgS-MgS-BeTe-AlAs-CuBr,3.981
MgS-MgS-MgS-BeTe-AlAs-GaAs,4.06
MgS-MgS-MgS-BeTe-AlAs-ZnSe,4.058
MgS-MgS-MgS-BeTe-AlP-AlP,3.999
MgS-MgS-MgS-BeTe-AlP-CuBr,3.944
MgS-MgS-MgS-BeTe-AlP-GaP,4.003
MgS-MgS-MgS-BeTe-BeTe-AlAs,4.045
MgS-MgS-MgS-BeTe-BeTe-BeTe,4.002
MgS-MgS-MgS-BeTe-BeTe-GaAs,4.052
MgS-MgS-MgS-BeTe-BeTe-GaP,4.025
MgS-MgS-MgS-BeTe-BeTe-ZnSe,4.027
MgS-MgS-MgS-BeTe-CuBr-CuBr,3.967
MgS-MgS-MgS-BeTe-CuBr-GaP,4.059
MgS-MgS-MgS-BeTe-CuBr-ZnSe,4.042
MgS-MgS-MgS-BeTe-GaAs-GaAs,4.055
MgS-MgS-MgS-BeTe-GaP-GaP,4.001
MgS-MgS-MgS-BeTe-ZnSe-GaAs,4.074
MgS-MgS-MgS-BeTe-ZnSe-GaP,4.045
MgS-MgS-MgS-BeTe-ZnSe-ZnSe,4.037
MgS-MgS-MgS-CuBr-CuBr-CuBr,3.995
MgS-MgS-MgS-CuBr-CuBr-GaAs,4.089
MgS-MgS-MgS-CuBr-CuBr-ZnSe,4.016
MgS-MgS-MgS-CuBr-GaAs-GaAs,4.034
MgS-MgS-MgS-CuBr-GaP-GaP,4.007
MgS-MgS-MgS-CuBr-ZnSe-GaP,4.045
MgS-MgS-MgS-CuBr-ZnSe-ZnSe,4.027
MgS-MgS-MgS-GaAs-GaAs-GaAs,4.089
MgS-MgS-MgS-MgS-AlAs-AlAs,4.081
MgS-MgS-MgS-MgS-AlAs-CuBr,4.0360000000000005
MgS-MgS-MgS-MgS-AlAs-GaAs,4.084
MgS-MgS-MgS-MgS-AlAs-ZnSe,4.083
MgS-MgS-MgS-MgS-AlP-AlP,4.029
MgS-MgS-MgS-MgS-AlP-CuBr,3.973
MgS-MgS-MgS-MgS-AlP-GaP,4.0310000000000015
MgS-MgS-MgS-MgS-BeTe-AlAs,4.063
MgS-MgS-MgS-MgS-BeTe-AlP,4.0360000000000005
MgS-MgS-MgS-MgS-BeTe-CuBr,4.021
MgS-MgS-MgS-MgS-BeTe-GaAs,4.07
MgS-MgS-MgS-MgS-BeTe-GaP,4.04
MgS-MgS-MgS-MgS-BeTe-ZnSe,4.0360000000000005
MgS-MgS-MgS-MgS-CuBr-CuBr,3.998
MgS-MgS-MgS-MgS-CuBr-GaAs,4.084
MgS-MgS-MgS-MgS-CuBr-GaP,4.057
MgS-MgS-MgS-MgS-CuBr-ZnSe,4.022
MgS-MgS-MgS-MgS-GaAs-GaAs,4.093
MgS-MgS-MgS-MgS-GaP-GaP,4.04
MgS-MgS-MgS-MgS-MgS-AlAs,4.082
MgS-MgS-MgS-MgS-MgS-AlP,4.06
MgS-MgS-MgS-MgS-MgS-BeTe,4.016
MgS-MgS-MgS-MgS-MgS-GaAs,4.093
MgS-MgS-MgS-MgS-MgS-GaP,4.07
MgS-MgS-MgS-MgS-MgS-MgS,4.05
MgS-MgS-MgS-MgS-ZnSe-GaP,4.056
MgS-MgS-MgS-MgS-ZnSe-ZnSe,4.042
MgS-MgS-MgS-ZnSe-GaP-GaP,4.0310000000000015
MgS-MgS-MgS-ZnSe-ZnSe-GaAs,4.079
MgS-MgS-ZnSe-ZnSe-GaAs-GaAs,4.078
MgS-MgS-ZnSe-ZnSe-GaP-GaP,4.025
MgS-MgS-ZnSe-ZnSe-ZnSe-GaAs,4.075
MgS-MgS-ZnSe-ZnSe-ZnSe-GaP,4.048
MgS-MgS-ZnSe-ZnSe-ZnSe-ZnSe,4.045
MgS-ZnSe-GaAs-GaAs-GaAs-GaAs,4.073
MgS-ZnSe-ZnSe-GaAs-GaAs-GaAs,4.075
MgS-ZnSe-ZnSe-ZnSe-GaAs-GaAs,4.075
MgS-ZnSe-ZnSe-ZnSe-GaP-GaP,4.021
MgS-ZnSe-ZnSe-ZnSe-ZnSe-GaAs,4.073
MgS-ZnSe-ZnSe-ZnSe-ZnSe-GaP,4.047
MgS-ZnSe-ZnSe-ZnSe-ZnSe-ZnSe,4.044
ZnO-GaN-GaN-GaN-GaN-GaN,3.242
ZnO-ZnO-GaN-GaN-GaN-GaN,3.274
ZnO-ZnO-ZnO-ZnO-GaN-GaN,3.289
ZnO-ZnO-ZnO-ZnO-ZnO-GaN,3.2910000000000004
ZnS-GaP-GaP-GaP-GaP-GaP,3.899
ZnS-ZnS-GaP-GaP-GaP-GaP,3.898
ZnS-ZnS-ZnS-GaP-GaP-GaP,3.893
ZnS-ZnS-ZnS-ZnS-GaP-GaP,3.886
ZnS-ZnS-ZnS-ZnS-ZnS-GaP,3.878
ZnS-ZnS-ZnS-ZnS-ZnS-ZnS,3.846
ZnSe-ZnSe-GaAs-GaAs-GaAs-GaAs,4.079
ZnSe-ZnSe-GaP-GaP-GaP-GaP,3.95
ZnSe-ZnSe-ZnSe-GaAs-GaAs-GaAs,4.075
ZnSe-ZnSe-ZnSe-GaP-GaP-GaP,3.982
ZnSe-ZnSe-ZnSe-ZnSe-GaP-GaP,4.01
ZnSe-ZnSe-ZnSe-ZnSe-ZnSe-GaP,4.035
ZnSe-ZnSe-ZnSe-ZnSe-ZnSe-ZnSe,4.048
ZnTe-CdSe-CdSe-CdSe-CdSe-CdSe,4.373
ZnTe-CdSe-CdSe-CdSe-CdSe-InAs,4.379
ZnTe-CdSe-CdSe-CdSe-CdSe-InP,4.339
ZnTe-CdSe-CdSe-CdSe-InAs-InAs,4.384
ZnTe-CdSe-CdSe-CdSe-InP-InP,4.311
ZnTe-CdSe-CdSe-InAs-InAs-InAs,4.385
ZnTe-CdSe-CdSe-InP-InP-InP,4.279
ZnTe-CdSe-InAs-InAs-InAs-InAs,4.378
ZnTe-CdSe-InP-InP-InP-InP,4.244
ZnTe-GaSb-CdSe-CdSe-InAs-InAs,4.382
ZnTe-GaSb-CdSe-InAs-InAs-InAs,4.386
ZnTe-GaSb-GaSb-CdSe-CdSe-CdSe,4.393
ZnTe-GaSb-GaSb-CdSe-CdSe-InAs,4.381
ZnTe-GaSb-GaSb-CdSe-InAs-InAs,4.382
ZnTe-GaSb-GaSb-GaSb-CdSe-CdSe,4.387
ZnTe-GaSb-GaSb-GaSb-GaSb-CdSe,4.384
ZnTe-GaSb-GaSb-GaSb-GaSb-GaSb,4.392
ZnTe-GaSb-GaSb-GaSb-InAs-InAs,4.368
ZnTe-GaSb-GaSb-InAs-InAs-InAs,4.368
ZnTe-GaSb-InAs-InAs-InAs-InAs,4.363
ZnTe-InAs-InAs-InAs-InAs-InAs,4.346
ZnTe-ZnTe-CdSe-CdSe-CdSe-InAs,4.377
ZnTe-ZnTe-CdSe-CdSe-InAs-InAs,4.38
ZnTe-ZnTe-CdSe-CdSe-InP-InP,4.313
ZnTe-ZnTe-CdSe-InAs-InAs-InAs,4.377
ZnTe-ZnTe-CdSe-InP-InP-InP,4.28
ZnTe-ZnTe-GaSb-CdSe-CdSe-CdSe,4.4
ZnTe-ZnTe-GaSb-CdSe-CdSe-InAs,4.394
ZnTe-ZnTe-GaSb-CdSe-InAs-InAs,4.393
ZnTe-ZnTe-GaSb-GaSb-CdSe-CdSe,4.384
ZnTe-ZnTe-GaSb-GaSb-CdSe-InAs,4.382
ZnTe-ZnTe-GaSb-GaSb-GaSb-CdSe,4.382
ZnTe-ZnTe-GaSb-GaSb-GaSb-GaSb,4.39
ZnTe-ZnTe-GaSb-GaSb-GaSb-InAs,4.371
ZnTe-ZnTe-GaSb-GaSb-InAs-InAs,4.374
ZnTe-ZnTe-GaSb-InAs-InAs-InAs,4.373
ZnTe-ZnTe-InAs-InAs-InAs-InAs,4.349
ZnTe-ZnTe-InP-InP-InP-InP,4.234
ZnTe-ZnTe-ZnTe-CdSe-CdSe-CdSe,4.365
ZnTe-ZnTe-ZnTe-CdSe-CdSe-InAs,4.368
ZnTe-ZnTe-ZnTe-CdSe-InAs-InAs,4.372
ZnTe-ZnTe-ZnTe-CdSe-InP-InP,4.308
ZnTe-ZnTe-ZnTe-GaSb-CdSe-CdSe,4.392
ZnTe-ZnTe-ZnTe-GaSb-CdSe-InAs,4.545
ZnTe-ZnTe-ZnTe-GaSb-GaSb-CdSe,4.377
ZnTe-ZnTe-ZnTe-InAs-InAs-InAs,4.351
ZnTe-ZnTe-ZnTe-ZnTe-GaSb-CdSe,4.384
ZnTe-ZnTe-ZnTe-ZnTe-GaSb-GaSb,4.385
ZnTe-ZnTe-ZnTe-ZnTe-GaSb-InAs,4.369
ZnTe-ZnTe-ZnTe-ZnTe-InAs-InAs,4.352
ZnTe-ZnTe-ZnTe-ZnTe-InP-InP,4.294
ZnTe-ZnTe-ZnTe-ZnTe-ZnTe-CdSe,4.356
ZnTe-ZnTe-ZnTe-ZnTe-ZnTe-GaSb,4.385
ZnTe-ZnTe-ZnTe-ZnTe-ZnTe-InP,4.317
ZnTe-ZnTe-ZnTe-ZnTe-ZnTe-ZnTe,4.3580000000000005
