6-block periodic repeat unit for wurtzite superlattices along the [0001] direction,"Interfacial Energy
(eV/angstrom^2)"
AgI-AgI-AgI-AgI-AgI-AgI,0.0
AgI-AgI-AgI-AgI-AgI-CdTe,0.032
AgI-AgI-AgI-AgI-AgI-InSb,0.061
AgI-AgI-AgI-AgI-CdTe-CdTe,0.047
AgI-AgI-AgI-InSb-InSb-InSb,0.08199999999999999
AgI-AgI-CdTe-CdTe-CdTe-CdTe,0.05
AgI-AgI-CdTe-CdTe-InSb-InSb,0.085
AgI-AgI-CdTe-InSb-InSb-InSb,0.092
AgI-AgI-InSb-InSb-InSb-InSb,0.075
AgI-CdTe-CdTe-CdTe-CdTe-CdTe,0.041
AgI-CdTe-CdTe-InSb-InSb-InSb,0.08199999999999999
AgI-CdTe-InSb-InSb-InSb-InSb,0.085
AgI-InSb-InSb-InSb-InSb-InSb,0.07200000000000001
AlAs-AlAs-AlAs-AlAs-AlAs-GaAs,0.001
AlAs-AlAs-AlAs-AlAs-CdS-CdS,0.096
AlAs-AlAs-AlAs-AlAs-CuBr-CuBr,0.13699999999999998
AlAs-AlAs-AlAs-AlAs-CuBr-ZnSe,0.149
AlAs-AlAs-AlAs-AlAs-GaAs-CdS,0.08800000000000001
AlAs-AlAs-AlAs-AlAs-GaAs-GaAs,0.001
AlAs-AlAs-AlAs-AlAs-ZnSe-ZnSe,0.081
AlAs-AlAs-AlAs-CdS-CdS-CdS,0.097
AlAs-AlAs-AlAs-CuBr-CuBr-CuBr,0.134
AlAs-AlAs-AlAs-CuBr-CuBr-GaAs,0.122
AlAs-AlAs-AlAs-CuBr-CuBr-ZnSe,0.14800000000000002
AlAs-AlAs-AlAs-CuBr-GaAs-GaAs,0.122
AlAs-AlAs-AlAs-CuBr-ZnSe-GaAs,0.138
AlAs-AlAs-AlAs-CuBr-ZnSe-ZnSe,0.14
AlAs-AlAs-AlAs-GaAs-GaAs-GaAs,0.001
AlAs-AlAs-AlAs-ZnSe-ZnSe-GaAs,0.083
AlAs-AlAs-AlAs-ZnSe-ZnSe-ZnSe,0.086
AlAs-AlAs-CdS-CdS-CdS-CdS,0.09
AlAs-AlAs-CuBr-CuBr-CuBr-GaAs,0.121
AlAs-AlAs-CuBr-CuBr-CuBr-ZnSe,0.14400000000000002
AlAs-AlAs-CuBr-CuBr-ZnSe-ZnSe,0.117
AlAs-AlAs-CuBr-ZnSe-GaAs-GaAs,0.138
AlAs-AlAs-CuBr-ZnSe-ZnSe-ZnSe,0.127
AlAs-AlAs-GaAs-GaAs-CdS-CdS,0.095
AlAs-AlAs-GaAs-GaAs-GaAs-CdS,0.086
AlAs-AlAs-GaAs-GaAs-GaAs-GaAs,0.001
AlAs-AlAs-ZnSe-GaAs-GaAs-GaAs,0.067
AlAs-AlAs-ZnSe-ZnSe-ZnSe-GaAs,0.086
AlAs-AlAs-ZnSe-ZnSe-ZnSe-ZnSe,0.081
AlAs-CdS-CdS-CdS-CdS-CdS,0.07200000000000001
AlAs-CuBr-CuBr-CuBr-CuBr-CuBr,0.119
AlAs-CuBr-CuBr-CuBr-CuBr-GaAs,0.108
AlAs-CuBr-CuBr-CuBr-CuBr-ZnSe,0.122
AlAs-CuBr-CuBr-CuBr-GaAs-GaAs,0.121
AlAs-CuBr-CuBr-CuBr-ZnSe-GaAs,0.141
AlAs-CuBr-CuBr-CuBr-ZnSe-ZnSe,0.119
AlAs-CuBr-CuBr-GaAs-GaAs-GaAs,0.12
AlAs-CuBr-CuBr-ZnSe-ZnSe-GaAs,0.105
AlAs-CuBr-CuBr-ZnSe-ZnSe-ZnSe,0.111
AlAs-CuBr-GaAs-GaAs-GaAs-GaAs,0.12
AlAs-CuBr-ZnSe-GaAs-GaAs-GaAs,0.136
AlAs-CuBr-ZnSe-ZnSe-GaAs-GaAs,0.13
AlAs-CuBr-ZnSe-ZnSe-ZnSe-GaAs,0.117
AlAs-GaAs-CdS-CdS-CdS-CdS,0.09
AlAs-GaAs-GaAs-CdS-CdS-CdS,0.094
AlAs-GaAs-GaAs-GaAs-CdS-CdS,0.093
AlAs-GaAs-GaAs-GaAs-GaAs-CdS,0.085
AlAs-GaAs-GaAs-GaAs-GaAs-GaAs,0.001
AlAs-ZnSe-GaAs-GaAs-GaAs-GaAs,0.066
AlAs-ZnSe-ZnSe-GaAs-GaAs-GaAs,0.08199999999999999
AlAs-ZnSe-ZnSe-ZnSe-GaAs-GaAs,0.084
AlAs-ZnSe-ZnSe-ZnSe-ZnSe-GaAs,0.08
AlN-AlN-AlN-AlN-AlN-AlN,0.0
AlN-AlN-AlN-AlN-AlN-SiC,0.243
AlN-AlN-AlN-AlN-SiC-SiC,0.315
AlN-AlN-SiC-SiC-SiC-SiC,0.334
AlN-SiC-SiC-SiC-SiC-SiC,0.309
AlP-AlP-AlP-AlP-AlP-AlP,0.0
AlP-AlP-AlP-AlP-AlP-GaP,0.001
AlP-AlP-AlP-AlP-AlP-ZnS,0.07200000000000001
AlP-AlP-AlP-AlP-AlP-ZnSe,0.07
AlP-AlP-AlP-AlP-CuBr-CuBr,0.217
AlP-AlP-AlP-AlP-CuBr-GaP,0.15
AlP-AlP-AlP-AlP-GaP-GaP,0.001
AlP-AlP-AlP-AlP-ZnS-GaP,0.08900000000000001
AlP-AlP-AlP-AlP-ZnSe-GaP,0.076
AlP-AlP-AlP-AlP-ZnSe-ZnSe,0.099
AlP-AlP-AlP-CuBr-CuBr-GaP,0.152
AlP-AlP-AlP-CuBr-CuBr-ZnSe,0.166
AlP-AlP-AlP-CuBr-GaP-GaP,0.15
AlP-AlP-AlP-CuBr-ZnSe-GaP,0.16399999999999998
AlP-AlP-AlP-CuBr-ZnSe-ZnSe,0.16899999999999998
AlP-AlP-AlP-GaP-GaP-GaP,0.001
AlP-AlP-AlP-ZnS-GaP-GaP,0.08900000000000001
AlP-AlP-AlP-ZnS-ZnS-GaP,0.109
AlP-AlP-CuBr-CuBr-CuBr-CuBr,0.199
AlP-AlP-CuBr-CuBr-CuBr-ZnSe,0.156
AlP-AlP-CuBr-CuBr-GaP-GaP,0.151
AlP-AlP-CuBr-CuBr-ZnSe-GaP,0.172
AlP-AlP-CuBr-CuBr-ZnSe-ZnSe,0.16699999999999998
AlP-AlP-CuBr-ZnSe-GaP-GaP,0.16399999999999998
AlP-AlP-GaP-GaP-GaP-GaP,0.001
AlP-AlP-ZnS-GaP-GaP-GaP,0.08900000000000001
AlP-AlP-ZnS-ZnS-GaP-GaP,0.109
AlP-AlP-ZnS-ZnS-ZnS-GaP,0.114
AlP-AlP-ZnS-ZnS-ZnS-ZnS,0.102
AlP-AlP-ZnSe-GaP-GaP-GaP,0.075
AlP-AlP-ZnSe-ZnSe-GaP-GaP,0.1
AlP-AlP-ZnSe-ZnSe-ZnSe-GaP,0.104
AlP-AlP-ZnSe-ZnSe-ZnSe-ZnSe,0.098
AlP-CuBr-CuBr-CuBr-CuBr-CuBr,0.136
AlP-CuBr-CuBr-CuBr-CuBr-GaP,0.136
AlP-CuBr-CuBr-CuBr-CuBr-ZnSe,0.135
AlP-CuBr-CuBr-CuBr-GaP-GaP,0.14800000000000002
AlP-CuBr-CuBr-CuBr-ZnSe-GaP,0.161
AlP-CuBr-CuBr-GaP-GaP-GaP,0.15
AlP-CuBr-CuBr-ZnSe-GaP-GaP,0.17
AlP-CuBr-CuBr-ZnSe-ZnSe-GaP,0.106
AlP-CuBr-CuBr-ZnSe-ZnSe-ZnSe,0.083
AlP-CuBr-GaP-GaP-GaP-GaP,0.14800000000000002
AlP-CuBr-ZnSe-GaP-GaP-GaP,0.161
AlP-CuBr-ZnSe-ZnSe-ZnSe-GaP,0.135
AlP-CuBr-ZnSe-ZnSe-ZnSe-ZnSe,0.108
AlP-GaP-GaP-GaP-GaP-GaP,0.001
AlP-ZnS-ZnS-ZnS-GaP-GaP,0.113
AlP-ZnS-ZnS-ZnS-ZnS-GaP,0.107
AlP-ZnSe-GaP-GaP-GaP-GaP,0.075
AlP-ZnSe-ZnSe-ZnSe-GaP-GaP,0.103
AlP-ZnSe-ZnSe-ZnSe-ZnSe-GaP,0.092
AlP-ZnSe-ZnSe-ZnSe-ZnSe-ZnSe,0.064
AlSb-AlSb-AlSb-AlSb-AlSb-AlSb,0.0
AlSb-AlSb-AlSb-AlSb-AlSb-CdSe,0.059
AlSb-AlSb-AlSb-AlSb-AlSb-GaSb,0.001
AlSb-AlSb-AlSb-AlSb-AlSb-InAs,0.004
AlSb-AlSb-AlSb-AlSb-CdSe-CdSe,0.062
AlSb-AlSb-AlSb-AlSb-CdSe-InAs,0.051
AlSb-AlSb-AlSb-AlSb-GaSb-CdSe,0.06
AlSb-AlSb-AlSb-AlSb-GaSb-InAs,0.005
AlSb-AlSb-AlSb-AlSb-InAs-InAs,0.001
AlSb-AlSb-AlSb-AlSb-ZnTe-CdSe,0.06
AlSb-AlSb-AlSb-AlSb-ZnTe-InAs,0.036000000000000004
AlSb-AlSb-AlSb-AlSb-ZnTe-ZnTe,0.056
AlSb-AlSb-AlSb-CdSe-CdSe-CdSe,0.063
AlSb-AlSb-AlSb-GaSb-CdSe-CdSe,0.063
AlSb-AlSb-AlSb-GaSb-CdSe-InAs,0.052000000000000005
AlSb-AlSb-AlSb-GaSb-GaSb-CdSe,0.059
AlSb-AlSb-AlSb-GaSb-GaSb-GaSb,0.001
AlSb-AlSb-AlSb-GaSb-GaSb-InAs,0.005
AlSb-AlSb-AlSb-GaSb-InAs-InAs,0.002
AlSb-AlSb-AlSb-InAs-InAs-InAs,-0.002
AlSb-AlSb-AlSb-ZnTe-CdSe-InAs,0.052000000000000005
AlSb-AlSb-AlSb-ZnTe-GaSb-InAs,0.052000000000000005
AlSb-AlSb-AlSb-ZnTe-ZnTe-CdSe,0.063
AlSb-AlSb-AlSb-ZnTe-ZnTe-GaSb,0.056
AlSb-AlSb-AlSb-ZnTe-ZnTe-ZnTe,0.06
AlSb-AlSb-CdSe-CdSe-CdSe-CdSe,0.061
AlSb-AlSb-CdSe-CdSe-InAs-InAs,0.052000000000000005
AlSb-AlSb-CdSe-InAs-InAs-InAs,0.045
AlSb-AlSb-GaSb-CdSe-CdSe-CdSe,0.063
AlSb-AlSb-GaSb-CdSe-CdSe-InAs,0.055
AlSb-AlSb-GaSb-CdSe-InAs-InAs,0.049
AlSb-AlSb-GaSb-GaSb-CdSe-InAs,0.067
AlSb-AlSb-GaSb-GaSb-GaSb-CdSe,0.059
AlSb-AlSb-GaSb-GaSb-GaSb-GaSb,0.001
AlSb-AlSb-GaSb-GaSb-GaSb-InAs,0.005
AlSb-AlSb-GaSb-GaSb-InAs-InAs,0.002
AlSb-AlSb-GaSb-InAs-InAs-InAs,-0.002
AlSb-AlSb-InAs-InAs-InAs-InAs,-0.006
AlSb-AlSb-ZnTe-CdSe-CdSe-CdSe,0.059
AlSb-AlSb-ZnTe-GaSb-CdSe-CdSe,0.098
AlSb-AlSb-ZnTe-GaSb-CdSe-InAs,0.08800000000000001
AlSb-AlSb-ZnTe-GaSb-GaSb-CdSe,0.098
AlSb-AlSb-ZnTe-GaSb-GaSb-GaSb,0.047
AlSb-AlSb-ZnTe-GaSb-GaSb-InAs,0.052000000000000005
AlSb-AlSb-ZnTe-InAs-InAs-InAs,0.03
AlSb-AlSb-ZnTe-ZnTe-CdSe-CdSe,0.061
AlSb-AlSb-ZnTe-ZnTe-CdSe-InAs,0.054000000000000006
AlSb-AlSb-ZnTe-ZnTe-GaSb-CdSe,0.103
AlSb-AlSb-ZnTe-ZnTe-GaSb-InAs,0.062
AlSb-AlSb-ZnTe-ZnTe-InAs-InAs,0.046
AlSb-AlSb-ZnTe-ZnTe-ZnTe-GaSb,0.058
AlSb-AlSb-ZnTe-ZnTe-ZnTe-InAs,0.053
AlSb-AlSb-ZnTe-ZnTe-ZnTe-ZnTe,0.057
AlSb-CdSe-CdSe-CdSe-CdSe-CdSe,0.056
AlSb-CdSe-CdSe-CdSe-CdSe-InAs,0.053
AlSb-CdSe-CdSe-CdSe-InAs-InAs,0.053
AlSb-CdSe-InAs-InAs-InAs-InAs,0.042
AlSb-GaSb-CdSe-CdSe-CdSe-CdSe,0.062
AlSb-GaSb-CdSe-CdSe-CdSe-InAs,0.055
AlSb-GaSb-CdSe-CdSe-InAs-InAs,0.052000000000000005
AlSb-GaSb-GaSb-CdSe-CdSe-CdSe,0.063
AlSb-GaSb-GaSb-CdSe-CdSe-InAs,0.054000000000000006
AlSb-GaSb-GaSb-CdSe-InAs-InAs,0.048
AlSb-GaSb-GaSb-GaSb-CdSe-CdSe,0.062
AlSb-GaSb-GaSb-GaSb-CdSe-InAs,0.051
AlSb-GaSb-GaSb-GaSb-GaSb-CdSe,0.059
AlSb-GaSb-GaSb-GaSb-GaSb-GaSb,0.001
AlSb-GaSb-GaSb-GaSb-GaSb-InAs,0.005
AlSb-GaSb-GaSb-InAs-InAs-InAs,0.008
AlSb-GaSb-InAs-InAs-InAs-InAs,-0.005
AlSb-InAs-InAs-InAs-InAs-InAs,-0.009000000000000001
AlSb-ZnTe-CdSe-CdSe-CdSe-CdSe,0.048
AlSb-ZnTe-CdSe-CdSe-CdSe-InAs,0.049
AlSb-ZnTe-CdSe-CdSe-InAs-InAs,0.051
AlSb-ZnTe-CdSe-InAs-InAs-InAs,0.048
AlSb-ZnTe-GaSb-CdSe-CdSe-CdSe,0.09
AlSb-ZnTe-GaSb-CdSe-CdSe-InAs,0.08900000000000001
AlSb-ZnTe-GaSb-GaSb-CdSe-InAs,0.08900000000000001
AlSb-ZnTe-GaSb-GaSb-GaSb-GaSb,0.046
AlSb-ZnTe-GaSb-GaSb-GaSb-InAs,0.052000000000000005
AlSb-ZnTe-GaSb-GaSb-InAs-InAs,0.05
AlSb-ZnTe-GaSb-InAs-InAs-InAs,0.061
AlSb-ZnTe-ZnTe-CdSe-CdSe-CdSe,0.049
AlSb-ZnTe-ZnTe-GaSb-CdSe-CdSe,0.096
AlSb-ZnTe-ZnTe-GaSb-CdSe-InAs,0.093
AlSb-ZnTe-ZnTe-GaSb-GaSb-CdSe,0.099
AlSb-ZnTe-ZnTe-GaSb-InAs-InAs,0.059
AlSb-ZnTe-ZnTe-InAs-InAs-InAs,0.044
AlSb-ZnTe-ZnTe-ZnTe-CdSe-InAs,0.051
AlSb-ZnTe-ZnTe-ZnTe-GaSb-CdSe,0.097
AlSb-ZnTe-ZnTe-ZnTe-GaSb-GaSb,0.058
AlSb-ZnTe-ZnTe-ZnTe-GaSb-InAs,0.063
AlSb-ZnTe-ZnTe-ZnTe-InAs-InAs,0.05
AlSb-ZnTe-ZnTe-ZnTe-ZnTe-CdSe,0.051
AlSb-ZnTe-ZnTe-ZnTe-ZnTe-GaSb,0.055
AlSb-ZnTe-ZnTe-ZnTe-ZnTe-InAs,0.049
AlSb-ZnTe-ZnTe-ZnTe-ZnTe-ZnTe,0.043
BAs-BAs-BAs-BAs-BAs-BAs,0.0
BeS-BeS-BeS-BAs-BAs-BAs,0.275
BeS-BeS-BeS-BeS-BAs-BAs,0.271
BeS-BeS-BeS-BeS-BeS-BeS,0.0
BeSe-BeSe-BeSe-BeSe-BeSe-BeSe,0.0
BeSe-BeSe-BeSe-BeSe-BeSe-CuCl,0.14400000000000002
BeSe-BeSe-BeSe-BeSe-BeSe-InN,0.205
BeSe-BeSe-BeSe-BeSe-CuCl-CuCl,0.112
BeSe-BeSe-BeSe-BeSe-InN-InN,0.239
BeSe-BeSe-BeSe-CuCl-CuCl-CuCl,0.151
BeSe-BeSe-BeSe-InN-InN-InN,0.265
BeSe-BeSe-CuCl-CuCl-CuCl-CuCl,0.136
BeSe-BeSe-InN-InN-InN-InN,0.097
BeSe-CuCl-CuCl-CuCl-CuCl-CuCl,0.099
BeSe-InN-InN-InN-InN-InN,0.211
BeTe-AlAs-AlAs-AlAs-AlAs-AlAs,0.071
BeTe-AlAs-AlAs-AlAs-AlAs-GaAs,0.073
BeTe-AlAs-AlAs-AlAs-AlAs-ZnSe,0.104
BeTe-AlAs-AlAs-AlAs-CuBr-GaAs,0.173
BeTe-AlAs-AlAs-AlAs-CuBr-ZnSe,0.17
BeTe-AlAs-AlAs-AlAs-GaAs-GaAs,0.073
BeTe-AlAs-AlAs-AlAs-ZnSe-GaAs,0.119
BeTe-AlAs-AlAs-AlAs-ZnSe-ZnSe,0.112
BeTe-AlAs-AlAs-CuBr-CuBr-CuBr,0.153
BeTe-AlAs-AlAs-CuBr-CuBr-GaAs,0.171
BeTe-AlAs-AlAs-CuBr-CuBr-ZnSe,0.139
BeTe-AlAs-AlAs-CuBr-ZnSe-GaAs,0.173
BeTe-AlAs-AlAs-CuBr-ZnSe-ZnSe,0.15
BeTe-AlAs-AlAs-GaAs-GaAs-GaAs,0.07200000000000001
BeTe-AlAs-AlAs-ZnSe-GaAs-GaAs,0.12
BeTe-AlAs-AlAs-ZnSe-ZnSe-GaAs,0.121
BeTe-AlAs-AlAs-ZnSe-ZnSe-ZnSe,0.104
BeTe-AlAs-CuBr-CuBr-CuBr-GaAs,0.153
BeTe-AlAs-CuBr-CuBr-GaAs-GaAs,0.16899999999999998
BeTe-AlAs-CuBr-CuBr-ZnSe-ZnSe,0.102
BeTe-AlAs-CuBr-GaAs-GaAs-GaAs,0.16899999999999998
BeTe-AlAs-CuBr-ZnSe-GaAs-GaAs,0.172
BeTe-AlAs-CuBr-ZnSe-ZnSe-GaAs,0.14800000000000002
BeTe-AlAs-CuBr-ZnSe-ZnSe-ZnSe,0.114
BeTe-AlAs-GaAs-GaAs-GaAs-GaAs,0.071
BeTe-AlAs-ZnSe-GaAs-GaAs-GaAs,0.116
BeTe-AlAs-ZnSe-ZnSe-GaAs-GaAs,0.12
BeTe-AlAs-ZnSe-ZnSe-ZnSe-GaAs,0.106
BeTe-AlAs-ZnSe-ZnSe-ZnSe-ZnSe,0.077
BeTe-AlP-AlP-AlP-AlP-CuBr,0.224
BeTe-AlP-AlP-AlP-AlP-GaP,0.08800000000000001
BeTe-AlP-AlP-AlP-AlP-ZnSe,0.085
BeTe-AlP-AlP-AlP-CuBr-CuBr,0.235
BeTe-AlP-AlP-AlP-GaP-GaP,0.08800000000000001
BeTe-AlP-AlP-AlP-ZnSe-GaP,0.135
BeTe-AlP-AlP-AlP-ZnSe-ZnSe,0.128
BeTe-AlP-AlP-CuBr-CuBr-CuBr,0.223
BeTe-AlP-AlP-CuBr-CuBr-GaP,0.208
BeTe-AlP-AlP-CuBr-CuBr-ZnSe,0.19
BeTe-AlP-AlP-CuBr-ZnSe-ZnSe,0.17
BeTe-AlP-AlP-GaP-GaP-GaP,0.087
BeTe-AlP-AlP-ZnSe-GaP-GaP,0.135
BeTe-AlP-AlP-ZnSe-ZnSe-ZnSe,0.119
BeTe-AlP-CuBr-CuBr-CuBr-CuBr,0.175
BeTe-AlP-CuBr-CuBr-CuBr-ZnSe,0.149
BeTe-AlP-CuBr-CuBr-GaP-GaP,0.204
BeTe-AlP-CuBr-CuBr-ZnSe-GaP,0.188
BeTe-AlP-CuBr-CuBr-ZnSe-ZnSe,0.139
BeTe-AlP-CuBr-GaP-GaP-GaP,0.207
BeTe-AlP-CuBr-ZnSe-GaP-GaP,0.2
BeTe-AlP-CuBr-ZnSe-ZnSe-GaP,0.172
BeTe-AlP-CuBr-ZnSe-ZnSe-ZnSe,0.124
BeTe-AlP-GaP-GaP-GaP-GaP,0.086
BeTe-AlP-ZnSe-GaP-GaP-GaP,0.131
BeTe-AlP-ZnSe-ZnSe-GaP-GaP,0.141
BeTe-AlP-ZnSe-ZnSe-ZnSe-GaP,0.123
BeTe-BeTe-AlAs-AlAs-AlAs-AlAs,0.109
BeTe-BeTe-AlAs-AlAs-AlAs-CuBr,0.188
BeTe-BeTe-AlAs-AlAs-AlAs-ZnSe,0.115
BeTe-BeTe-AlAs-AlAs-CuBr-CuBr,0.156
BeTe-BeTe-AlAs-AlAs-CuBr-GaAs,0.17800000000000002
BeTe-BeTe-AlAs-AlAs-CuBr-ZnSe,0.155
BeTe-BeTe-AlAs-AlAs-GaAs-GaAs,0.106
BeTe-BeTe-AlAs-AlAs-ZnSe-GaAs,0.132
BeTe-BeTe-AlAs-AlAs-ZnSe-ZnSe,0.106
BeTe-BeTe-AlAs-CuBr-CuBr-CuBr,0.122
BeTe-BeTe-AlAs-CuBr-CuBr-GaAs,0.154
BeTe-BeTe-AlAs-CuBr-CuBr-ZnSe,0.122
BeTe-BeTe-AlAs-CuBr-GaAs-GaAs,0.174
BeTe-BeTe-AlAs-CuBr-ZnSe-GaAs,0.157
BeTe-BeTe-AlAs-CuBr-ZnSe-ZnSe,0.115
BeTe-BeTe-AlAs-GaAs-GaAs-GaAs,0.104
BeTe-BeTe-AlAs-ZnSe-GaAs-GaAs,0.128
BeTe-BeTe-AlAs-ZnSe-ZnSe-GaAs,0.113
BeTe-BeTe-AlAs-ZnSe-ZnSe-ZnSe,0.079
BeTe-BeTe-AlP-AlP-AlP-AlP,0.13
BeTe-BeTe-AlP-AlP-AlP-CuBr,0.21600000000000005
BeTe-BeTe-AlP-AlP-AlP-GaP,0.131
BeTe-BeTe-AlP-AlP-AlP-ZnSe,0.13
BeTe-BeTe-AlP-AlP-CuBr-CuBr,0.205
BeTe-BeTe-AlP-AlP-CuBr-GaP,0.212
BeTe-BeTe-AlP-AlP-GaP-GaP,0.13
BeTe-BeTe-AlP-AlP-ZnSe-GaP,0.149
BeTe-BeTe-AlP-CuBr-CuBr-CuBr,0.16899999999999998
BeTe-BeTe-AlP-CuBr-CuBr-GaP,0.182
BeTe-BeTe-AlP-CuBr-CuBr-ZnSe,0.14300000000000002
BeTe-BeTe-AlP-CuBr-GaP-GaP,0.207
BeTe-BeTe-AlP-CuBr-ZnSe-GaP,0.179
BeTe-BeTe-AlP-CuBr-ZnSe-ZnSe,0.125
BeTe-BeTe-AlP-GaP-GaP-GaP,0.128
BeTe-BeTe-AlP-ZnSe-ZnSe-GaP,0.127
BeTe-BeTe-AlP-ZnSe-ZnSe-ZnSe,0.08199999999999999
BeTe-BeTe-BeTe-AlAs-AlAs-AlAs,0.118
BeTe-BeTe-BeTe-AlAs-AlAs-CuBr,0.171
BeTe-BeTe-BeTe-AlAs-AlAs-GaAs,0.115
BeTe-BeTe-BeTe-AlAs-AlAs-ZnSe,0.109
BeTe-BeTe-BeTe-AlAs-CuBr-CuBr,0.125
BeTe-BeTe-BeTe-AlAs-CuBr-GaAs,0.15
BeTe-BeTe-BeTe-AlAs-ZnSe-GaAs,0.116
BeTe-BeTe-BeTe-AlAs-ZnSe-ZnSe,0.08
BeTe-BeTe-BeTe-AlP-AlP-AlP,0.14400000000000002
BeTe-BeTe-BeTe-AlP-AlP-CuBr,0.191
BeTe-BeTe-BeTe-AlP-AlP-GaP,0.142
BeTe-BeTe-BeTe-AlP-AlP-ZnSe,0.121
BeTe-BeTe-BeTe-AlP-CuBr-CuBr,0.121
BeTe-BeTe-BeTe-AlP-CuBr-GaP,0.173
BeTe-BeTe-BeTe-AlP-GaP-GaP,0.138
BeTe-BeTe-BeTe-AlP-ZnSe-GaP,0.127
BeTe-BeTe-BeTe-AlP-ZnSe-ZnSe,0.08199999999999999
BeTe-BeTe-BeTe-BeTe-AlAs-AlAs,0.108
BeTe-BeTe-BeTe-BeTe-AlAs-GaAs,0.103
BeTe-BeTe-BeTe-BeTe-AlAs-ZnSe,0.081
BeTe-BeTe-BeTe-BeTe-AlP-CuBr,0.14400000000000002
BeTe-BeTe-BeTe-BeTe-AlP-GaP,0.124
BeTe-BeTe-BeTe-BeTe-AlP-ZnSe,0.083
BeTe-BeTe-BeTe-BeTe-BeTe-AlAs,0.07
BeTe-BeTe-BeTe-BeTe-BeTe-AlP,0.085
BeTe-BeTe-BeTe-BeTe-BeTe-BeTe,0.0
BeTe-BeTe-BeTe-BeTe-BeTe-CuBr,0.096
BeTe-BeTe-BeTe-BeTe-BeTe-GaAs,0.057
BeTe-BeTe-BeTe-BeTe-BeTe-ZnSe,0.02
BeTe-BeTe-BeTe-BeTe-CuBr-CuBr,0.103
BeTe-BeTe-BeTe-BeTe-CuBr-GaP,0.129
BeTe-BeTe-BeTe-BeTe-CuBr-ZnSe,0.078
BeTe-BeTe-BeTe-BeTe-GaAs-GaAs,0.08900000000000001
BeTe-BeTe-BeTe-BeTe-GaP-GaP,0.106
BeTe-BeTe-BeTe-BeTe-ZnSe-GaAs,0.071
BeTe-BeTe-BeTe-BeTe-ZnSe-GaP,0.08199999999999999
BeTe-BeTe-BeTe-BeTe-ZnSe-ZnSe,0.02
BeTe-BeTe-BeTe-CuBr-CuBr-CuBr,0.103
BeTe-BeTe-BeTe-CuBr-CuBr-GaAs,0.115
BeTe-BeTe-BeTe-CuBr-CuBr-GaP,0.13
BeTe-BeTe-BeTe-CuBr-CuBr-ZnSe,0.083
BeTe-BeTe-BeTe-CuBr-GaAs-GaAs,0.142
BeTe-BeTe-BeTe-CuBr-GaP-GaP,0.17
BeTe-BeTe-BeTe-CuBr-ZnSe-GaAs,0.129
BeTe-BeTe-BeTe-CuBr-ZnSe-GaP,0.14300000000000002
BeTe-BeTe-BeTe-CuBr-ZnSe-ZnSe,0.076
BeTe-BeTe-BeTe-GaAs-GaAs-GaAs,0.099
BeTe-BeTe-BeTe-GaP-GaP-GaP,0.12
BeTe-BeTe-BeTe-ZnSe-GaAs-GaAs,0.101
BeTe-BeTe-BeTe-ZnSe-GaP-GaP,0.122
BeTe-BeTe-BeTe-ZnSe-ZnSe-GaAs,0.07
BeTe-BeTe-BeTe-ZnSe-ZnSe-GaP,0.08199999999999999
BeTe-BeTe-BeTe-ZnSe-ZnSe-ZnSe,0.02
BeTe-BeTe-CuBr-CuBr-CuBr-GaAs,0.113
BeTe-BeTe-CuBr-CuBr-CuBr-GaP,0.13
BeTe-BeTe-CuBr-CuBr-GaAs-GaAs,0.141
BeTe-BeTe-CuBr-CuBr-GaP-GaP,0.17
BeTe-BeTe-CuBr-CuBr-ZnSe-GaP,0.14800000000000002
BeTe-BeTe-CuBr-CuBr-ZnSe-ZnSe,0.081
BeTe-BeTe-CuBr-GaAs-GaAs-GaAs,0.14800000000000002
BeTe-BeTe-CuBr-ZnSe-GaAs-GaAs,0.161
BeTe-BeTe-CuBr-ZnSe-GaP-GaP,0.189
BeTe-BeTe-CuBr-ZnSe-ZnSe-GaAs,0.127
BeTe-BeTe-CuBr-ZnSe-ZnSe-GaP,0.14300000000000002
BeTe-BeTe-CuBr-ZnSe-ZnSe-ZnSe,0.075
BeTe-BeTe-GaAs-GaAs-GaAs-GaAs,0.094
BeTe-BeTe-ZnSe-GaAs-GaAs-GaAs,0.11
BeTe-BeTe-ZnSe-ZnSe-GaAs-GaAs,0.1
BeTe-BeTe-ZnSe-ZnSe-GaP-GaP,0.121
BeTe-BeTe-ZnSe-ZnSe-ZnSe-GaAs,0.069
BeTe-BeTe-ZnSe-ZnSe-ZnSe-GaP,0.081
BeTe-BeTe-ZnSe-ZnSe-ZnSe-ZnSe,0.02
BeTe-CuBr-CuBr-CuBr-CuBr-CuBr,0.076
BeTe-CuBr-CuBr-CuBr-CuBr-GaP,0.126
BeTe-CuBr-CuBr-CuBr-GaAs-GaAs,0.138
BeTe-CuBr-CuBr-CuBr-GaP-GaP,0.16699999999999998
BeTe-CuBr-CuBr-CuBr-ZnSe-GaAs,0.132
BeTe-CuBr-CuBr-CuBr-ZnSe-GaP,0.15
BeTe-CuBr-CuBr-CuBr-ZnSe-ZnSe,0.081
BeTe-CuBr-CuBr-GaAs-GaAs-GaAs,0.142
BeTe-CuBr-CuBr-ZnSe-GaAs-GaAs,0.16399999999999998
BeTe-CuBr-CuBr-ZnSe-GaP-GaP,0.184
BeTe-CuBr-CuBr-ZnSe-ZnSe-GaAs,0.129
BeTe-CuBr-CuBr-ZnSe-ZnSe-GaP,0.147
BeTe-CuBr-CuBr-ZnSe-ZnSe-ZnSe,0.08
BeTe-CuBr-ZnSe-GaAs-GaAs-GaAs,0.168
BeTe-CuBr-ZnSe-GaP-GaP-GaP,0.193
BeTe-CuBr-ZnSe-ZnSe-GaP-GaP,0.181
BeTe-CuBr-ZnSe-ZnSe-ZnSe-GaP,0.138
BeTe-CuBr-ZnSe-ZnSe-ZnSe-ZnSe,0.07400000000000001
BeTe-GaAs-GaAs-GaAs-GaAs-GaAs,0.067
BeTe-ZnSe-GaAs-GaAs-GaAs-GaAs,0.106
BeTe-ZnSe-GaP-GaP-GaP-GaP,0.133
BeTe-ZnSe-ZnSe-GaAs-GaAs-GaAs,0.106
BeTe-ZnSe-ZnSe-GaP-GaP-GaP,0.132
BeTe-ZnSe-ZnSe-ZnSe-GaAs-GaAs,0.095
BeTe-ZnSe-ZnSe-ZnSe-GaP-GaP,0.117
BeTe-ZnSe-ZnSe-ZnSe-ZnSe-GaAs,0.067
BeTe-ZnSe-ZnSe-ZnSe-ZnSe-GaP,0.08
BeTe-ZnSe-ZnSe-ZnSe-ZnSe-ZnSe,0.02
BN-BN-BN-BN-BN-BN,0.0
BP-BP-BP-BP-BP-BP,0.0
BP-BP-BP-BP-BP-GaN,0.431
BP-BP-BP-BP-BP-ZnO,0.518
BP-BP-BP-BP-GaN-GaN,0.4370000000000001
BP-BP-BP-BP-ZnO-GaN,0.478
BP-BP-BP-GaN-GaN-GaN,0.4370000000000001
BP-BP-BP-ZnO-GaN-GaN,0.484
BP-BP-BP-ZnO-ZnO-GaN,0.476
BP-BP-BP-ZnO-ZnO-ZnO,0.515
BP-BP-GaN-GaN-GaN-GaN,0.434
BP-BP-ZnO-GaN-GaN-GaN,0.486
BP-BP-ZnO-ZnO-ZnO-GaN,0.467
BP-GaN-GaN-GaN-GaN-GaN,0.43
BP-ZnO-GaN-GaN-GaN-GaN,0.494
BP-ZnO-ZnO-GaN-GaN-GaN,0.485
BP-ZnO-ZnO-ZnO-GaN-GaN,0.475
BP-ZnO-ZnO-ZnO-ZnO-GaN,0.463
BP-ZnO-ZnO-ZnO-ZnO-ZnO,0.493
CdS-CdS-CdS-CdS-CdS-CdS,0.0
CdS-CdS-CdS-CdS-CdS-InP,0.05
CdS-CdS-CdS-InP-InP-InP,0.07
CdS-CdS-InP-InP-InP-InP,0.067
CdS-InP-InP-InP-InP-InP,0.053
CdSe-CdSe-CdSe-CdSe-CdSe-InAs,0.049
CdSe-CdSe-CdSe-CdSe-CdSe-InP,0.041
CdSe-CdSe-CdSe-CdSe-InAs-InAs,0.047
CdSe-CdSe-CdSe-CdSe-InP-InP,0.061
CdSe-CdSe-CdSe-InP-InP-InP,0.069
CdSe-CdSe-InAs-InAs-InAs-InAs,0.044
CdSe-CdSe-InP-InP-InP-InP,0.066
CdSe-InAs-InAs-InAs-InAs-InAs,0.031
CdSe-InP-InP-InP-InP-InP,0.048
CdTe-CdTe-CdTe-InSb-InSb-InSb,0.044
CuBr-CuBr-CuBr-CuBr-CuBr-CuBr,0.0
CuBr-CuBr-CuBr-CuBr-CuBr-GaAs,0.086
CuBr-CuBr-CuBr-CuBr-CuBr-ZnSe,0.042
CuBr-CuBr-CuBr-CuBr-GaP-GaP,0.13699999999999998
CuBr-CuBr-CuBr-CuBr-ZnSe-GaAs,0.114
CuBr-CuBr-CuBr-CuBr-ZnSe-GaP,0.123
CuBr-CuBr-CuBr-GaAs-GaAs-GaAs,0.115
CuBr-CuBr-CuBr-GaP-GaP-GaP,0.145
CuBr-CuBr-CuBr-ZnSe-GaAs-GaAs,0.139
CuBr-CuBr-CuBr-ZnSe-GaP-GaP,0.158
CuBr-CuBr-CuBr-ZnSe-ZnSe-GaAs,0.113
CuBr-CuBr-CuBr-ZnSe-ZnSe-GaP,0.123
CuBr-CuBr-CuBr-ZnSe-ZnSe-ZnSe,0.041
CuBr-CuBr-GaAs-GaAs-GaAs-GaAs,0.114
CuBr-CuBr-GaP-GaP-GaP-GaP,0.146
CuBr-CuBr-ZnSe-GaAs-GaAs-GaAs,0.111
CuBr-CuBr-ZnSe-GaP-GaP-GaP,0.165
CuBr-CuBr-ZnSe-ZnSe-GaAs-GaAs,0.106
CuBr-CuBr-ZnSe-ZnSe-GaP-GaP,0.153
CuBr-CuBr-ZnSe-ZnSe-ZnSe-GaAs,0.08800000000000001
CuBr-CuBr-ZnSe-ZnSe-ZnSe-GaP,0.081
CuBr-CuBr-ZnSe-ZnSe-ZnSe-ZnSe,0.046
CuBr-GaAs-GaAs-GaAs-GaAs-GaAs,0.116
CuBr-GaP-GaP-GaP-GaP-GaP,0.145
CuBr-ZnSe-GaAs-GaAs-GaAs-GaAs,0.133
CuBr-ZnSe-GaP-GaP-GaP-GaP,0.16
CuBr-ZnSe-ZnSe-GaP-GaP-GaP,0.154
CuBr-ZnSe-ZnSe-ZnSe-ZnSe-GaAs,0.095
CuCl-CuCl-CuCl-CuCl-CuCl-CuCl,0.0
CuCl-CuCl-CuCl-CuCl-CuCl-ZnS,0.047
CuCl-CuCl-CuCl-CuCl-ZnS-ZnS,0.032
CuCl-CuCl-ZnS-ZnS-ZnS-ZnS,0.044
CuCl-ZnS-ZnS-ZnS-ZnS-ZnS,0.061
CuI-CdS-CdS-CdS-CdS-CdS,0.062
CuI-CdS-CdS-CdS-CdS-InP,0.087
CuI-CdS-CdS-InP-InP-InP,0.121
CuI-CdS-InP-InP-InP-InP,0.122
CuI-CdSe-CdSe-CdSe-CdSe-InP,0.08900000000000001
CuI-CdSe-CdSe-CdSe-InP-InP,0.112
CuI-CdSe-CdSe-InP-InP-InP,0.122
CuI-CdSe-InP-InP-InP-InP,0.12
CuI-CuI-CdS-CdS-CdS-CdS,0.083
CuI-CuI-CdS-CdS-InP-InP,0.13
CuI-CuI-CdS-InP-InP-InP,0.136
CuI-CuI-CdSe-CdSe-CdSe-CdSe,0.068
CuI-CuI-CdSe-CdSe-CdSe-InP,0.102
CuI-CuI-CdSe-CdSe-InP-InP,0.126
CuI-CuI-CdSe-InP-InP-InP,0.129
CuI-CuI-CuI-CdS-CdS-CdS,0.08900000000000001
CuI-CuI-CuI-CdS-InP-InP,0.133
CuI-CuI-CuI-CdSe-CdSe-InP,0.107
CuI-CuI-CuI-CuI-CdS-InP,0.112
CuI-CuI-CuI-CuI-CdSe-CdSe,0.068
CuI-CuI-CuI-CuI-CdSe-InP,0.106
CuI-CuI-CuI-CuI-CuI-CdS,0.056
CuI-CuI-CuI-CuI-CuI-CdSe,0.044
CuI-CuI-CuI-CuI-CuI-CuI,0.0
CuI-CuI-CuI-CuI-CuI-InP,0.115
CuI-CuI-CuI-CuI-CuI-ZnTe,0.04
CuI-CuI-CuI-CuI-InP-InP,0.241
CuI-CuI-CuI-CuI-ZnTe-CdSe,0.08199999999999999
CuI-CuI-CuI-CuI-ZnTe-InP,0.123
CuI-CuI-CuI-CuI-ZnTe-ZnTe,0.06
CuI-CuI-CuI-InP-InP-InP,0.124
CuI-CuI-CuI-ZnTe-CdSe-CdSe,0.08900000000000001
CuI-CuI-CuI-ZnTe-InP-InP,0.15
CuI-CuI-CuI-ZnTe-ZnTe-ZnTe,0.065
CuI-CuI-ZnTe-CdSe-CdSe-CdSe,0.083
CuI-CuI-ZnTe-CdSe-CdSe-InP,0.122
CuI-CuI-ZnTe-CdSe-InP-InP,0.149
CuI-CuI-ZnTe-ZnTe-CdSe-CdSe,0.08199999999999999
CuI-CuI-ZnTe-ZnTe-InP-InP,0.147
CuI-CuI-ZnTe-ZnTe-ZnTe-CdSe,0.064
CuI-CuI-ZnTe-ZnTe-ZnTe-InP,0.119
CuI-CuI-ZnTe-ZnTe-ZnTe-ZnTe,0.06
CuI-InP-InP-InP-InP-InP,0.11
CuI-ZnTe-CdSe-CdSe-CdSe-CdSe,0.068
CuI-ZnTe-CdSe-CdSe-CdSe-InP,0.108
CuI-ZnTe-CdSe-CdSe-InP-InP,0.132
CuI-ZnTe-CdSe-InP-InP-InP,0.142
CuI-ZnTe-ZnTe-CdSe-CdSe-CdSe,0.069
CuI-ZnTe-ZnTe-CdSe-CdSe-InP,0.11
CuI-ZnTe-ZnTe-CdSe-InP-InP,0.156
CuI-ZnTe-ZnTe-InP-InP-InP,0.14400000000000002
CuI-ZnTe-ZnTe-ZnTe-CdSe-CdSe,0.069
CuI-ZnTe-ZnTe-ZnTe-CdSe-InP,0.11
CuI-ZnTe-ZnTe-ZnTe-InP-InP,0.132
CuI-ZnTe-ZnTe-ZnTe-ZnTe-CdSe,0.068
CuI-ZnTe-ZnTe-ZnTe-ZnTe-InP,0.105
GaAs-GaAs-CdS-CdS-CdS-CdS,0.09
GaAs-GaAs-GaAs-CdS-CdS-CdS,0.096
GaAs-GaAs-GaAs-GaAs-CdS-CdS,0.098
GaP-GaP-GaP-GaP-GaP-GaP,0.0
GaSb-CdSe-CdSe-CdSe-CdSe-CdSe,0.062
GaSb-CdSe-CdSe-CdSe-CdSe-InAs,0.061
GaSb-CdSe-CdSe-CdSe-InAs-InAs,0.062
GaSb-GaSb-CdSe-CdSe-CdSe-CdSe,0.065
GaSb-GaSb-CdSe-CdSe-CdSe-InAs,0.062
GaSb-GaSb-CdSe-InAs-InAs-InAs,0.055
GaSb-GaSb-GaSb-CdSe-CdSe-CdSe,0.065
GaSb-GaSb-GaSb-CdSe-CdSe-InAs,0.062
GaSb-GaSb-GaSb-GaSb-CdSe-CdSe,0.066
GaSb-GaSb-GaSb-GaSb-CdSe-InAs,0.059
GaSb-GaSb-GaSb-GaSb-GaSb-CdSe,0.065
GaSb-GaSb-GaSb-GaSb-GaSb-GaSb,0.0
GaSb-GaSb-GaSb-GaSb-GaSb-InAs,0.015
GaSb-GaSb-GaSb-GaSb-InAs-InAs,0.012
GaSb-GaSb-GaSb-InAs-InAs-InAs,0.021
GaSb-GaSb-InAs-InAs-InAs-InAs,0.006
InAs-InAs-InAs-InAs-InAs-InAs,0.0
InN-InN-InN-InN-InN-InN,0.0
InP-InP-InP-InP-InP-InP,0.0
InSb-InSb-InSb-InSb-InSb-InSb,0.0
MgS-AlAs-AlAs-AlAs-AlAs-AlAs,0.14
MgS-AlAs-AlAs-AlAs-AlAs-CuBr,0.146
MgS-AlAs-AlAs-AlAs-AlAs-GaAs,0.142
MgS-AlAs-AlAs-AlAs-AlAs-ZnSe,0.104
MgS-AlAs-AlAs-AlAs-CuBr-CuBr,0.125
MgS-AlAs-AlAs-AlAs-CuBr-GaAs,0.224
MgS-AlAs-AlAs-AlAs-CuBr-ZnSe,0.152
MgS-AlAs-AlAs-AlAs-GaAs-GaAs,0.141
MgS-AlAs-AlAs-AlAs-ZnSe-GaAs,0.182
MgS-AlAs-AlAs-AlAs-ZnSe-ZnSe,0.106
MgS-AlAs-AlAs-CuBr-CuBr-GaAs,0.225
MgS-AlAs-AlAs-CuBr-CuBr-ZnSe,0.129
MgS-AlAs-AlAs-CuBr-GaAs-GaAs,0.239
MgS-AlAs-AlAs-CuBr-ZnSe-GaAs,0.228
MgS-AlAs-AlAs-CuBr-ZnSe-ZnSe,0.142
MgS-AlAs-AlAs-GaAs-GaAs-GaAs,0.14
MgS-AlAs-AlAs-ZnSe-ZnSe-ZnSe,0.101
MgS-AlAs-CuBr-CuBr-CuBr-CuBr,0.146
MgS-AlAs-CuBr-CuBr-CuBr-GaAs,0.214
MgS-AlAs-CuBr-CuBr-CuBr-ZnSe,0.11
MgS-AlAs-CuBr-CuBr-GaAs-GaAs,0.233
MgS-AlAs-CuBr-CuBr-ZnSe-ZnSe,0.113
MgS-AlAs-CuBr-GaAs-GaAs-GaAs,0.229
MgS-AlAs-CuBr-ZnSe-GaAs-GaAs,0.234
MgS-AlAs-CuBr-ZnSe-ZnSe-ZnSe,0.12
MgS-AlAs-GaAs-GaAs-GaAs-GaAs,0.139
MgS-AlAs-ZnSe-GaAs-GaAs-GaAs,0.179
MgS-AlAs-ZnSe-ZnSe-GaAs-GaAs,0.183
MgS-AlAs-ZnSe-ZnSe-ZnSe-GaAs,0.17
MgS-AlP-AlP-AlP-AlP-AlP,0.16
MgS-AlP-AlP-AlP-AlP-CuBr,0.174
MgS-AlP-AlP-AlP-AlP-ZnSe,0.131
MgS-AlP-AlP-AlP-CuBr-CuBr,0.19
MgS-AlP-AlP-AlP-CuBr-GaP,0.258
MgS-AlP-AlP-AlP-ZnSe-GaP,0.194
MgS-AlP-AlP-AlP-ZnSe-ZnSe,0.132
MgS-AlP-AlP-CuBr-CuBr-GaP,0.256
MgS-AlP-AlP-CuBr-CuBr-ZnSe,0.135
MgS-AlP-AlP-CuBr-GaP-GaP,0.278
MgS-AlP-AlP-CuBr-ZnSe-GaP,0.251
MgS-AlP-AlP-CuBr-ZnSe-ZnSe,0.16699999999999998
MgS-AlP-AlP-GaP-GaP-GaP,0.162
MgS-AlP-AlP-ZnSe-ZnSe-GaP,0.192
MgS-AlP-AlP-ZnSe-ZnSe-ZnSe,0.121
MgS-AlP-CuBr-CuBr-CuBr-CuBr,0.158
MgS-AlP-CuBr-CuBr-CuBr-GaP,0.229
MgS-AlP-CuBr-CuBr-GaP-GaP,0.26
MgS-AlP-CuBr-CuBr-ZnSe-GaP,0.234
MgS-AlP-CuBr-CuBr-ZnSe-ZnSe,0.108
MgS-AlP-CuBr-GaP-GaP-GaP,0.263
MgS-AlP-CuBr-ZnSe-GaP-GaP,0.257
MgS-AlP-CuBr-ZnSe-ZnSe-GaP,0.22
MgS-AlP-CuBr-ZnSe-ZnSe-ZnSe,0.133
MgS-AlP-GaP-GaP-GaP-GaP,0.161
MgS-AlP-ZnSe-ZnSe-GaP-GaP,0.194
MgS-AlP-ZnSe-ZnSe-ZnSe-ZnSe,0.08900000000000001
MgS-BeTe-AlAs-AlAs-AlAs-CuBr,0.19
MgS-BeTe-AlAs-AlAs-AlAs-GaAs,0.196
MgS-BeTe-AlAs-AlAs-CuBr-GaAs,0.261
MgS-BeTe-AlAs-AlAs-GaAs-GaAs,0.193
MgS-BeTe-AlAs-AlAs-ZnSe-GaAs,0.223
MgS-BeTe-AlAs-AlAs-ZnSe-ZnSe,0.14
MgS-BeTe-AlAs-CuBr-CuBr-CuBr,0.165
MgS-BeTe-AlAs-CuBr-CuBr-ZnSe,0.136
MgS-BeTe-AlAs-CuBr-ZnSe-GaAs,0.245
MgS-BeTe-AlAs-GaAs-GaAs-GaAs,0.191
MgS-BeTe-AlAs-ZnSe-GaAs-GaAs,0.212
MgS-BeTe-AlAs-ZnSe-ZnSe-GaAs,0.204
MgS-BeTe-AlAs-ZnSe-ZnSe-ZnSe,0.112
MgS-BeTe-AlP-AlP-AlP-AlP,0.166
MgS-BeTe-AlP-AlP-AlP-CuBr,0.208
MgS-BeTe-AlP-AlP-AlP-GaP,0.175
MgS-BeTe-AlP-AlP-AlP-ZnSe,0.171
MgS-BeTe-AlP-AlP-CuBr-GaP,0.28300000000000003
MgS-BeTe-AlP-AlP-CuBr-ZnSe,0.204
MgS-BeTe-AlP-AlP-GaP-GaP,0.174
MgS-BeTe-AlP-AlP-ZnSe-GaP,0.227
MgS-BeTe-AlP-AlP-ZnSe-ZnSe,0.158
MgS-BeTe-AlP-CuBr-CuBr-CuBr,0.17800000000000002
MgS-BeTe-AlP-CuBr-CuBr-ZnSe,0.173
MgS-BeTe-AlP-CuBr-ZnSe-GaP,0.251
MgS-BeTe-AlP-CuBr-ZnSe-ZnSe,0.159
MgS-BeTe-AlP-ZnSe-GaP-GaP,0.22
MgS-BeTe-AlP-ZnSe-ZnSe-ZnSe,0.118
MgS-BeTe-BeTe-AlAs-AlAs-AlAs,0.196
MgS-BeTe-BeTe-AlAs-CuBr-GaAs,0.236
MgS-BeTe-BeTe-AlAs-CuBr-ZnSe,0.14800000000000002
MgS-BeTe-BeTe-AlAs-ZnSe-GaAs,0.206
MgS-BeTe-BeTe-AlAs-ZnSe-ZnSe,0.114
MgS-BeTe-BeTe-AlP-AlP-AlP,0.211
MgS-BeTe-BeTe-AlP-AlP-GaP,0.213
MgS-BeTe-BeTe-AlP-AlP-ZnSe,0.159
MgS-BeTe-BeTe-AlP-CuBr-CuBr,0.165
MgS-BeTe-BeTe-AlP-CuBr-GaP,0.243
MgS-BeTe-BeTe-AlP-CuBr-ZnSe,0.158
MgS-BeTe-BeTe-AlP-GaP-GaP,0.21
MgS-BeTe-BeTe-AlP-ZnSe-GaP,0.201
MgS-BeTe-BeTe-AlP-ZnSe-ZnSe,0.118
MgS-BeTe-BeTe-BeTe-AlAs-AlAs,0.187
MgS-BeTe-BeTe-BeTe-AlAs-CuBr,0.141
MgS-BeTe-BeTe-BeTe-AlAs-GaAs,0.188
MgS-BeTe-BeTe-BeTe-AlAs-ZnSe,0.115
MgS-BeTe-BeTe-BeTe-AlP-AlP,0.195
MgS-BeTe-BeTe-BeTe-AlP-GaP,0.196
MgS-BeTe-BeTe-BeTe-BeTe-AlAs,0.155
MgS-BeTe-BeTe-BeTe-BeTe-AlP,0.15
MgS-BeTe-BeTe-BeTe-BeTe-BeTe,0.084
MgS-BeTe-BeTe-BeTe-BeTe-CuBr,0.103
MgS-BeTe-BeTe-BeTe-BeTe-GaAs,0.151
MgS-BeTe-BeTe-BeTe-BeTe-GaP,0.139
MgS-BeTe-BeTe-BeTe-BeTe-ZnSe,0.055
MgS-BeTe-BeTe-BeTe-CuBr-CuBr,0.113
MgS-BeTe-BeTe-BeTe-CuBr-GaAs,0.203
MgS-BeTe-BeTe-BeTe-CuBr-GaP,0.196
MgS-BeTe-BeTe-BeTe-CuBr-ZnSe,0.109
MgS-BeTe-BeTe-BeTe-GaAs-GaAs,0.174
MgS-BeTe-BeTe-BeTe-ZnSe-GaP,0.152
MgS-BeTe-BeTe-CuBr-CuBr-CuBr,0.115
MgS-BeTe-BeTe-CuBr-CuBr-GaAs,0.203
MgS-BeTe-BeTe-CuBr-CuBr-GaP,0.197
MgS-BeTe-BeTe-CuBr-GaAs-GaAs,0.222
MgS-BeTe-BeTe-CuBr-GaP-GaP,0.24
MgS-BeTe-BeTe-CuBr-ZnSe-GaAs,0.215
MgS-BeTe-BeTe-CuBr-ZnSe-GaP,0.21
MgS-BeTe-BeTe-CuBr-ZnSe-ZnSe,0.109
MgS-BeTe-BeTe-GaAs-GaAs-GaAs,0.18
MgS-BeTe-BeTe-GaP-GaP-GaP,0.191
MgS-BeTe-BeTe-ZnSe-GaAs-GaAs,0.18
MgS-BeTe-BeTe-ZnSe-GaP-GaP,0.188
MgS-BeTe-BeTe-ZnSe-ZnSe-GaAs,0.16
MgS-BeTe-BeTe-ZnSe-ZnSe-GaP,0.151
MgS-BeTe-BeTe-ZnSe-ZnSe-ZnSe,0.055
MgS-BeTe-CuBr-CuBr-CuBr-CuBr,0.112
MgS-BeTe-CuBr-CuBr-CuBr-GaAs,0.204
MgS-BeTe-CuBr-CuBr-CuBr-GaP,0.2
MgS-BeTe-CuBr-CuBr-CuBr-ZnSe,0.116
MgS-BeTe-CuBr-CuBr-GaAs-GaAs,0.225
MgS-BeTe-CuBr-CuBr-GaP-GaP,0.243
MgS-BeTe-CuBr-CuBr-ZnSe-GaAs,0.226
MgS-BeTe-CuBr-CuBr-ZnSe-GaP,0.217
MgS-BeTe-CuBr-CuBr-ZnSe-ZnSe,0.115
MgS-BeTe-CuBr-GaAs-GaAs-GaAs,0.219
MgS-BeTe-CuBr-GaP-GaP-GaP,0.244
MgS-BeTe-CuBr-ZnSe-GaAs-GaAs,0.244
MgS-BeTe-CuBr-ZnSe-GaP-GaP,0.261
MgS-BeTe-CuBr-ZnSe-ZnSe-GaP,0.208
MgS-BeTe-CuBr-ZnSe-ZnSe-ZnSe,0.109
MgS-BeTe-GaP-GaP-GaP-GaP,0.192
MgS-BeTe-ZnSe-GaAs-GaAs-GaAs,0.184
MgS-BeTe-ZnSe-GaP-GaP-GaP,0.202
MgS-BeTe-ZnSe-ZnSe-GaAs-GaAs,0.17800000000000002
MgS-BeTe-ZnSe-ZnSe-GaP-GaP,0.187
MgS-BeTe-ZnSe-ZnSe-ZnSe-GaAs,0.158
MgS-BeTe-ZnSe-ZnSe-ZnSe-GaP,0.15
MgS-BeTe-ZnSe-ZnSe-ZnSe-ZnSe,0.054000000000000006
MgS-CuBr-CuBr-CuBr-CuBr-CuBr,0.056
MgS-CuBr-CuBr-CuBr-CuBr-GaAs,0.182
MgS-CuBr-CuBr-CuBr-CuBr-GaP,0.179
MgS-CuBr-CuBr-CuBr-CuBr-ZnSe,0.086
MgS-CuBr-CuBr-CuBr-GaAs-GaAs,0.205
MgS-CuBr-CuBr-CuBr-GaP-GaP,0.229
MgS-CuBr-CuBr-CuBr-ZnSe-GaAs,0.155
MgS-CuBr-CuBr-CuBr-ZnSe-GaP,0.149
MgS-CuBr-CuBr-CuBr-ZnSe-ZnSe,0.046
MgS-CuBr-CuBr-GaP-GaP-GaP,0.236
MgS-CuBr-CuBr-ZnSe-GaAs-GaAs,0.18600000000000005
MgS-CuBr-CuBr-ZnSe-ZnSe-GaAs,0.156
MgS-CuBr-GaP-GaP-GaP-GaP,0.237
MgS-CuBr-ZnSe-GaAs-GaAs-GaAs,0.213
MgS-CuBr-ZnSe-GaP-GaP-GaP,0.238
MgS-CuBr-ZnSe-ZnSe-GaAs-GaAs,0.202
MgS-CuBr-ZnSe-ZnSe-ZnSe-GaAs,0.177
MgS-CuBr-ZnSe-ZnSe-ZnSe-GaP,0.173
MgS-CuBr-ZnSe-ZnSe-ZnSe-ZnSe,0.071
MgS-GaAs-GaAs-GaAs-GaAs-GaAs,0.14800000000000002
MgS-GaP-GaP-GaP-GaP-GaP,0.17
MgS-MgS-AlAs-AlAs-AlAs-AlAs,0.146
MgS-MgS-AlAs-AlAs-AlAs-CuBr,0.145
MgS-MgS-AlAs-AlAs-AlAs-GaAs,0.14800000000000002
MgS-MgS-AlAs-AlAs-CuBr-CuBr,0.12
MgS-MgS-AlAs-AlAs-CuBr-GaAs,0.221
MgS-MgS-AlAs-AlAs-CuBr-ZnSe,0.14300000000000002
MgS-MgS-AlAs-AlAs-GaAs-GaAs,0.146
MgS-MgS-AlAs-AlAs-ZnSe-GaAs,0.182
MgS-MgS-AlAs-AlAs-ZnSe-ZnSe,0.1
MgS-MgS-AlAs-CuBr-CuBr-GaAs,0.21
MgS-MgS-AlAs-CuBr-CuBr-ZnSe,0.113
MgS-MgS-AlAs-CuBr-GaAs-GaAs,0.229
MgS-MgS-AlAs-CuBr-ZnSe-GaAs,0.214
MgS-MgS-AlAs-CuBr-ZnSe-ZnSe,0.12
MgS-MgS-AlAs-GaAs-GaAs-GaAs,0.145
MgS-MgS-AlAs-ZnSe-GaAs-GaAs,0.177
MgS-MgS-AlAs-ZnSe-ZnSe-GaAs,0.172
MgS-MgS-AlAs-ZnSe-ZnSe-ZnSe,0.081
MgS-MgS-AlP-AlP-AlP-GaP,0.174
MgS-MgS-AlP-AlP-AlP-ZnSe,0.133
MgS-MgS-AlP-AlP-CuBr-CuBr,0.125
MgS-MgS-AlP-AlP-CuBr-ZnSe,0.16699999999999998
MgS-MgS-AlP-AlP-ZnSe-ZnSe,0.121
MgS-MgS-AlP-CuBr-CuBr-CuBr,0.157
MgS-MgS-AlP-CuBr-CuBr-GaP,0.225
MgS-MgS-AlP-CuBr-CuBr-ZnSe,0.109
MgS-MgS-AlP-CuBr-GaP-GaP,0.257
MgS-MgS-AlP-CuBr-ZnSe-GaP,0.225
MgS-MgS-AlP-CuBr-ZnSe-ZnSe,0.134
MgS-MgS-AlP-GaP-GaP-GaP,0.171
MgS-MgS-AlP-ZnSe-GaP-GaP,0.189
MgS-MgS-AlP-ZnSe-ZnSe-ZnSe,0.08900000000000001
MgS-MgS-BeTe-AlAs-AlAs-CuBr,0.17800000000000002
MgS-MgS-BeTe-AlAs-AlAs-GaAs,0.194
MgS-MgS-BeTe-AlAs-AlAs-ZnSe,0.14
MgS-MgS-BeTe-AlAs-CuBr-CuBr,0.13
MgS-MgS-BeTe-AlAs-CuBr-GaAs,0.233
MgS-MgS-BeTe-AlAs-CuBr-ZnSe,0.14800000000000002
MgS-MgS-BeTe-AlAs-ZnSe-ZnSe,0.112
MgS-MgS-BeTe-AlP-AlP-AlP,0.211
MgS-MgS-BeTe-AlP-AlP-GaP,0.213
MgS-MgS-BeTe-AlP-AlP-ZnSe,0.158
MgS-MgS-BeTe-AlP-CuBr-CuBr,0.168
MgS-MgS-BeTe-AlP-CuBr-GaP,0.242
MgS-MgS-BeTe-AlP-CuBr-ZnSe,0.159
MgS-MgS-BeTe-AlP-GaP-GaP,0.21
MgS-MgS-BeTe-AlP-ZnSe-GaP,0.199
MgS-MgS-BeTe-AlP-ZnSe-ZnSe,0.117
MgS-MgS-BeTe-BeTe-AlAs-AlAs,0.184
MgS-MgS-BeTe-BeTe-AlAs-CuBr,0.14300000000000002
MgS-MgS-BeTe-BeTe-AlAs-ZnSe,0.114
MgS-MgS-BeTe-BeTe-AlP-AlP,0.194
MgS-MgS-BeTe-BeTe-AlP-CuBr,0.149
MgS-MgS-BeTe-BeTe-AlP-GaP,0.194
MgS-MgS-BeTe-BeTe-AlP-ZnSe,0.118
MgS-MgS-BeTe-BeTe-BeTe-BeTe,0.084
MgS-MgS-BeTe-BeTe-BeTe-CuBr,0.105
MgS-MgS-BeTe-BeTe-BeTe-GaAs,0.15
MgS-MgS-BeTe-BeTe-BeTe-ZnSe,0.056
MgS-MgS-BeTe-BeTe-CuBr-CuBr,0.116
MgS-MgS-BeTe-BeTe-CuBr-GaAs,0.201
MgS-MgS-BeTe-BeTe-CuBr-GaP,0.195
MgS-MgS-BeTe-BeTe-CuBr-ZnSe,0.109
MgS-MgS-BeTe-BeTe-GaAs-GaAs,0.172
MgS-MgS-BeTe-BeTe-GaP-GaP,0.17600000000000002
MgS-MgS-BeTe-BeTe-ZnSe-GaAs,0.16
MgS-MgS-BeTe-BeTe-ZnSe-GaP,0.151
MgS-MgS-BeTe-BeTe-ZnSe-ZnSe,0.055
MgS-MgS-BeTe-CuBr-CuBr-CuBr,0.119
MgS-MgS-BeTe-CuBr-CuBr-GaAs,0.203
MgS-MgS-BeTe-CuBr-CuBr-ZnSe,0.116
MgS-MgS-BeTe-CuBr-ZnSe-GaAs,0.212
MgS-MgS-BeTe-CuBr-ZnSe-GaP,0.209
MgS-MgS-BeTe-CuBr-ZnSe-ZnSe,0.11
MgS-MgS-BeTe-GaAs-GaAs-GaAs,0.17800000000000002
MgS-MgS-BeTe-GaP-GaP-GaP,0.191
MgS-MgS-BeTe-ZnSe-GaAs-GaAs,0.177
MgS-MgS-BeTe-ZnSe-ZnSe-GaAs,0.158
MgS-MgS-CuBr-CuBr-CuBr-CuBr,0.028
MgS-MgS-CuBr-CuBr-CuBr-GaAs,0.194
MgS-MgS-CuBr-CuBr-CuBr-ZnSe,0.099
MgS-MgS-CuBr-CuBr-GaAs-GaAs,0.211
MgS-MgS-CuBr-CuBr-GaP-GaP,0.232
MgS-MgS-CuBr-CuBr-ZnSe-GaAs,0.17
MgS-MgS-CuBr-CuBr-ZnSe-GaP,0.159
MgS-MgS-CuBr-CuBr-ZnSe-ZnSe,0.058
MgS-MgS-CuBr-GaP-GaP-GaP,0.236
MgS-MgS-CuBr-ZnSe-GaAs-GaAs,0.211
MgS-MgS-CuBr-ZnSe-GaP-GaP,0.225
MgS-MgS-CuBr-ZnSe-ZnSe-GaAs,0.18600000000000005
MgS-MgS-CuBr-ZnSe-ZnSe-GaP,0.18
MgS-MgS-CuBr-ZnSe-ZnSe-ZnSe,0.075
MgS-MgS-GaP-GaP-GaP-GaP,0.175
MgS-MgS-MgS-AlAs-AlAs-AlAs,0.145
MgS-MgS-MgS-AlAs-AlAs-CuBr,0.13699999999999998
MgS-MgS-MgS-AlAs-AlAs-GaAs,0.147
MgS-MgS-MgS-AlAs-AlAs-ZnSe,0.1
MgS-MgS-MgS-AlAs-CuBr-GaAs,0.204
MgS-MgS-MgS-AlAs-ZnSe-GaAs,0.166
MgS-MgS-MgS-AlAs-ZnSe-ZnSe,0.081
MgS-MgS-MgS-AlP-AlP-AlP,0.16899999999999998
MgS-MgS-MgS-AlP-AlP-CuBr,0.154
MgS-MgS-MgS-AlP-AlP-GaP,0.17
MgS-MgS-MgS-AlP-AlP-ZnSe,0.121
MgS-MgS-MgS-AlP-CuBr-CuBr,0.099
MgS-MgS-MgS-AlP-CuBr-GaP,0.215
MgS-MgS-MgS-AlP-CuBr-ZnSe,0.135
MgS-MgS-MgS-AlP-ZnSe-GaP,0.168
MgS-MgS-MgS-AlP-ZnSe-ZnSe,0.08800000000000001
MgS-MgS-MgS-BeTe-AlAs-AlAs,0.181
MgS-MgS-MgS-BeTe-AlAs-CuBr,0.14300000000000002
MgS-MgS-MgS-BeTe-AlAs-GaAs,0.182
MgS-MgS-MgS-BeTe-AlP-AlP,0.192
MgS-MgS-MgS-BeTe-AlP-CuBr,0.15
MgS-MgS-MgS-BeTe-AlP-GaP,0.193
MgS-MgS-MgS-BeTe-AlP-ZnSe,0.117
MgS-MgS-MgS-BeTe-BeTe-AlAs,0.152
MgS-MgS-MgS-BeTe-BeTe-AlP,0.14800000000000002
MgS-MgS-MgS-BeTe-BeTe-BeTe,0.084
MgS-MgS-MgS-BeTe-BeTe-CuBr,0.106
MgS-MgS-MgS-BeTe-BeTe-GaP,0.13699999999999998
MgS-MgS-MgS-BeTe-CuBr-GaAs,0.2
MgS-MgS-MgS-BeTe-CuBr-GaP,0.195
MgS-MgS-MgS-BeTe-CuBr-ZnSe,0.111
MgS-MgS-MgS-BeTe-GaAs-GaAs,0.16899999999999998
MgS-MgS-MgS-BeTe-GaP-GaP,0.174
MgS-MgS-MgS-BeTe-ZnSe-GaAs,0.158
MgS-MgS-MgS-CuBr-CuBr-CuBr,0.039
MgS-MgS-MgS-CuBr-CuBr-GaAs,0.16
MgS-MgS-MgS-CuBr-CuBr-GaP,0.152
MgS-MgS-MgS-CuBr-CuBr-ZnSe,0.058
MgS-MgS-MgS-CuBr-GaAs-GaAs,0.204
MgS-MgS-MgS-CuBr-GaP-GaP,0.22
MgS-MgS-MgS-CuBr-ZnSe-GaAs,0.18600000000000005
MgS-MgS-MgS-GaAs-GaAs-GaAs,0.149
MgS-MgS-MgS-GaP-GaP-GaP,0.16899999999999998
MgS-MgS-MgS-MgS-AlAs-CuBr,0.118
MgS-MgS-MgS-MgS-AlAs-ZnSe,0.08
MgS-MgS-MgS-MgS-AlP-AlP,0.154
MgS-MgS-MgS-MgS-AlP-ZnSe,0.08800000000000001
MgS-MgS-MgS-MgS-BeTe-AlAs,0.149
MgS-MgS-MgS-MgS-BeTe-AlP,0.146
MgS-MgS-MgS-MgS-BeTe-BeTe,0.085
MgS-MgS-MgS-MgS-BeTe-GaAs,0.146
MgS-MgS-MgS-MgS-BeTe-GaP,0.136
MgS-MgS-MgS-MgS-BeTe-ZnSe,0.055
MgS-MgS-MgS-MgS-CuBr-CuBr,0.044
MgS-MgS-MgS-MgS-CuBr-GaP,0.172
MgS-MgS-MgS-MgS-CuBr-ZnSe,0.077
MgS-MgS-MgS-MgS-GaAs-GaAs,0.14400000000000002
MgS-MgS-MgS-MgS-GaP-GaP,0.154
MgS-MgS-MgS-MgS-MgS-AlP,0.117
MgS-MgS-MgS-MgS-MgS-BeTe,0.085
MgS-MgS-MgS-MgS-MgS-CuBr,0.065
MgS-MgS-MgS-MgS-MgS-GaAs,0.128
MgS-MgS-MgS-MgS-MgS-GaP,0.122
MgS-MgS-MgS-MgS-MgS-ZnSe,0.022
MgS-MgS-MgS-MgS-ZnSe-GaAs,0.123
MgS-MgS-MgS-MgS-ZnSe-GaP,0.115
MgS-MgS-MgS-MgS-ZnSe-ZnSe,0.021
MgS-MgS-MgS-ZnSe-GaAs-GaAs,0.142
MgS-MgS-MgS-ZnSe-GaP-GaP,0.15
MgS-MgS-MgS-ZnSe-ZnSe-GaAs,0.124
MgS-MgS-MgS-ZnSe-ZnSe-GaP,0.115
MgS-MgS-MgS-ZnSe-ZnSe-ZnSe,0.021
MgS-MgS-ZnSe-GaAs-GaAs-GaAs,0.14800000000000002
MgS-MgS-ZnSe-GaP-GaP-GaP,0.165
MgS-MgS-ZnSe-ZnSe-GaAs-GaAs,0.14300000000000002
MgS-MgS-ZnSe-ZnSe-GaP-GaP,0.15
MgS-MgS-ZnSe-ZnSe-ZnSe-GaAs,0.124
MgS-MgS-ZnSe-ZnSe-ZnSe-GaP,0.116
MgS-MgS-ZnSe-ZnSe-ZnSe-ZnSe,0.021
MgS-ZnSe-GaAs-GaAs-GaAs-GaAs,0.149
MgS-ZnSe-GaP-GaP-GaP-GaP,0.168
MgS-ZnSe-ZnSe-GaP-GaP-GaP,0.165
MgS-ZnSe-ZnSe-ZnSe-GaAs-GaAs,0.14300000000000002
MgS-ZnSe-ZnSe-ZnSe-GaP-GaP,0.15
MgS-ZnSe-ZnSe-ZnSe-ZnSe-GaP,0.115
MgS-ZnSe-ZnSe-ZnSe-ZnSe-ZnSe,0.021
SiC-SiC-SiC-SiC-SiC-SiC,0.0
ZnO-GaN-GaN-GaN-GaN-GaN,0.159
ZnO-ZnO-GaN-GaN-GaN-GaN,0.179
ZnO-ZnO-ZnO-GaN-GaN-GaN,0.187
ZnO-ZnO-ZnO-ZnO-GaN-GaN,0.173
ZnO-ZnO-ZnO-ZnO-ZnO-ZnO,0.0
ZnS-GaP-GaP-GaP-GaP-GaP,0.08800000000000001
ZnS-ZnS-GaP-GaP-GaP-GaP,0.106
ZnS-ZnS-ZnS-ZnS-GaP-GaP,0.105
ZnS-ZnS-ZnS-ZnS-ZnS-ZnS,0.0
ZnSe-GaAs-GaAs-GaAs-GaAs-GaAs,0.065
ZnSe-GaP-GaP-GaP-GaP-GaP,0.075
ZnSe-ZnSe-GaAs-GaAs-GaAs-GaAs,0.08
ZnSe-ZnSe-GaP-GaP-GaP-GaP,0.097
ZnSe-ZnSe-ZnSe-GaAs-GaAs-GaAs,0.08199999999999999
ZnSe-ZnSe-ZnSe-GaP-GaP-GaP,0.1
ZnSe-ZnSe-ZnSe-ZnSe-GaAs-GaAs,0.077
ZnSe-ZnSe-ZnSe-ZnSe-GaP-GaP,0.08900000000000001
ZnSe-ZnSe-ZnSe-ZnSe-ZnSe-GaAs,0.058
ZnSe-ZnSe-ZnSe-ZnSe-ZnSe-GaP,0.058
ZnSe-ZnSe-ZnSe-ZnSe-ZnSe-ZnSe,0.0
ZnTe-CdSe-CdSe-CdSe-CdSe-CdSe,0.014
ZnTe-CdSe-CdSe-CdSe-CdSe-InAs,0.037000000000000005
ZnTe-CdSe-CdSe-CdSe-InAs-InAs,0.052000000000000005
ZnTe-CdSe-CdSe-CdSe-InP-InP,0.07200000000000001
ZnTe-CdSe-CdSe-InP-InP-InP,0.081
ZnTe-CdSe-InP-InP-InP-InP,0.078
ZnTe-GaSb-CdSe-CdSe-CdSe-CdSe,0.064
ZnTe-GaSb-CdSe-CdSe-InAs-InAs,0.087
ZnTe-GaSb-GaSb-CdSe-CdSe-CdSe,0.07
ZnTe-GaSb-GaSb-CdSe-CdSe-InAs,0.08
ZnTe-GaSb-GaSb-CdSe-InAs-InAs,0.085
ZnTe-GaSb-GaSb-GaSb-CdSe-CdSe,0.07200000000000001
ZnTe-GaSb-GaSb-GaSb-GaSb-CdSe,0.07200000000000001
ZnTe-GaSb-GaSb-GaSb-GaSb-GaSb,0.046
ZnTe-GaSb-GaSb-InAs-InAs-InAs,0.048
ZnTe-GaSb-InAs-InAs-InAs-InAs,0.045
ZnTe-InAs-InAs-InAs-InAs-InAs,0.023
ZnTe-InP-InP-InP-InP-InP,0.039
ZnTe-ZnTe-CdSe-CdSe-CdSe-CdSe,0.013
ZnTe-ZnTe-CdSe-CdSe-CdSe-InAs,0.038
ZnTe-ZnTe-CdSe-CdSe-CdSe-InP,0.05
ZnTe-ZnTe-CdSe-CdSe-InAs-InAs,0.054000000000000006
ZnTe-ZnTe-CdSe-CdSe-InP-InP,0.07400000000000001
ZnTe-ZnTe-CdSe-InAs-InAs-InAs,0.058
ZnTe-ZnTe-CdSe-InP-InP-InP,0.083
ZnTe-ZnTe-GaSb-CdSe-CdSe-CdSe,0.065
ZnTe-ZnTe-GaSb-CdSe-CdSe-InAs,0.083
ZnTe-ZnTe-GaSb-GaSb-CdSe-CdSe,0.071
ZnTe-ZnTe-GaSb-GaSb-CdSe-InAs,0.087
ZnTe-ZnTe-GaSb-GaSb-GaSb-GaSb,0.054000000000000006
ZnTe-ZnTe-GaSb-GaSb-GaSb-InAs,0.063
ZnTe-ZnTe-GaSb-InAs-InAs-InAs,0.063
ZnTe-ZnTe-InAs-InAs-InAs-InAs,0.045
ZnTe-ZnTe-InP-InP-InP-InP,0.067
ZnTe-ZnTe-ZnTe-CdSe-CdSe-InAs,0.039
ZnTe-ZnTe-ZnTe-CdSe-InAs-InAs,0.055
ZnTe-ZnTe-ZnTe-GaSb-CdSe-CdSe,0.067
ZnTe-ZnTe-ZnTe-GaSb-CdSe-InAs,0.114
ZnTe-ZnTe-ZnTe-GaSb-GaSb-CdSe,0.07200000000000001
ZnTe-ZnTe-ZnTe-GaSb-GaSb-GaSb,0.056
ZnTe-ZnTe-ZnTe-InAs-InAs-InAs,0.053
ZnTe-ZnTe-ZnTe-InP-InP-InP,0.075
ZnTe-ZnTe-ZnTe-ZnTe-CdSe-CdSe,0.013
ZnTe-ZnTe-ZnTe-ZnTe-GaSb-CdSe,0.068
ZnTe-ZnTe-ZnTe-ZnTe-GaSb-GaSb,0.054000000000000006
ZnTe-ZnTe-ZnTe-ZnTe-GaSb-InAs,0.065
ZnTe-ZnTe-ZnTe-ZnTe-InAs-InAs,0.051
ZnTe-ZnTe-ZnTe-ZnTe-InP-InP,0.068
ZnTe-ZnTe-ZnTe-ZnTe-ZnTe-CdSe,0.013
ZnTe-ZnTe-ZnTe-ZnTe-ZnTe-ZnTe,0.0
