MP-ID,System,K_voigt
mvc-11484,CaTiO3,172
mvc-15350,Ca2Sn3O8,109
mvc-16396,Ca3AlSb3,38
mvc-652,Ti(WO4)2,91
mvc-8242,CaSn2O5,123
mvc-4415,Ta2O5,200
mvc-15643,WO3,40
mvc-13876,TiN,281
mvc-6389,WO2,118
mvc-8365,MgFe2O5,88
mvc-11651,Zn(CrSe2)2,69
mvc-13158,CaVO3,167
mvc-16413,Zn2Mo3O8,137
mvc-15272,Ca2CoN2,77
mvc-7786,Zn(WO2)2,143
mvc-13900,YCuO3,131
mvc-11233,CoS2,79
mvc-11780,MoS2,65
mvc-5096,WO3,53
mvc-7794,Mg(MoO2)2,107
mvc-14201,Ca3Sn2O7,129
mvc-14941,MoO3,39
mvc-11813,CaLaMn2O6,152
mp-22712,YPd2Pb,95
mvc-3672,Ca3Fe2O7,127
mvc-6590,TiO2,214
mvc-3525,VZnF4,55
mvc-14334,MgVF5,81
mvc-6921,MgMn2O4,141
mvc-11699,AlCuO2,178
mvc-16068,CaNiN,111
mvc-12022,MnO2,109
mvc-5517,Zn(AgO2)2,76
mvc-12484,CaTi2O4,158
mvc-10896,Ti2AlO4,208
mvc-11649,Ca(CoO2)2,165
mp-544,Ti3Ir,168
mp-3702,FeCuPt2,198
mp-865162,MgGeRh2,161
mp-9556,SrZnSi,51
mp-29596,Ca3AlN3,93
mp-22617,YNiSn,91
mp-862563,Sc2BeTc,108
mp-8786,Zr2NiAs2,141
mp-30427,BaZnBi2,33
mp-864890,Hf2FeIr,188
mp-23558,Ag2BiO3,101
mp-11431,CaGa3Ni2,87
mp-9324,Ba3MnN3,38
mp-7524,NbPSe,131
mp-5072,Rb2HgO2,25
mp-20790,InPS4,18
mp-672645,TiSiRh,188
mp-6926,Ca(PPd)2,113
mp-1251,VRh,233
mp-16524,ScAlPd2,131
mp-10086,YSF,106
mp-5962,NaMgAs,33
mp-865490,V2CrFe,232
mp-989579,Rb2LiTlCl6,20
mp-865888,TiSnRu2,202
mp-862431,Sc2AgOs,124
mp-558781,ScTaO4,178
mp-7918,HfGeS,127
mp-867137,ScVRu2,195
mp-4152,Ga2CoS4,44
mp-865866,LiZrPt2,140
mp-867274,Be2CoIr,218
mp-2831,FePd,163
mp-20935,ZrSnIr,161
mp-867156,ScGaRu2,172
mp-555064,Cd(CO2)2,54
mp-7632,NiMoP,242
mp-8150,Ba(CdSb)2,36
mp-861629,LiMnPd2,112
mp-20983,V2InC,154
mp-1682,ZrAs,118
mp-862600,Be2RhPt,216
mp-864883,MgSnPd2,112
mp-779948,ZrMnO3,162
mp-4475,Tl(CoSe)2,49
mp-10894,MnAlRh2,184
mp-20905,OsS2,194
mp-650,Be5Pd,146
mp-866062,HfSiRu2,224
mp-4864,CaMgSn,41
mp-2933,Pr2(ReB2)3,214
mp-7066,ScNiGe,125
mp-21850,Fe3SnC,140
mp-862710,Sc2CdTc,101
mp-21471,LiFeAs,69
mp-550908,SrHfO3,158
mp-772245,CrPtO2,202
mp-12623,BaPdF4,53
mp-30091,MgB9N,210
mp-6304,Sr2GaSbO6,144
mp-761310,Mn(AsO2)2,49
mp-10183,MgSbPd,81
mp-15649,As2Ir,153
mp-865131,Hf2OsRh,202
mp-7804,HfCo3B2,255
mp-4474,V4GaS8,74
mp-10469,NbSiPt,215
mp-19420,Sr2MgWO6,127
mp-567749,Y(SiOs)2,166
mp-1474,Re3P4,188
mp-2260,FePt,201
mp-2682,Sb2Rh,105
mp-559598,LiScF4,86
mp-30726,YHg3,60
mp-27757,Be4B,138
mp-4343,Sr(MnAs)2,54
mp-17518,Sr2TaN3,69
mp-22731,MnInNi2,133
mp-1009083,MgSnP2,57
mp-1001019,Mg(ScSe2)2,57
mp-864765,Na3HfF8,45
mp-28614,NaBPt3,156
mp-4175,ZnSnP2,64
mp-32407,TaVO5,118
mp-19784,In2Si2O7,228
mp-8306,Ba3FeN3,37
mp-15777,Zn(GaTe2)2,28
mp-769889,TaFeO4,193
mp-862264,Sc2ZnTc,105
mp-865803,Ti2MoPt,193
mp-30722,ScHg3,64
mp-862297,LiAlRh2,148
mp-23736,LiMgH3,40
mp-1014252,Hf3ZnN,151
mp-8630,SbIrS,141
mp-22565,MnSiRh,159
mp-570074,Sc3IrC4,194
mp-865966,BeAlIr2,237
mp-4992,ScCrC2,209
mp-22027,MnSnAu,80
mp-9225,ScSiPt,152
mp-10911,Sc2Al3Ru,112
mp-6613,Ba2YTaO6,138
mp-30151,CuAuSe4,37
mp-7090,NaMgSb,27
mp-12961,YAlPd,94
mp-12595,MoRh,267
mp-23183,NdCl3,36
mp-23179,NiBi3,35
mp-9325,Sr3MnN3,55
mp-7906,Al2HgS4,38
mp-11273,Be3Nb,155
mp-10125,SbIr,161
mp-554107,K2Na4Ge2O7,46
mp-541487,TlPt2Se3,32
mp-8608,K(Cu2As)2,57
mp-867769,ScZnRh2,148
mp-8689,V4GeSe8,55
mp-4573,TlSbTe2,31
mp-8401,CsMgF3,64
mp-11176,Ca3(SiIr)4,132
mp-10219,YOF,124
mp-774736,LiCuS,44
mp-30438,Be2Cr,183
mp-15987,Hf3(SiCu2)2,148
mp-24151,DyH2,83
mp-4247,NaZnSb,30
mp-15724,KNa2Sb,20
mp-643718,BaMgH4,36
mp-867270,Be2CoPt,206
mp-865809,TiTc2Sb,212
mp-865912,LiZn2Rh,100
mp-4593,Mn3AlC,215
mp-8732,Ta2Se,69
mp-862261,Sc2ZnRu,109
mp-570677,Ba5Al5Sn,30
mp-30774,MgNi2Sn,114
mp-769933,NiHgO2,117
mp-4091,Ni2Mo3N,273
mp-11465,Mg5Hg3,43
mp-865504,YAlAg2,84
mp-2271,NaPt2,124
mp-16719,Al12Tc,95
mp-777413,CeScO3,156
mp-22227,ZrMnSi,146
mp-10969,CdCN2,93
mp-8578,Sc3InC,97
mp-862338,Sc2CuRu,118
mp-20563,Ba(CoAs)2,69
mp-867927,LiVIr2,223
mp-867110,Sc2CoOs,140
mp-11270,MnBe2,163
mp-2894,ScSnAu,90
mp-19722,MnCu2SnS4,66
mp-10873,ScAlAu2,114
mp-12137,Ca(ZnSi)2,70
mp-867242,Sc2ZnGa,78
mp-7557,Nb5SiSn2,162
mp-30312,Ca2SiIr2,101
mp-27768,Co(BW)3,339
mp-772231,RbCrO2,108
mp-865234,TaZnRu2,226
mp-15776,Zn(GaSe2)2,37
mp-1734,CaZn5,62
mp-19405,Ni(AgO)2,126
mp-864672,NbSiTc2,241
mp-1578,V3Rh,217
mp-697030,Mg2H6Ru,75
mp-11282,Be2W,218
mp-14983,Si4P4Ru,120
mp-19734,MgPbF6,22
mp-7482,RbHgF3,51
mp-637614,Zn3(InS3)2,54
mp-22648,FeCu2SnS4,68
mp-10457,HfSiPd,170
mp-570684,ZrOs2,265
mp-553243,YBi2BrO4,73
mp-5529,MnFe2Si,233
mp-3587,Sc(SiNi)2,151
mp-764061,Na6CoO4,53
mp-2252,ScB2,193
mp-15780,MgPPt5,198
mp-20180,Mn3GeC,242
mp-867779,Ta2CrFe,232
mp-2354,Ti3Hg,119
mp-3657,TiCo2Si,201
mp-7849,AlAsO4,25
mp-601285,MnGaNi2,158
mp-21855,VCu3Se4,36
mp-862370,Sc2RuPd,129
mp-31011,Y2Si2Rh,106
mp-1102,LuN,179
mp-30661,ScGaPd2,131
mp-865793,LiSc2Rh,85
mp-4563,Ti3TlC,146
mp-865506,VSiOs2,278
mp-865869,Be2CuPt,171
mp-552934,Ba2CuBrO2,41
mp-610972,MnGePd,131
mp-8418,ZrCoP,193
mp-20557,YSiNi,113
mp-7823,V2NiSe4,85
mp-12561,TaAs2,136
mp-989512,LiTl2InCl6,22
mp-553946,CoAsS,135
mp-3299,Sr(FeP)2,100
mp-22636,TaNiGe,200
mp-582736,Eu(MgSb)2,39
mp-34467,Zn(GaS2)2,45
mp-672254,CaPdPb,58
mp-6606,SrYSi4N7,171
mp-571499,TaIr,274
mp-20354,MgMnGe,80
mp-865876,Ti2TcOs,227
mp-569628,CaCdAu,53
mp-20337,ZrPbO3,122
mp-10208,NiMoP2,190
mp-8973,NaSi2N3,186
mp-11560,TiSiRu,203
mp-5549,MgSnAu,67
mp-16905,Ba2MnTe3,29
mp-4678,Zr2AlN,142
mp-5318,MnCoSb,114
mp-505540,TiAsRh,179
mp-979435,YMg2Sc,46
mp-866173,Y2RuRh,108
mp-7429,Ca(ZnSb)2,44
mp-20618,Y2Co3Si5,140
mp-9942,Ti2FeS4,62
mp-30493,ZnCdPt2,155
mp-2695,Sb2Os,132
mp-867834,LiHfPt2,143
mp-1252,ZrBe2,120
mp-8487,CaSbPt,84
mp-30477,LiCaSn,33
mp-540719,PbWO4,72
mp-10266,ZnFe3C,213
mp-15316,SrMgF4,59
mp-11388,GaIr,217
mp-4238,MnFeAs,159
mp-31171,Zn2AgAu,102
mp-15722,Fe2B4Mo,308
mp-753798,Rb2SnO3,44
mp-557680,NbAgO3,134
mp-3216,Li2ZrN2,137
mp-9957,V2GeC,180
mp-265,TaIr3,325
mp-1890,BMo,311
mp-19210,CoPtO2,196
mp-9956,AlCr2C,189
mp-10671,Sr3(AlGe)2,41
mp-10669,Ba3(AlGe)2,33
mp-676828,ZnCuAs,76
mp-31160,CaZnSn,47
mp-864919,MgTiRh2,163
mp-571039,CaAlPd,63
mp-867761,Sc2CoRu,132
mp-13314,ScTlTe2,34
mp-10284,YSi3Ni,121
mp-29175,Ca2AuN,59
mp-21175,TaGaNi2,187
mp-6353,Y2Si4CN6,172
mp-30028,YSi2Rh3,176
mp-4079,Sc3AlC,102
mp-7908,Al2ZnTe4,29
mp-7601,NbGaO4,164
mp-865444,LiSc2Pt,91
mp-23137,Ba2YBiO6,115
mp-12972,Zr6Sb2Pt,120
mp-864940,Mg2RhPt,119
mp-862365,Sc2OsPd,138
mp-864966,MnSiRu2,245
mp-31625,Cr2ReO6,205
mp-867350,Ca2MgIn,30
mp-568992,ZrIr,187
mp-973966,LiIn(IO3)4,30
mp-10003,Nb4CoSi,191
mp-20586,VCo2Si,213
mp-12678,TaMn2,243
mp-2348,Zr2Au,120
mp-30737,YMgAg,58
mp-4056,CaSc2O4,145
mp-5387,YNbO4,136
mp-867253,LiZn2Ir,114
mp-613327,Fe(BW)2,319
mp-7080,Li5(NiN)3,101
mp-582011,CeCl3,33
mp-11283,ZrBe5,126
mp-11917,Mg(BeN)2,185
mp-4673,SrHfO3,155
mp-7443,Nb2CrSe4,77
mp-30460,YNiBi,77
mp-867821,TaTiMn2,217
mp-867846,TaTiRe2,263
mp-7251,Ba2YNbO6,134
mp-867243,Sc2ZnOs,121
mp-567276,TaV2,201
mp-731,Mg3Hg,43
mp-4492,MnCo2Si,219
mp-7559,YNi4B,156
mp-2920,LaAlO3,181
mp-570835,NiHg4,51
mp-9177,Y2Al3Si2,86
mp-839,V3Au,186
mp-22418,Sr3(SnIr)4,94
mp-8409,KYO2,81
mp-16497,ScAlCu2,108
mp-862609,ScReTc2,233
mp-10161,KZnSb,27
mp-861912,TaTiTc2,229
mp-29623,SrZnBi2,35
mp-35397,Bi2WO8,69
mp-754165,ScGaO3,179
mp-10259,Zr(NiP)2,177
mp-555307,Ba2CoF6,60
mp-644264,Ca4Mg4Fe3H22,61
mp-676058,V3NiS6,70
mp-18919,CoPdO2,167
mp-10670,Ca3(AlGe)2,48
mp-558838,NiPtF6,43
mp-19928,Hf2CuSb3,96
mp-34169,Zn(InSe2)2,30
mp-8439,Ca5(AlSb3)2,39
mp-19929,MgInNi2,104
mp-20320,InTe,21
mp-7929,Rb2PtS2,34
mp-21264,OsN2,363
mp-1006146,Eu(MgBi)2,34
mp-16363,CoAsS,131
mp-3201,Li2GaPd,67
mp-2395,Sb3Rh,89
mp-865840,Ti2TcIr,226
mp-2449,NbRh3,249
mp-28024,YSiPd2,127
mp-866143,TiBeRh2,204
mp-31120,DyScO3,168
mp-865842,Ti2RuOs,231
mp-14763,Ca3MnN3,88
mp-19968,CaIn2Cu,49
mp-11366,ZrZnCu2,122
mp-11350,CaAl9Co2,85
mp-6812,KBaPO4,54
mp-945,NiPt,214
mp-31153,CaGePt,91
mp-864684,Hf2MoIr,192
mp-1014227,Ti2ZnN,151
mp-2677,ScPd3,156
mp-31456,HfSbRu,147
mp-8188,KScO2,98
mp-8818,Ca2ZnN2,82
mp-556424,RbVF3,65
mp-19167,Rb2NiO2,26
mp-567769,Ca(SiPd)2,109
mp-864639,Ta2NbOs,244
mp-5518,GaAgSe2,50
mp-867897,ScTaRu2,205
mp-23121,Sr5P3ClO12,68
mp-25176,PbWO4,66
mp-5590,YMgGa,60
mp-5407,TiAlCo2,178
mp-22313,Na2PtO2,73
mp-865231,LiScTl2,40
mp-1545,Nb3Rh,204
mp-11277,ScBe5,109
mp-568137,Cs3Mg2Cl7,21
mp-19963,TiFe2Sn,181
mp-573119,BiRhO3,176
mp-862631,Ba2SbAu,31
mp-5478,TlPd3O4,141
mp-4276,NaSi2Pd3,112
mp-865495,V2CrTc,237
mp-569989,Nb2C,228
mp-28770,Ca2FeN2,80
mp-38394,Ba(AlTe2)2,22
mp-10180,Li2SbPd,66
mp-17695,Sc5Sn3,73
mp-27891,Bi2SO2,49
mp-864920,MgZrAu2,117
mp-31168,Li2AlAg,49
mp-27660,Ba(FeS2)2,43
mp-30365,BeAu,148
mp-754671,YScO2,118
mp-5910,CaCuSb,57
mp-16764,RbYTe2,27
mp-23034,SrZnCl4,32
mp-38194,YOF,142
mp-11169,Ba(PIr)2,107
mp-571343,Cs(CoSe)2,42
mp-867794,Sc2CuIr,125
mp-570689,CaInPt,73
mp-443,CaAu2,71
mp-30410,Mn2Au5,127
mp-22304,Cd(InSe2)2,23
mp-12723,CaAu,48
mp-867842,ScInRh2,148
mp-7909,Al2CdTe4,26
mp-5176,Y(SiNi)2,136
mp-22759,CoBW,335
mp-19247,ScVO4,149
mp-20395,VAsRh,185
mp-21236,BaPPt,80
mp-866161,VRh3,251
mp-865533,Ti2ReOs,239
mp-5920,LiAlGe,61
mp-581733,Zr4CuP,120
mp-22980,Li2CoCl4,25
mp-862657,LiCuPd2,116
mp-30461,BiPd2Pb,85
mp-29641,GeSb4Te7,26
mp-977230,Li3Tc,36
mp-4076,VCoSb,141
mp-510346,In5Se5Br,28
mp-24990,NdFeO3,166
mp-862664,Rb2Zr2O5,89
mp-2313,MgIn,40
mp-569886,KIn9Ni2,41
mp-13572,ScSiPt2,175
mp-10010,Al(CoSi)2,177
mp-4370,Sr(AsPd)2,81
mp-865664,TiRe2W,285
mp-21907,NbSiAs,153
mp-754326,NaAgO2,66
mp-19917,ZrSiTe,54
mp-19765,In2HgTe4,20
mp-865485,V2CrOs,265
mp-15236,CrSbSe3,33
mp-213,CaPd,58
mp-865587,Y2CuRh,89
mp-567462,Sc3RhC4,180
mp-3274,NiGePd,158
mp-11873,TlAsPd5,136
mp-23056,Sr2BrN,43
mp-865523,TiMnRh2,183
mp-570670,YOs2,213
mp-7798,MgGeN2,147
mp-29088,Sr3(GeN)2,50
mp-861616,LiSc2Ir,99
mp-558518,K(NiS)2,30
mp-567982,TaSn2,104
mp-7433,NaCuSe,42
mp-18468,Mn5SiC,221
mp-862316,LiBePt2,165
mp-865026,Mn2VSi,239
mp-862704,ScZn2Pt,125
mp-2728,MnIr,267
mp-566330,Sr2MnMoO6,122
mp-643945,TiFeH2,186
mp-9919,LiZnSb,47
mp-3539,NbGaNi2,192
mp-864985,MnZnIr2,224
mp-12716,LiTlPd2,96
mp-22580,ZrGaNi2,152
mp-10198,Mn3PdN,158
mp-29011,BiTePd,74
mp-13911,Ca(ZnGe)2,59
mp-16271,Li2CdSb,38
mp-865032,Mn2RhPt,175
mp-864950,MnAlIr2,231
mp-12622,SrPdF4,64
mp-12558,LiMgAs,47
mp-9987,Nb2PC,225
mp-9566,Sr(MgSb)2,39
mp-864631,LiNbRh2,175
mp-11621,ZnNiSb,102
mp-10527,Y2AlSi2,88
mp-865805,TaZnCo2,200
mp-20533,SrIn2Pt,54
mp-10155,P2Ir,194
mp-774003,VRhO4,216
mp-19845,TiPbO3,171
mp-861961,TiZnRh2,193
mp-13416,Sc2InNi2,102
mp-977463,MgMnRh2,133
mp-31502,ScCd7,53
mp-9999,Ni(BMo)2,297
mp-605034,K2NiF6,16
mp-10300,ZrMoP,198
mp-20098,Ba2PbO4,86
mp-862702,Sc2AgHg,78
mp-25730,Bi2WO6,69
mp-865147,Be2CuRu,184
mp-22701,ScFeSi,140
mp-20175,Sc2InC,82
mp-568747,K(NiSe)2,41
mp-3637,YOF,132
mp-2323,BeCu,142
mp-4472,BMo2C,317
mp-3078,CdSiAs2,59
mp-867187,ScInIr2,176
mp-755378,NaPdO2,95
mp-13944,Li3AlN2,104
mp-999198,BMo,309
mp-754515,BaMgGe,33
mp-756630,DyAlO3,193
mp-753197,HfTiO4,187
mp-20860,Mn3SnC,209
mp-22258,HfSiMo,189
mp-568974,Ca(CuSn)2,61
mp-862362,Sc2TcPt,141
mp-866033,AlZnRh2,185
mp-29026,MnWN2,289
mp-5489,LuTaO4,148
mp-13983,ZnPdF6,40
mp-11770,CoCu2SnS4,72
mp-864978,Mg2AgAu,73
mp-984718,BAs,131
mp-12571,HfBeSi,148
mp-4150,Ca(MnSb)2,36
mp-3534,Ge2Sb2Te5,27
mp-571216,Sr3(AlGe2)2,46
mp-16246,CdSbAu,71
mp-12666,Be12Pd,124
mp-12532,KAg2PS4,41
mp-11256,ScAu,103
mp-16613,AlAuO2,175
mp-5414,NaSbS2,24
mp-996995,MnAgO2,117
mp-715,ZrIr2,246
mp-10616,BaLiAs,34
mp-867699,Li4TiS4,26
mp-864798,HfZnIr2,213
mp-30842,ZrPd3,169
mp-2553,HfBe2,129
mp-16564,ZnCu2SnSe4,57
mp-861918,Sc2TlCd,64
mp-7910,Al2HgTe4,26
mp-10848,AsPdS,103
mp-27606,ZrAs2,110
mp-561475,V2MoO8,103
mp-30866,Rh3W,283
mp-1008527,B2CN,326
mp-865229,Be2NiIr,216
mp-862366,Sc2TlAg,72
mp-6326,LiAlSiO4,114
mp-10455,YTiGe,85
mp-866071,MgTaOs2,229
mp-6962,Ba(AsPd)2,66
mp-571622,Be12Pt,133
mp-10055,Co2B4Mo,303
mp-23237,BiF3,67
mp-9251,TlTe3Pt2,30
mp-865652,TiMn2Si,207
mp-571443,SrMgIn3,36
mp-867802,Sc2CuOs,126
mp-7885,AlAgS2,77
mp-600125,HfInCu2,123
mp-22079,AsRh,157
mp-865525,YCdHg2,61
mp-22315,HfCoSn,141
mp-10847,NiSbSe,90
mp-12520,SrNi2Ge,75
mp-1014257,Ti3ZnN,147
mp-12083,CrIr3,307
mp-10435,Y(AlSi)2,77
mp-4385,CdCO3,96
mp-675078,Ba(FeS2)2,44
mp-801,Mo3Os,292
mp-4656,Y(Al2Fe)4,123
mp-7928,K2PtS2,38
mp-4590,Mg(GaO2)2,162
mp-570377,Sn3As4,39
mp-21023,Ti3SnC2,159
mp-865020,HfMgIr2,185
mp-6179,KLiSO4,35
mp-31339,ScInPd2,118
mp-11947,LiAlAg2,69
mp-861910,Sc3Hg,66
mp-4586,LiAlTe2,27
mp-13160,YZnGe,79
mp-1475,Be12Mo,141
mp-20202,MgSn4Ru,74
mp-568436,Sr7GeN6,61
mp-21851,MnSiIr,170
mp-30847,TiSnPt,137
mp-541937,Zn(InS2)2,38
mp-5794,Zn(GaO2)2,169
mp-862703,Sc2AgAu,93
mp-9023,ScSiAu,117
mp-2123,Nb3Au2,173
mp-31297,ScInPt,114
mp-21508,Y2Pd2Pb,83
mp-3081,BeAl2O4,215
mp-865925,LiZrIr2,158
mp-11879,BaNiSn3,56
mp-10200,ZrBeSi,139
mp-554212,Tl2Ni3S2,54
mp-14091,AlAgSe2,52
mp-9025,YSiAu,104
mp-559264,Bi2PdO4,40
mp-5475,NaTaN2,146
mp-4789,PrRhO3,179
mp-865520,YCdPd2,98
mp-22535,HfPbO3,167
mp-3871,Ti2SnC,135
mp-3363,Sc2Ni2Sn,103
mp-31328,MnInPd2,127
mp-863744,Ca2PdAu,53
mp-1156,GaSb,45
mp-867194,Sr(MgAs)2,48
mp-866159,YZrRu2,147
mp-16043,Mg(As2Rh3)2,173
mp-4875,GdTaO4,146
mp-754363,Ba2HfO4,110
mp-865092,MgGaNi2,124
mp-867146,ScNbRu2,195
mp-7829,MnNbSi,210
mp-31496,Li2Sn2Au,47
mp-19877,ZrNi2Sn,144
mp-15778,MgNiSb,86
mp-20805,PdPbF4,65
mp-22302,ZrVP,177
mp-10271,ZnCo3C,217
mp-1008610,AuN,172
mp-11541,ZrOs,209
mp-10846,NiAsSe,101
mp-8969,Mg2Ni3P,130
mp-417,MnRh,183
mp-9961,Ti2CdC,113
mp-20146,Zr2Ni2Sn,133
mp-8281,Ba(CdAs)2,44
mp-862321,LiAsPd2,104
mp-13947,Rb2HfF6,22
mp-30836,TaPd3,214
mp-30871,Ta3Sn,179
mp-1260,SrPd5,109
mp-644229,Sr(AlH)2,45
mp-3862,Ca(AlGe)2,58
mp-540832,EuFeO3,157
mp-864916,Hf2TcRh,190
mp-11547,YTlPd,84
mp-569344,Zr(CoSi)2,186
mp-12631,SrTcO3,176
mp-31348,Sc2In,65
mp-505368,As2Pb3O8,43
mp-9958,Ti2GeC,154
mp-17481,Mg4Ta2O9,149
mp-867909,ScCdRh2,139
mp-862586,Re3Pd,299
mp-17862,Ag3Ge5P6,65
mp-2006,V3Ir,239
mp-22396,Nb4SiNi,191
mp-867896,ScZnCu2,102
mp-4488,Sr(FeAs)2,83
mp-5928,Al2CdS4,39
mp-7771,Sr(CdAs)2,46
mp-31469,Hf5CuSn3,118
mp-5166,Ca(AsPd)2,88
mp-862725,ScTc2W,223
mp-29076,FeWN2,227
mp-640024,HfInNi2,144
mp-4822,Y(SiPd)2,134
mp-9514,Mg(AlC)2,137
mp-866152,TiBeCo2,192
mp-22179,YTiSi,90
mp-30807,ZrNi4Sn,165
mp-5078,SrZnF4,61
mp-7350,Li(YSi)2,69
mp-862372,Sc2RuRh,140
mp-865807,Ti2MoIr,210
mp-9960,Y3TlC,75
mp-20708,In2Ni3S2,72
mp-5251,Ca4CN4,68
mp-560023,NiSnF6,33
mp-864976,Mg2AgIr,100
mp-7770,Sr(ZnAs)2,54
mp-754311,Mg(ReO4)2,25
mp-11269,BaSn3Pd,55
mp-10059,ZrCo3B2,244
mp-4627,CoAsS,139
mp-865500,Na2Hf2O5,107
mp-644225,Sr2MgH6,45
mp-22546,CoAsRh,196
mp-4551,SrHfO3,163
mp-11300,TiCdHg2,73
mp-569250,VIr,273
mp-5149,NbAlCo2,192
mp-8861,Rb2MgF4,40
mp-603,Be2Ag,129
mp-866171,YMgAu2,84
mp-865531,TiMn2Al,157
mp-21249,YMnSi,92
mp-867689,LiCuS,29
mp-20695,Zr3In,97
mp-13079,Mn2AlCo,159
mp-11237,ScAg,82
mp-18198,ScSnPt,120
mp-11557,ScRe2,226
mp-753722,LiCuS2,49
mp-7089,KMgSb,23
mp-999133,TaPd,204
mp-10445,Sc6FeTe2,68
mp-21029,Li2InPd,59
mp-639910,Y(Sn3Ru2)2,120
mp-31081,Sc(MnAl2)4,103
mp-36800,MgTaN2,246
mp-865591,Ti2NiMo,171
mp-20310,LiInSe2,30
mp-8621,K2PtSe2,30
mp-867120,TaMn2Al,201
mp-978290,Mg3Os,86
mp-16481,TiAlAu,131
mp-18778,Zr(WO4)2,92
mp-1677,Be2Mo,199
mp-13903,ZnSnF6,27
mp-861666,LiRu2W,227
mp-25036,YbMnO3,165
mp-29809,Ca2GeN2,77
mp-1129,ScIr,166
mp-865669,TiSiTc2,229
mp-865486,VZnRu2,228
mp-1606,NbAu2,175
mp-20791,MnVAs,107
mp-20257,AsPd3Pb2,88
mp-19809,MnCoSi,162
mp-11278,Ta2Be,187
mp-865496,VIr3,320
mp-569106,Yb2CdSb2,38
mp-865948,Ti2ReRh,215
mp-11977,LiSnAu,63
mp-10046,V2AsC,203
mp-8017,AlCuTe2,52
mp-756490,Li6MnS4,44
mp-867922,ScAlRh2,163
mp-3159,Al2CdSe4,33
mp-8547,PdPtF6,38
mp-15819,Mn3Al9Si,117
mp-819,HfCr2,191
mp-19387,CdWO4,120
mp-864654,Zn2NiRh,156
mp-12954,CuBS2,114
mp-1782,ScSe,81
mp-557686,ZrVF6,72
mp-27865,KMgCl3,31
mp-10374,Cr3PtN,267
mp-7173,ScSbPt,110
mp-570452,Y(SiAu)2,117
mp-861901,LiGaCu2,84
mp-28835,LiScI3,16
mp-16566,Cu2SnHgSe4,53
mp-22725,TiInCu2,120
mp-7650,RbScO2,95
mp-11038,Zr6Al2Fe,105
mp-867281,Tc3Pt,284
mp-867280,Be2IrPt,240
mp-2540,VTc,254
mp-12585,CrRh3,230
mp-21894,LiSn4Ir,69
mp-865795,LiSc2Ru,88
mp-861610,Tc3Pd,254
mp-29152,Zr2CoP,155
mp-756638,NbRhO4,214
mp-978534,SiGe,74
mp-865930,TiZnCu2,129
mp-862258,Sc2ZnPt,107
mp-867924,LiCdPd2,90
mp-996983,AgAuO2,71
mp-10154,MnSbIr,132
mp-966800,InP,58
mp-779517,Sr3Hf2O7,136
mp-2781,ScPd,114
mp-643009,SrMgH4,39
mp-605028,Te2Pd3Pb2,37
mp-29154,Hf2CoP,167
mp-1361,IrSe2,106
mp-754850,NaTiS2,53
mp-568809,Ba5Al5Pb,29
mp-9272,TlPt2S3,38
mp-3033,RbTaO3,73
mp-1400,HfW2,223
mp-510347,In5S5Br,32
mp-867786,ScNbOs2,226
mp-30745,Ir3W,352
mp-13272,BaAlGe,45
mp-754826,CsScO2,63
mp-703260,PbWO4,68
mp-10343,Sc2BC2,139
mp-13570,Mg(ScGa)2,70
mp-569603,BaCa4(CuN2)2,65
mp-8208,Mg(PtO2)3,189
mp-3917,Cd2GeO4,101
mp-862290,LiFeRh2,143
mp-2319,P2Os,213
mp-866121,V3Os,246
mp-22609,Eu(CdP)2,56
mp-864921,MgZrIr2,178
mp-12956,Yb(FeP3)4,150
mp-19356,YbMnO3,116
mp-13137,Hf2CS,177
mp-977580,MgSc2Al,65
mp-19713,Sc3In,63
mp-862604,Re3Ni,326
mp-11959,CaSn2Rh,67
mp-5690,GdScO3,163
mp-38605,Sn(BiTe2)2,22
mp-505822,TiSiRu,195
mp-5671,Sr(CoP)2,86
mp-625397,Nd(HO)3,66
mp-7604,Mg3NF3,109
mp-21301,ScInNi2,118
mp-12480,ScPPt,154
mp-14433,NaGe2N3,136
mp-1235,TiIr,228
mp-675163,Mn(CuCl2)2,48
mp-20325,Ti3InC,145
mp-8927,TaCuN2,206
mp-16254,BaCuP,57
mp-2142,Te2Os,129
mp-952,MoPt2,272
mp-10908,AlRe,220
mp-30423,VAu2,128
mp-22467,Sn(PbO2)2,47
mp-761842,Hf3SnO8,184
mp-16272,Ce(FeP3)4,161
mp-21199,Na3(GePt)4,83
mp-771123,ScFeO3,171
mp-8603,RbAgO,24
mp-16548,ZrTiF6,85
mp-27438,TlBiTe2,29
mp-22268,ZrPRu,208
mp-30366,Ca3Au,27
mp-865471,VGaTc2,229
mp-865472,VSiTc2,257
mp-345,HfB,175
mp-579496,Fe3PtN,214
mp-685935,CdGeO3,60
mp-30820,Li2AlRh,80
mp-29615,Ca(MnBi)2,33
mp-644389,Li2H2Pd,46
mp-510409,TiSiNi,177
mp-14092,AlAgTe2,42
mp-20424,MgCo3C,198
mp-557291,BaCoF4,61
mp-623134,ZrInCu2,117
mp-6459,CaMg(CO3)2,93
mp-27198,Cd(NO3)2,24
mp-13070,Sc2AlC,86
mp-4500,ZrNbP,174
mp-28897,BIrPd,236
mp-28896,CuBIr,194
mp-20661,Ti2PbC,119
mp-22522,ZrSiCu,147
mp-5104,CaZnF4,68
mp-862750,SrNiSn2,58
mp-865125,MgGaRh2,154
mp-9473,Ba(NiP)2,75
mp-3886,Zr2AlC,124
mp-22426,ScSiNi,133
mp-27927,NbAlO4,173
mp-4613,Zr2SnC,128
mp-3464,FeSiRu2,237
mp-19946,YInCu2,81
mp-19940,VAs,142
mp-754711,Nb2Pb2O7,145
mp-865501,V2TcRu,255
mp-31185,MnAlFe2,196
mp-15685,Na2CuAs,30
mp-9472,LiAg2Ge,65
mp-21845,FePd3,174
mp-3155,Sc3FeC4,179
mp-10139,Sc3SnB,83
mp-3158,Li2SbPt,81
mp-675626,Cu3AsSe4,62
mp-20730,HfCo2Sn,164
mp-7421,KZnAs,35
mp-5190,ZnSnAs2,52
mp-8628,Te4Pt3,58
mp-865730,TiZnAu2,135
mp-2318,Nb2C,219
mp-862754,PrBS3,54
mp-9801,HfCoAs,181
mp-16337,Ga2HgTe4,24
mp-21418,MnSnPt,108
mp-865919,MgAlAg2,78
mp-4901,Y2MgCu2,62
mp-861645,Ca2MgTl,26
mp-861641,Ti2CoRe,196
mp-9586,NbSnS2,71
mp-292,V3As,194
mp-9061,KPdF3,68
mp-3595,ZnSiAs2,66
mp-7142,OsC,390
mp-4064,Ca(NiP)2,114
mp-12630,MgSeO4,63
mp-867216,TaFeRu2,236
mp-22040,Sn7Ir3,102
mp-865600,Y2IrPd,111
mp-1590,Be12Cr,128
mp-9768,BaSb2Pd,55
mp-999096,Ti2AlCr,105
mp-31455,VSbRu,164
mp-554813,NbCrF6,70
mp-13453,BePd3,162
mp-571420,Ba(NiP2)2,98
mp-997009,BaAuO2,73
mp-997006,AgPtO2,125
mp-11520,YNiSb,94
mp-864630,LiMg2Hg,41
mp-568695,CaCdSn,42
mp-865522,YCdAu2,88
mp-865515,YMgZn2,59
mp-865507,VSiRu2,253
mp-1012551,BaBrCl,29
mp-11288,Ca3Hg2,30
mp-35785,Y2CdS4,62
mp-862694,Al2IrRh,208
mp-20440,MnNi2Sn,146
mp-567345,NbRh,219
mp-873,VPd3,178
mp-9289,ZrSnTe,82
mp-4990,MnSnRh2,171
mp-776150,ScAgO3,135
mp-12385,Ba2YTaO6,134
mp-21883,VGaFe2,228
mp-29209,Ba(MgBi)2,32
mp-10601,Y3GaC,79
mp-22050,Hf2In5,73
mp-675477,Sn4Bi2Se7,32
mp-33997,TaO2F,185
mp-10456,HfSiPt,193
mp-8219,Zr(CuP)2,129
mp-865138,Hf2MnIr,196
mp-865130,Hf2MoRh,174
mp-975106,Rb2Bi2O5,68
mp-19146,CrPbO4,34
mp-20744,ZrInNi2,139
mp-13472,HfSiRh,190
mp-7430,Ca(CdSb)2,39
mp-24148,LiLa2HO3,124
mp-22191,HfFeGe,200
mp-9350,ScGeAu,102
mp-7436,KCuTe,32
mp-867916,ScGaIr2,191
mp-514,HfZn2,113
mp-1664,V3Pd,197
mp-866154,TiBeIr2,241
mp-4230,Sc3TlC,97
mp-3521,NaBF4,26
mp-561511,FeAsS,143
mp-567220,Hf2SbP,124
mp-9075,CdCuF4,86
mp-11444,YGa2Ni,96
mp-570436,CaIr2,163
mp-760492,Na4PtO4,57
mp-11193,VAuS2,115
mp-8830,NaRhO2,121
mp-4316,Sr(NiAs)2,69
mp-4744,Ca(NiAs)2,83
mp-30758,Li2MgPb,31
mp-30395,ScInAu2,100
mp-9307,Ba2ZnN2,54
mp-1648,Al12Re,96
mp-30563,ZrCoSn,138
mp-10877,Ca(Al2Cu)4,93
mp-865625,Na2MgSn,24
mp-675576,K(FeAs)2,50
mp-4953,CdGeAs2,52
mp-24995,PrFeO3,163
mp-8982,CaSiPt,63
mp-22490,Sc3(NiGe)4,127
mp-30725,YHg2,67
mp-30494,ScCd3,61
mp-30595,CuSnRh2,177
mp-866224,Be2NiPt,196
mp-3250,Ni2SbTe2,53
mp-865187,MgFeRh2,155
mp-865165,HfScCo2,130
mp-16495,AlCrFe2,239
mp-11549,VPd2,191
mp-754588,ZrBiO4,128
mp-2760,Nb6C5,239
mp-12109,ZrRe2,251
mp-13313,ScTlSe2,41
mp-11293,ZrCdCu2,115
mp-866073,MgSnRh2,149
mp-864597,LiMgTl2,34
mp-864607,ZrCdPd2,136
mp-864601,LiMg2Rh,67
mp-568912,Be12Nb,134
mp-24953,DyFeO3,177
mp-570769,CaInCu4,87
mp-7130,ScRu3C,234
mp-30533,KPt2S3,37
mp-571419,Zr2Al4C5,183
mp-9989,Nb2AsC,207
mp-3933,Mg2PN3,153
mp-11958,CaSn2Pd,61
mp-567636,VFeSb,160
mp-690544,Ga2FeO4,173
mp-864944,MnBe2Pt,168
mp-29208,Ca(MgBi)2,35
mp-864957,MnSbRu2,205
mp-5129,Y(CoSi)2,145
mp-1020,TaRh3,260
mp-625150,ScHO2,87
mp-865186,MgGaIr2,186
mp-1232,Mo3Pt,266
mp-27255,Ga2TeS2,25
mp-862324,Sc2GaTc,110
mp-772099,Cd(CuO2)2,127
mp-1919,ZrCr2,179
mp-9550,ScMnSi,119
mp-5152,La2SiO5,108
mp-13583,Sc2Si2Ru,122
mp-19821,Cr2GeC,202
mp-20004,Zr2InC,119
mp-20315,Ti2InC,127
mp-4883,Ba(FeP)2,94
mp-2968,Sr(MnSb)2,35
mp-5918,Hf2NiP,167
mp-865050,HfMgRh2,156
mp-11445,Y(TiGa2)2,96
mp-29646,HfAs2,115
mp-38818,HfNbB4,271
mp-12699,Ca3Au4,51
mp-19953,ZrSi2Cu,130
mp-669692,NbPd3,196
mp-862423,Sc2TcPd,122
mp-862379,Sc2TcAg,109
mp-675460,LiTiCl3,36
mp-10133,Sc3BPb,79
mp-1008866,NaAgO,59
mp-15845,SrLi4N2,53
mp-756683,HfBiO4,132
mp-3732,Ti2CS,180
mp-2730,HgTe,36
mp-867700,Li3CuS2,40
mp-761285,Sc2V2O7,141
mp-672299,YInNi,86
mp-30019,ZrCu2Te3,41
mp-11272,Be2Nb3,165
mp-861658,LiMnPt2,114
mp-9592,Yb(MnAs)2,61
mp-567197,YSnAu,80
mp-457,CeBe13,111
mp-21297,LiSn4Ru,68
mp-568469,Ca4TiN4,91
mp-776165,AgAuO3,126
mp-3582,Mg(BC)2,179
mp-555391,NaVF3,69
mp-574283,GdTe,73
mp-21467,TiCo2Sn,168
mp-997010,TlAgO2,94
mp-865560,Y2AlZn,63
mp-865569,Ti2MnIr,212
mp-570578,ZrIn3,73
mp-23141,Sr5P3BrO12,66
mp-7032,HfMoP,208
mp-867144,CaMgHg2,40
mp-996161,Nb3AlC2,203
mp-31459,TaCoSb,163
mp-11263,Zr3Au,118
mp-11261,YAu,86
mp-7707,Zr(SiNi)2,172
mp-8402,RbMgF3,65
mp-20268,TiGePd,151
mp-761293,ZrCoO3,157
mp-21124,SrIn4Pt,53
mp-20551,GaCo2Ni,181
mp-20147,ZrMnP,175
mp-3207,Sr(NiGe)2,72
mp-24237,ScH2,97
mp-865123,MgGaPd2,132
mp-505803,MnFeAs,119
mp-8279,Ba(CdP)2,51
mp-864896,Zr2CoTc,164
mp-7892,Mn2AlB2,221
mp-4478,CaSiPt,84
mp-865494,V2CrRu,243
mp-865548,TiInCo2,159
mp-10240,ScNiP,152
mp-866080,MgSc2Tl,55
mp-866081,MgSc2Os,104
mp-866082,MgSc2Tc,90
mp-866088,Hf2CoTc,170
mp-556194,SrSbSe2F,46
mp-7361,Sr(CoGe)2,78
mp-8308,Ca3Ni7B2,104
mp-8311,Si3NiP4,105
mp-31169,ScAlAg2,97
mp-29754,SrLiN,54
mp-4192,Ca3AsN,60
mp-571428,MgNi3B2,192
mp-27577,Cd2As3I,36
mp-16334,Fe3PdN,187
mp-16336,Zr2Fe3Si,166
mp-568280,Ba(NiAs)2,65
mp-542136,Na3PSO3,38
mp-1014251,HfZnN2,185
mp-863690,Ti2MnCo,181
mp-21104,Hf5Sn3,114
mp-8996,Sc3RuC4,186
mp-12798,Ni3Pt,206
mp-2598,Ta5Sb4,107
mp-18167,Ca3Cd2,29
mp-1016108,TiZnN2,155
mp-7070,Mn3PtN,173
mp-7939,NaNbSe2,61
mp-2857,ScN,200
mp-5163,LaRhO3,173
mp-570963,TaCr2,243
mp-567842,TaBe12,137
mp-754157,AlInO3,184
mp-865586,VGaRu2,239
mp-3751,AlTlF4,42
mp-862589,Re3Pt,325
mp-570485,SrAlSiH,57
mp-37501,In10Sb9Te,47
mp-974625,Re3Ru,351
mp-5618,Mg2As2O7,107
mp-16421,Zr2CuSb3,91
mp-753826,LiCuS,62
mp-11460,HfTc,192
mp-12696,YMgPd,70
mp-29659,FeAgTe2,51
mp-7644,LuAsO4,140
mp-10289,Ca(BC)2,165
mp-9988,Nb2CS,194
mp-9985,NbNiB,239
mp-3038,Al2HgSe4,32
mp-10140,Sc3TlB,74
mp-10069,Ce(P3Ru)4,167
mp-11582,LiGaSe2,35
mp-4009,BaPdS2,40
mp-3791,ScCo2Sn,136
mp-31451,ZrCoBi,117
mp-8605,SrSbPt,70
mp-862334,Sc2IrRh,152
mp-3103,Nb4AlC3,216
mp-643002,Mg2H6Os,78
mp-31116,LaScO3,154
mp-570698,V3Au,180
mp-30404,Li2SbAu,53
mp-30405,Li2SnAu,58
mp-1526,TiHg,104
mp-861978,Hf2ReIr,216
mp-550306,YCu2Bi2(SeO2)2,66
mp-9549,ScFeGe,101
mp-25172,Ba3WO6,95
mp-15053,Y(PdO2)2,156
mp-8182,As3Rh,116
mp-9382,SrZrN2,150
mp-1472,ZrB2,238
mp-21347,CoBMo,305
mp-7914,NaScO2,107
mp-561317,Rb2NiF4,41
mp-867266,CaMgTl2,38
mp-1994,HfB2,252
mp-1239,Sb3Ir,99
mp-998527,NiBiO3,125
mp-21090,MnNiGe,131
mp-754358,ZnSeO4,62
mp-864877,Hf2CoRe,188
mp-14790,Ge(Te2As)2,30
mp-618309,Bi2AuO5,125
mp-569511,NiTePd,120
mp-568920,CaAu5,99
mp-555576,KNaS2O7,24
mp-643370,Ba2MgH6,38
mp-20007,MnNiGe,146
mp-3998,LaTaO4,134
mp-33683,AgSbSe2,60
mp-11471,ScHg,76
mp-18300,Ca3AlSb3,38
mp-10440,Mg(P2Rh3)2,205
mp-861656,Ti2CrIr,190
mp-10991,YCuAs2,90
mp-21503,YMgIn,54
mp-15805,Mn3ZnN,195
mp-31457,ZrSbRu,136
mp-862363,Sc2PdPt,126
mp-862374,CdInPd2,113
mp-862336,Sc2IrPd,136
mp-4852,Ni(RhSe2)2,89
mp-862375,Sc2TcHg,111
mp-867148,LiHfRh2,152
mp-5342,GaAgS2,61
mp-22958,KBrO3,16
mp-4536,ScNi2Sn,128
mp-9690,Ca(AlGa)2,58
mp-568961,Ba(FeAs)2,79
mp-865179,Hf2FeOs,196
mp-399,Te2Pt,60
mp-6669,Sr5P3O12F,75
mp-31080,YAlSi,88
mp-570632,ScBi,58
mp-4763,ZnSiP2,85
mp-2676,TaBe2,168
mp-559092,ScF3,91
mp-31277,Sn4Ir,72
mp-22722,NbSiPd,195
mp-11984,YMgTl,54
mp-20724,Mg2Pb,35
mp-4836,Yb(MnSb)2,38
mp-866001,AlVRu2,235
mp-865051,NaCa2Tl,22
mp-4955,AlVCo2,192
mp-865650,Ti2TcRu,206
mp-8221,ZrAsRu,187
mp-569779,ScSbPd,97
mp-866037,GaNiRh2,200
mp-18848,Sr2MgWO6,128
mp-19906,Zr2InNi2,132
mp-862337,Sc2InAg,75
mp-7544,ZrSiRu,192
mp-22400,MnCu2SnSe4,54
mp-752685,ZrBiO4,116
mp-1014244,ZrZnN2,177
mp-568931,YbNiSb,69
mp-560530,Nb2Cd2O7,120
mp-4368,SbPdSe,84
mp-862543,Sc2AlTc,108
mp-867272,LiAlCu2,88
mp-862445,TaAlOs2,272
mp-5693,NaCrS2,61
mp-14168,K2GeF6,23
mp-862679,TaZn2,152
mp-10470,NbSiRh,222
mp-568587,CrCuSe2,78
mp-30648,LiMg2Ga,42
mp-13109,SrHfO3,157
mp-11113,TiTeAs,83
mp-20197,Cr2GaC,181
mp-20581,Ca3In,25
mp-7427,Ba(ZnAs)2,52
mp-30483,CaZn,33
mp-2083,Sn2Ir,110
mp-31187,TiAlFe2,185
mp-3839,GaCuTe2,48
mp-20279,NbInSe2,45
mp-3104,BaZrN2,102
mp-3618,Sc2FeSi2,120
mp-20697,ZrNiSb,135
mp-752953,ZrTi2O,135
mp-571264,Ca5Au4,42
mp-3021,Tl(FeSe)2,45
mp-5538,YSnPd2,108
mp-10371,Cr2GaN,173
mp-1008835,OsC2,370
mp-552454,SrTaNO2,180
mp-866219,HfSnRu2,202
mp-865441,TiAlPd2,166
mp-11285,Ca3(GaNi)4,77
mp-13097,NaZnAs,39
mp-865484,V2CrRe,251
mp-865091,HfMnRh2,177
mp-12906,Sr3CrN3,44
mp-9898,BaCuAs,53
mp-15783,KSmS2,41
mp-867319,Al2CoIr,198
mp-16733,Sc2GaC,86
mp-4846,MnSbRh,111
mp-568711,VPd3,180
mp-865469,Ti2MnRu,188
mp-4259,Ca(CoGe)2,98
mp-752947,NaTiS2,54
mp-20949,MnSiNi,167
mp-865921,MgAlIr2,189
mp-865916,TiVRe2,255
mp-865914,TiVTc2,233
mp-7483,KHgF3,51
mp-865989,Al2RuIr,219
mp-29476,Cu3SbSe3,52
mp-862300,Sc2GaOs,125
mp-22346,BaGe3Pt,75
mp-3854,Y(MnSi)2,128
mp-9257,Yb(CdSb)2,41
mp-12759,Zn2CuAu,112
mp-25119,VPbO3,68
mp-23954,Na2H2Pd,28
mp-1089,TiIr3,294
mp-5479,RbAlF4,58
mp-8543,Na3AlAs2,24
mp-35869,TiNbN2,292
mp-7432,Sr(CdSb)2,37
mp-864835,Hf2CoIr,189
mp-20012,InSb,35
mp-567612,ScOs2,237
mp-570713,TiAlPt,164
mp-22592,CaTi4(CuO4)3,203
mp-11464,MgHg2,42
mp-1073,CaCd,31
mp-20479,SrIn4Ni,47
mp-8277,Sr(CdP)2,54
mp-973983,NiPd3,173
mp-4730,Ga2HgSe4,32
mp-945184,YCuTe2,43
mp-13082,Mn2CoSi,211
mp-10755,TiFeSb,114
mp-7431,Sr(ZnSb)2,42
mp-16648,LiSn4Rh,64
mp-30449,MgCuBi,57
mp-11486,Y2(Al3Co)3,111
mp-864987,MnZnRh2,168
mp-2398,ScSn2,65
mp-558137,AlBPbO4,76
mp-28044,TmCl3,14
mp-22493,YInAu2,89
mp-865602,Y2MgAl,55
mp-10694,ScF3,89
mp-8606,BaSbPt,62
mp-20539,ScIn3,56
mp-35777,Mg(InTe2)2,23
mp-867163,Sr2AgPt,41
mp-3736,ZrAlCu2,128
mp-862747,Sr2PtAu,47
mp-566279,TmFeO3,164
mp-571367,Hf(CoSi)2,191
mp-690110,VMoO5,100
mp-13495,ZrPd,138
mp-12903,YAgTe2,41
mp-4908,Y(CoGe)2,129
mp-5541,ZrVSi,156
mp-20595,Eu(AlSi)2,62
mp-16718,Al6Tc,107
mp-637771,ZrInNi4,161
mp-22056,YIn2Ni,79
mp-5501,Tl(CoS)2,59
mp-9615,LiTiS2,68
mp-8016,AlCuSe2,63
mp-865893,LiZr2Tc,115
mp-12593,ScIr3,243
mp-13172,YMgCu4,92
mp-31454,TaSbRu,175
mp-12360,AgSbTe2,50
mp-27731,HfH2,150
mp-4899,GaAgTe2,41
mp-864908,MgTiIr2,199
mp-24951,YbFeO3,155
mp-30354,ScAg4,92
mp-21035,Sc3PbC,97
mp-865094,HfNbTc2,216
mp-30555,TaGaCo2,202
mp-7922,CaPdF6,19
mp-12762,PrB6,174
mp-570155,PtN2,273
mp-2501,BMo2,294
mp-867306,AlCuAu2,129
mp-4893,Hf2SnC,138
mp-865986,Li2CaGe,38
mp-865482,VTc2Ge,239
mp-569788,LiZnGe,53
mp-2949,Ca(NiGe)2,90
mp-29638,BiTePt,86
mp-19807,Co3(SnS)2,97
mp-867123,TaTiOs2,268
mp-20459,TiPbO3,81
mp-972228,Zr3As2,126
mp-754128,Ba3Hf2O7,124
mp-998234,CsTlF3,44
mp-13203,ScCuSn,86
mp-3654,RbCaF3,46
mp-865926,Cd2PdRh,123
mp-865900,Ti3Tl,110
mp-4262,BeAlB,141
mp-10700,MgNi3C,176
mp-22673,MnInCu2,107
mp-862311,Sc2GaRu,113
mp-16765,Zr2Te2P,36
mp-23752,Cs2MgH4,14
mp-864661,ZnCuPd2,146
mp-866650,La2Si4CN6,81
mp-9565,Ca(MgSb)2,39
mp-9569,Ca(ZnP)2,67
mp-3385,Sr(PPd)2,105
mp-867756,Sc2CuAu,100
mp-22717,CaIn2Pd,60
mp-862684,LiHf2Os,147
mp-861908,TaTiRu2,231
mp-1281,VIr,274
mp-29674,Al2B2Ru3,230
mp-13240,ScInCu4,112
mp-753605,LiCuS,27
mp-863659,LiScHg2,56
mp-997618,BSb,99
mp-862911,Ti2CoTc,194
mp-755018,RbTaO3,107
mp-28786,Zn(BIr)2,222
mp-9964,Ti3TlN,150
mp-19991,SrIn4Pd,48
mp-5186,ScNiSn,102
mp-864946,MnCuPd2,150
mp-27360,ReBiO4,145
mp-636599,FeSnRu2,201
mp-11490,Li2ZnSn,38
mp-866132,Na2TlSb,22
mp-861738,CaMgPb,36
mp-22253,Zn(InS2)2,41
mp-865747,Y2MgGe2,72
mp-4008,ZnGeAs2,61
mp-8670,Ca3CrN3,86
mp-3623,MnAlCo2,192
mp-30805,SrNiSn3,56
mp-7426,Ba(ZnP)2,56
mp-13463,FeNiPt2,210
mp-8843,SrSiPd,68
mp-13962,HfSiSe,106
mp-17892,Ca2VN3,96
mp-10706,ZrRu3C,257
mp-10712,ScRh3C,215
mp-3378,SrHfO3,157
mp-29633,LiGePd2,121
mp-30437,CaSnPd,68
mp-4661,ScOF,142
mp-21235,Mn2VGa,187
mp-30444,Be22W,133
mp-11696,As3W2,136
mp-31301,LiSn4Au3,62
mp-542583,EuTe,33
mp-567703,Fe3NiN,191
mp-1831,SrAu5,91
mp-865003,Be2IrPd,216
mp-569364,Be22Re,137
mp-9571,Ca(ZnAs)2,58
mp-998147,TlCuCl3,39
mp-9567,Ba(MgSb)2,36
mp-9579,AlTlSe2,26
mp-21440,NbCrGe,196
mp-861983,Ti2MnFe,180
mp-11697,TaSb2,103
mp-11693,TePt,55
mp-541047,ZrAlPd2,147
mp-6969,Sc(SiCu)2,121
mp-867127,ScCdAg2,79
mp-1220,Be5Au,138
mp-30817,LiAl2Pd,104
mp-867117,Sc2CuPt,113
mp-30816,Li2AlPd,68
mp-21374,Cd(InTe2)2,21
mp-30787,MoRh3,269
mp-9321,Ba2HfS4,58
mp-861875,LiHf2Re,136
mp-973935,OsN2,251
mp-9295,TaCu3Te4,29
mp-29733,MgNiBi,66
mp-505804,Ti2CuSb3,92
mp-546125,ScAsO4,146
mp-862340,Sc2GaCu,85
mp-20817,GePtSe,121
mp-39105,MgTa2N3,276
mp-3676,MgCu4Sn,100
mp-10884,AlFeCo2,188
mp-22967,Li2FeBr4,21
mp-865049,HfMgPd2,127
mp-862473,Sc2AgRu,112
mp-12778,VOs,284
mp-865044,MgInIr2,166
mp-16343,LiInGe,43
mp-1008556,AlGaN2,184
mp-1008557,AlBN2,259
mp-1432,Be2B,150
mp-768305,Sr2HfO4,123
mp-1932,Nb3Os,223
mp-20679,Co3SnC,206
mp-21067,ScInCu2,95
mp-9582,Yb(ZnP)2,71
mp-21017,Y3PbC,76
mp-864902,MgTlRh2,131
mp-864910,MgZrRh2,149
mp-864938,Mg3Tl,36
mp-864897,Zr2CuOs,165
mp-866218,Ti2MnRh,190
mp-8804,Li6MoN4,84
mp-865649,Ti2TcRh,204
mp-11754,Sc6Te2Os,72
mp-504908,In2TeO6,142
mp-865278,NbAlOs2,262
mp-22660,InAgO2,113
mp-11482,MoIr3,337
mp-11481,MoIr,310
mp-582227,Eu(MnSb)2,39
mp-866183,Ti2ZnRe,166
mp-866188,TlCdRh2,138
mp-504741,Hf(FeSi)2,193
mp-550436,V2CdO6,96
mp-10777,RbCeSe2,31
mp-11918,Ca(BeN)2,132
mp-3896,Y(SiIr)2,180
mp-1649,Fe3Pt,180
mp-4666,CdSiP2,75
mp-24934,InFeO3,167
mp-7434,NaCuTe,36
mp-1609,Cr3Ir,276
mp-1689,HfRe2,262
mp-571163,MnSbRh2,164
mp-9517,SrTiN2,123
mp-865093,TiZnNi2,169
mp-4359,Sr2PdO3,101
mp-867107,BeSiOs2,286
mp-31453,NbSbRh,153
mp-20265,LiIn2Pt,78
mp-568424,CaAlAu,67
mp-20083,ScSiCu,111
mp-3441,Y(SiRh)2,156
mp-15641,CaMgGe,47
mp-10270,ScCo3C,214
mp-861507,ScAlIr2,194
mp-643260,Na2H4Pd,23
mp-4653,Y(SiIr)2,176
mp-557713,Ba2LaTaO6,122
mp-4574,YbTaO4,73
mp-865878,Ti2TcNi,177
mp-20856,Eu(FeP3)4,151
mp-11360,ScGaCu2,106
mp-12580,Li2CdSn,37
mp-4784,CaPtO3,147
mp-10608,Y3SnC,82
mp-20133,NbCrN,283
mp-1963,NbRh,220
mp-16493,YAl2Co,93
mp-11022,ScAgO2,127
mp-31383,Hf6CoBi2,113
mp-754978,CdCu2O3,84
mp-865733,CoTc3,288
mp-28945,Si2NiP3,105
mp-569624,HfCr2,190
mp-21371,VCoSi,210
mp-11361,MgCuSn,63
mp-864898,Na2TlBi,23
mp-20452,Ba(MgPb)2,32
mp-600124,MnNiSb,109
mp-772053,ZrMnO3,146
mp-12635,TiAu4,144
mp-6908,YMgZn,55
mp-1438,ZrIr3,267
mp-18093,Al2Mo3C,227
mp-6915,As2PdO6,152
mp-8577,Sc3GaC,100
mp-15986,Hf(CuP)2,133
mp-19835,Nb2InC,158
mp-9954,HfAs,128
mp-1936,TaAs,178
mp-13108,SrHfO3,153
mp-10739,TiPRu,221
mp-16263,CaZnGe,54
mp-13364,CaZn2,48
mp-557862,BaAg2(HgO2)2,48
mp-5223,GdAlO3,186
mp-13434,CaMgNi4,106
mp-21171,MnGaCo2,190
mp-10797,CaSiNi2,87
mp-21306,TiCoSi,181
mp-20192,HfMnSi,162
mp-22287,NbGeIr,225
mp-561442,Y2Hf2O7,171
mp-21336,TaFeP,264
mp-864907,MgZrPd2,119
mp-865185,Mg(BeAs)2,76
mp-833,CaPd2,94
mp-10892,MnAlPt,130
mp-10891,MnAlPd2,141
mp-16305,ScPRu,175
mp-20436,TaSiRh,236
mp-30459,ScNiBi,89
mp-22367,PdPbO2,88
mp-3161,LiAlSi,63
mp-1009750,ScN,141
mp-10044,BAs,128
mp-34903,MgGeP2,65
mp-11869,HfSnPd,122
mp-752426,Li3SbS4,39
mp-22150,Zr2InCo2,132
mp-685941,In4SbTe3,42
mp-20001,SrSnPt,70
mp-864670,Ta2VOs,247
mp-675568,Co2SbTe,120
mp-15686,Li2CuAs,54
mp-3432,ScNiSb,104
mp-5782,AlAgS2,63
mp-20930,InCuO2,127
mp-865653,TiNbRe2,254
mp-4909,V2NiS4,102
mp-21340,HfGePt,178
mp-865780,TiMn2Ga,160
mp-570428,Sc3In,62
mp-867357,Tc3Ni,284
mp-9916,NbCrSi,213
mp-11593,CeB2Ir3,242
mp-13853,P3Ir,170
mp-20832,Zn(InTe2)2,24
mp-867222,LiCa2Ir,48
mp-769680,HfCrO3,138
mp-11822,Ca3GeN,55
mp-22152,NaFeAs,54
mp-547622,Pm2O3,133
mp-4938,ScCo3B2,223
mp-5137,Zr2SbP,114
mp-862553,Sc2BeRu,111
mp-9381,Zr6FeTe2,114
mp-22793,AlFe3C,230
mp-865011,Mn2NbAl,190
mp-30834,SrSn3Pd,46
mp-30570,CrGaFe2,252
mp-865603,Y2IrRh,119
mp-864989,Mn2AlRe,259
mp-569383,Ca5(CoN2)2,66
mp-15803,Y2MgSe4,52
mp-10184,MgSbPt,89
mp-862556,ScSiPd2,139
mp-2930,Mn3ZnC,192
mp-2025,HfBe5,131
mp-21474,Eu(MnP)2,92
mp-641365,PbWO4,84
mp-864839,Zn2PdRh,159
mp-12359,AgSbTe2,52
mp-19069,NiAgO2,133
mp-7204,CaZnSO,69
mp-542496,Ca6Ag16N,64
mp-12674,MnAu,116
mp-865931,Ti2TcPd,179
mp-865929,Cd2RhPt,137
mp-864939,Hf2CuIr,167
mp-996990,BaAgO2,86
mp-864974,Hf2CuOs,176
mp-569125,Mg3In,42
mp-266,Zr2Pd,124
mp-12962,Zr6FeSb2,113
mp-10165,KAlTe2,17
mp-16356,TiNiGe,158
mp-416,Cr3Os,282
mp-10778,RbPrSe2,32
mp-624492,Li(Fe3Ge2)2,135
mp-866155,TiAlRu2,209
mp-30719,Mg2Hg,45
mp-10849,AsPdSe,94
mp-754779,Li2NbS3,53
mp-8624,K2Sn2O3,23
mp-754213,Li2ZrCuO4,131
mp-998552,BaHfO3,159
mp-30147,ZrTiAs,138
mp-10909,AlRe2,256
mp-20329,InAgO2,113
mp-865448,TiGaRu2,211
mp-10181,LiSiNi2,149
mp-5498,Ca(MnAs)2,60
mp-505554,Sc(FeSi)2,172
mp-415,IrN2,342
mp-9124,LiZnAs,55
mp-8978,CsNbN2,96
mp-1008506,BaGaSiH,49
mp-22607,Zn(InSe2)2,24
mp-769365,ZnSeO4,70
mp-9029,Ca3VN3,87
mp-867829,LiVRh2,179
mp-27512,Cr2NiS4,113
mp-2979,ZnGeN2,163
mp-16528,Al6Re,113
mp-864972,Mg2PdAu,88
mp-561238,AlFeF5,104
mp-865594,Y2CuIr,101
mp-10924,Mg(Co3P2)2,203
mp-580234,Fe3RhN,200
mp-5259,RbAlF4,42
mp-867125,Al2RuPt,201
mp-30177,Y(Al2Cr)4,120
mp-30773,MgNi2Sb,110
mp-12908,ScAgSe2,62
mp-7940,KNbSe2,57
mp-569267,Ca2CdSb2,34
mp-865146,MgAsPt5,182
mp-10666,Mn3AgN,141
mp-865280,NbAlFe2,212
mp-13914,LiCo2Ge,152
mp-16260,Ca(GePd)2,84
mp-30821,LiAl2Rh,119
mp-864983,MnVRu2,231
mp-864980,MnAlRu2,218
mp-867249,TaAlFe2,222
mp-10996,Yb(MgSb)2,41
mp-754567,NaCdO2,73
mp-14070,RbAlO2,92
mp-7692,Al(CrB)2,228
mp-21662,TiFeSi2,181
mp-861625,LiZnAg2,63
mp-867233,Sc2ZnIr,119
mp-861627,Ti2AlMo,150
mp-28884,Cs(FeAs)2,44
mp-16483,BaAl9Fe2,79
mp-3315,CaPd3O4,166
mp-865155,MgAlRh2,157
mp-862691,Al2FeCo,181
mp-862699,ScTaOs2,235
mp-866376,TiMn2Ge,195
mp-862695,Al2CoRu,188
mp-865786,CrPd3,155
mp-867271,Be2CoNi,192
mp-866012,Hf2ZnRe,160
mp-7192,Sc2Sb,73
mp-862368,Sc2NiPt,125
mp-862371,Sc2RuPt,147
mp-566504,BaWO4,99
mp-5967,TiCoSb,142
mp-19726,Sc3InB,79
mp-5090,Ti2FeSe4,59
mp-10446,Sc6NiTe2,73
mp-22036,ZrSbPd,129
mp-8145,RbScO2,95
mp-865641,Y2NiRu,99
mp-867273,Be2CuIr,189
mp-867275,BeVOs2,280
mp-644136,Li2H2Pt,47
mp-865792,BeSiNi2,198
mp-867771,TaCuRh2,224
mp-31055,Sc3InN,104
mp-4471,ScAlO3,209
mp-5042,YTiGe,87
mp-867252,LiZn2Ni,86
mp-864903,MgTaRu2,197
mp-864895,Be2NiRh,194
mp-866114,HfTc2W,244
mp-28645,CaNiN,102
mp-862446,TaAlRu2,239
mp-862486,Sc2AlOs,125
mp-7438,KZnSb,27
mp-19747,Ni3(PbSe)2,55
mp-4120,CaCuAs,67
mp-866213,TiTc2Mo,248
mp-4584,Tl3BO3,20
mp-865656,TiMn2W,243
mp-865433,Y2MgRu,74
mp-752881,Li2CuS2,47
mp-1321,CdSb,39
mp-867928,ScGaRh2,161
mp-865659,Y2ZnIr,94
mp-865537,TiMnCo2,173
mp-996162,Nb2AlC,173
mp-25689,FeBPbO4,72
mp-984352,Al2CoOs,200
mp-31148,BaZnSn,35
mp-12521,SrNi3Ge2,92
mp-13090,YMgAl,57
mp-862364,Sc2OsPt,155
mp-864933,Mg2AgRh,89
mp-10850,SbTePd,81
mp-8161,CaPdF4,75
mp-861662,CaZrRh2,120
mp-865462,MnV2Os,265
mp-865538,Ti2RePd,192
mp-16916,Ca6FeN5,76
mp-11700,BaCuSb,45
mp-29153,Zr2NiP,152
mp-21359,SbRh2,173
mp-865048,TiZnIr2,225
mp-862287,BeAlRh2,200
mp-4984,SiB2Mo5,272
mp-862610,LiHfIr2,172
mp-30073,La(FeSb3)4,88
mp-568349,Cr(FeSe2)2,70
mp-22736,InCuS2,64
mp-862737,LiHgPd2,97
mp-15963,HfPRu,221
mp-3838,Li5ReN4,72
mp-31031,La4PdO7,121
mp-690785,Na2H6Pt,23
mp-867293,LiCo2Si,169
mp-862602,ScAlCo2,148
mp-5146,Zn(RhO2)2,174
mp-8236,Ba(PPd)2,62
mp-4697,Zn(CrSe2)2,69
mp-862715,Al2RuPd,178
mp-29135,Zr6CoAs2,125
mp-862360,Sc2NiIr,147
mp-571263,KIn9Co2,47
mp-3829,CdSnAs2,47
mp-8307,CaNi4B,134
mp-864997,LiSiPd2,138
mp-862565,ScBr2,34
mp-11818,BaZnGe,40
mp-866298,BaNaScSi2O7,89
mp-5589,Sr(MnP)2,78
mp-5659,Ti3SiC2,184
mp-861733,LiTePd2,96
mp-12761,BeAu2,139
mp-865671,Y2ZnIn,61
mp-16245,CaSbAu,60
mp-867854,Ca2ZnRh,49
mp-7787,HfSO,137
mp-867795,ScNbTc2,186
mp-14476,LiRhO2,120
mp-672340,LiIn2Ru,102
mp-558432,Na3P(SO)2,29
mp-7219,Na2ZrSe3,35
mp-31145,BaCuBi,38
mp-862548,Sc2AlZn,76
mp-865554,Mn2VGe,224
mp-2039,ScMn2,167
mp-1725,CaZn2,45
mp-4842,Al2ZnS4,84
mp-34579,Na3HfF7,41
mp-862711,Sc2CdIn,67
mp-862717,LiAlAu2,94
mp-505297,NbSbRu,168
mp-675009,Y4CuTe8,49
mp-20466,Sn7Ir5,135
mp-8256,ZnPtF6,38
mp-864764,Ta2FeOs,249
mp-19284,NiAgO2,131
mp-15922,Gd2ReO5,132
mp-7942,NaTiS2,52
mp-4989,CrNiAs,129
mp-17577,Ca6MnN5,77
mp-541,Ta3Sb,185
mp-20102,Gd(PdO2)2,154
mp-864772,LiSc2Au,73
mp-6919,ScSnAu,85
mp-13171,YMgCu,60
mp-4083,MgCuAs,75
mp-25054,MoPbO4,66
mp-973736,GeAs3,73
mp-865308,Be2CuRh,177
mp-862779,Tc3Os,326
mp-30921,Y6CoBi2,57
mp-867901,ScTaTc2,193
mp-861637,Ti2AlTc,158
mp-20255,TiSiCu,149
mp-21464,CoReB,350
mp-770881,Mn2BeO4,152
mp-862632,LiCa2Al,29
mp-30727,MgCdAg2,69
mp-30315,Ca3BN3,81
mp-8415,K2HfF6,52
mp-865160,MgGeIr2,184
mp-862700,AlVOs2,273
mp-11259,TiAu,137
mp-864788,NbInRu2,208
mp-2932,Y2Si4Mo3,156
mp-865877,Ti2RePt,209
mp-866164,YMgHg2,62
mp-3532,CrAgSe2,66
mp-989524,LaWN3,174
mp-865680,TiSiOs2,279
mp-22312,Nb4FeSi,191
mp-556546,K2NiF4,47
mp-672259,AlFe2Mo,225
mp-600862,GdFeO3,128
mp-864762,LiMg2Zn,40
mp-11430,Ca3Al7Ag2,63
mp-865899,Ti3Os,157
mp-11023,ScAuO2,141
mp-865442,TiAlOs2,244
mp-18971,Mn(PtO2)3,191
mp-5075,Sc3CoC4,180
mp-867262,ScTc3,214
mp-867507,TaGaFe2,224
mp-1016874,SiHgO3,220
mp-9574,NaBeSb,41
mp-9575,LiBeSb,57
mp-12927,Ba(BeN)2,106
mp-1018020,NiAgSe2,73
mp-3164,BaSO4,52
mp-1018850,OsC2,371
mp-1018770,Li3PrBi2,37
mp-1019743,Ga3BN4,207
mp-1019550,BeGeN2,191
mp-862798,Pt3W,285
mp-1020059,LiGe2N3,126
mp-862339,Sc2GaAg,80
mp-867109,ScZn2Ag,81
mp-866079,MgSc2Ru,91
mp-862432,Sc2AgIr,122
mp-15226,CrWN2,262
mp-10312,HfVGe,155
mp-16482,TiAlAu2,141
mp-574025,HfInAu2,127
mp-646507,Hf2Ni2Sn,142
mp-1023127,Ba4Cu3PbO9,93
mp-9306,Sr2ZnN2,67
mp-29009,Li2MgBr4,21
mp-288,PtS,141
mp-3668,CdGeP2,65
mp-7589,Mg2NF,109
mp-7017,NaNbN2,139
mp-608,TiCo3,194
mp-864937,Mg3Sc,43
mp-20711,Fe3Ge,177
mp-770118,Ba3Ti2O7,89
mp-30066,Sb7Pd20,140
mp-2726,SrCu5,84
mp-865640,TiGeRu2,226
mp-1025517,Ti2InN,138
mp-1025497,AlV2C,171
mp-19331,MnNiO3,176
mp-20174,Ni3Sn4,99
mp-644500,Zn7Mo,102
mp-864931,MgCo2,119
mp-865611,MgRh3,182
mp-867780,Al3Cr,107
mp-27930,Li7Si2,33
mp-510589,MnCuO2,126
mp-1009223,NaAs,43
mp-865712,Ti2MnNi,177
mp-561306,NbCoO4,150
mp-865166,HfPd5,169
mp-21286,MnCoGe,147
mp-866083,Zr3N2,196
mp-866086,MgSiIr2,214
mp-861931,LiPt3,179
mp-866087,MgSiRh2,177
mp-565203,Mn2O3,150
mp-15397,Ti7Al2O15,198
mp-37514,SrCuO2,115
mp-1104,LaMg,35
mp-1025550,Ti2GaN,159
mp-16318,RbTiS2,52
mp-603930,MgSiO3,107
mp-7463,Cu3P,124
mp-865342,Zn3Rh,128
mp-865382,V3Ru,225
mp-505780,Ge7Ir3,143
mp-985287,AgAu3,122
mp-19149,NaNiO2,101
mp-33032,La2O3,102
mp-19761,LaGe2,65
mp-862259,Sc3Al,64
mp-7474,Cu2As,109
mp-7598,NbAs2,126
mp-552265,Bi2SeO2,94
mp-5229,SrTiO3,173
mp-3602,YAl4Ni,93
mp-971911,ZnN,129
mp-27705,Li2Si,33
mp-865425,ZnPd3,152
mp-635713,TiZnO3,70
mp-978270,MgZr3,80
mp-1147,Ti3O5,180
mp-867317,SiCu3,142
mp-29900,NiGe2,110
mp-21040,Zr2Fe3Ge,158
mp-2884,Cs2Mn3S4,24
mp-1009832,TaC,225
mp-18345,La5Si4,58
mp-11736,ZrSiO4,226
mp-542090,Na4Al3(SiO4)3,28
mp-571030,TlPd3,133
mp-1025441,Ta2AlC,194
mp-977273,MgRh5,198
mp-3740,TiNi2Sn,156
mp-562468,TiF3,102
mp-4321,MgSiO3,112
mp-567303,Li2MnP2O7,63
mp-1025170,Ti3B4,226
mp-984873,Al3Fe,125
mp-30766,Li5Sn2,31
mp-30765,LiPt7,220
mp-1327,NdMg,38
mp-19279,Li2MnO2,105
mp-279,LiIr,157
mp-865362,Zn3Ir,145
mp-21237,CoGe,156
mp-547956,MnV2O6,56
mp-865583,Y2Mg,42
mp-776216,AlCoO3,84
mp-12335,MnCN2,105
mp-510436,InPd3,141
mp-1007974,CrNi3,193
mp-5862,CrCuS2,96
mp-863720,HgPd3,135
mp-1898,CeSi2,92
mp-976976,MgPd5,139
mp-1025500,ZnCu2SnS4,67
mp-1025456,CaZrF6,57
mp-21863,Pd3(PbS)2,58
mp-30418,SnAu5,114
mp-1944,CoP3,149
mp-19366,Lu(FeO2)2,160
mp-863677,PmCu3,80
mp-865960,CoRe3,338
mp-867195,SrOsO3,187
mp-27276,Si12Ni31,199
mp-864909,HfAlRu2,195
mp-864745,Na3ZrF8,41
mp-569270,V3B4,279
mvc-4299,Al(SnO2)2,131
mp-557837,SiO2,23
mp-11807,LiPt,121
mp-31152,CaGaPt,83
mp-644311,CuPt,197
mvc-3245,Sr2FeSO3,78
mp-985583,Li3PS4,22
mp-3830,NiAsS,109
mp-865376,YMg3,40
mp-567181,ZrRh,162
mp-864934,MgAg3,78
mp-20059,ZrMnGe,101
mp-570017,MgAu3,111
mp-24082,Ta2H,204
mp-12741,MgPd2,115
mvc-13303,VN,308
mp-4571,CaZrO3,149
mp-861,Hf2Ni,131
mp-973092,ScCu3,106
mp-925,VN,319
mp-2678,VPt,243
mp-1378,LiC,44
mp-676416,V2CN,306
mp-2132,CrN,181
mp-8200,AgP2,63
mp-517,TaSi2,187
mp-36,Sc,51
mp-16960,AlPt2,207
mp-2379,CoSi2,177
mp-755313,Sc2O3,176
mp-565,Sn2Rh,108
mp-2345,Dy2O3,142
mp-8045,V5P3N,214
mp-3660,LiB3O5,84
mp-29896,Y2B3C2,153
mp-549166,SiO2,27
mp-5699,K2CuF4,44
mp-2705,VPt3,241
mp-1604,Pt3O4,213
mp-23211,PrCl3,35
mp-766,As2Ru,151
mp-1885,AlIr,229
mp-11307,MgCd,43
mp-9945,CoTe2,85
mp-2243,NbS,182
mp-20050,InP3,54
mp-551,BaAl2,42
mp-1335,VFe,196
mp-2640,TbAs,77
mp-9563,Li2Sb,32
mp-6947,SiO2,280
mp-1915,Fe2B,228
mp-7375,KNbO3,103
mp-2845,SbPt,125
mp-438,Nd2S3,75
mp-30892,Ba4Bi3,24
mp-2008,FeAs2,135
mp-2105,Hf3Si2,146
mp-23259,LiBr,21
mp-11407,GaPt3,217
mp-949,CoPt,216
mp-13868,PdF4,41
mp-5019,YCo3B2,204
mp-1585,V3Co,211
mp-736,Li3P,40
mp-2229,ZnO,172
mp-11248,LiAu3,99
mp-545820,SnO,45
mp-19856,SnPt,128
mp-8937,CrSi2,196
mp-1019509,B2S2O9,40
mp-813,ScAl2,88
mp-1501,Al3Pt5,199
mp-20516,InPt3,205
mp-28731,V6C5,239
mp-463,KF,29
mp-567412,Y5Sn3,63
mp-22478,FeGe,147
mp-9969,ScSi,101
mp-2339,Ti3Pt,166
mp-23714,SrH2,38
mp-16488,Al9Co2,107
mp-556520,CoF2,101
mp-23715,BaH2,30
mp-567164,BRh,279
mp-559,YPd3,126
mp-1555,V3Sb,178
mp-9459,Y4C5,102
mp-11345,ZrP,135
mp-30491,MgCd3,45
mp-2643,Ti3Cu4,133
mp-32,Ge,59
mp-1299,SiPt2,206
mp-2349,YCd3,56
mp-40793,Si3N4,228
mp-7083,LaSi,68
mp-1067,LiAl,50
mp-14587,ZnP4,61
mp-568328,FeP4,140
mp-561258,ZnS,70
mp-23710,MgH2,51
mp-1019544,BaZrO3,143
mp-10026,ScTe,65
mp-10025,SiRu2,258
mp-1336,PdO,166
mp-21012,Si3Rh5,206
mp-22631,Co2N,249
mp-2744,LiPd,81
mp-23711,MgH2,48
mp-21188,CeNi,74
mp-5285,SrSO4,59
mp-12546,TiCu3,140
mp-18427,Nb2Al,161
mp-22916,NaBr,27
mp-1334,Y2C,63
mp-11279,TiBe,126
mp-597,TiNi,152
mp-30355,SrAg,28
mp-9973,VB,273
mp-9972,YSi,89
mp-29973,SrN,41
mp-7955,Li3Sb,28
mp-996,OsO2,288
mp-23222,Li3Bi,28
mp-684668,CaC2,59
mp-10598,CuSn,77
mp-2430,ZrGe2,108
mp-7576,CrSi,187
mp-638,SrZn5,53
mp-15964,Hf3Sb,114
mp-2420,PW,228
mp-27488,Ta3N5,242
mp-818,SiRh,201
mp-554573,SiO2,27
mp-1039,MgTe,35
mp-11276,BeRh,207
mp-1783,MnS,56
mp-20849,Pd3Pb,132
mp-19862,EuSi2,63
mp-812,Ho2O3,145
mp-11329,P2W,192
mp-5025,Zr2CS,165
mp-2657,TiO2,214
mp-23313,InBi,35
mp-20382,Ti6Sn5,105
mp-10426,Nb2O5,104
mp-1630,Zr3Hg,104
mp-971682,Si3N2,140
mp-10000,Hf2S,133
mp-20937,Cr3C2,320
mp-22033,Ti5Sb3,112
mp-988,Si3N4,235
mp-11322,ZrSi,142
mp-22447,Zr3P,125
mp-22469,InNi3,148
mp-15965,Hf5Si3,142
mp-718,SnPd3,146
mp-2170,Li2Pt,72
mp-708,LaAs,65
mp-18707,Mg3Pt,70
mp-448,CoN,251
mp-570553,FeP4,141
mp-22320,GaRu,201
mp-1482,Zr2Al3,108
mp-730,P2Pt,177
mp-2346,NiAs,135
mp-11565,YRh5,178
mp-754553,Zn3N2,133
mp-470,GeO2,214
mp-21163,SiPt3,203
mp-2758,SrSe,41
mp-21008,Ni3Ge,175
mp-16775,CdCu2,100
mp-764949,MnF3,54
mp-7424,BPd2,179
mp-30338,Y3Al,49
mp-2646,Mg3Sb2,42
mp-1550,AlP,85
mp-875,AlOs,236
mp-567505,SiC,214
mp-30603,ZrCu5,137
mp-2749,TiBe2,124
mp-1638,SrAl2,48
mp-545512,CaO,87
mp-1702,LaRh2,135
mp-2180,HfSb2,84
mp-2157,Co3W,279
mp-30443,Be17Ru3,153
mp-7596,NbNO,238
mp-1909,LaMg2,36
mp-458,Ti2O3,216
mp-30846,Sn3Pt2,102
mp-18337,Be3N2,214
mp-450,NbB2,288
mp-8432,CaCuP,78
mp-849359,Na2NiO3,72
mp-849354,TiV3O8,168
mp-849971,LiVF4,42
mp-849983,LiVF4,52
mp-850062,LiNiO2,117
mp-850247,Na2CoO3,37
mp-850251,Na2Ti9O19,131
mp-850978,VFeO4,148
mp-851027,LiFeO2,126
mp-853130,TiNiO3,172
mp-853247,FeBO3,160
mp-862669,BeFe2Si,223
mp-862260,ScZn3,77
mp-864889,ZrZn3,101
mp-864952,Mg3Ag,48
mp-864936,MnGeRu2,228
mp-864953,MnV2Cr,231
mp-864955,Mn2CrCo,154
mp-865014,Mg2Cu,56
mp-865191,FeGeRu2,227
mp-865193,Co3Pt,212
mp-865588,Y2CuRu,93
mp-7469,NaCuO,46
mp-865939,LiMg2,30
mp-5127,LiCuO,73
mp-865985,CdPd3,137
mp-865798,GaCu3,127
mp-866311,Bi3BrO4,66
mp-865176,HfCu3,133
mp-867300,Rb2Hf2O5,95
mp-867330,Al2FeNi,168
mp-867917,CuGeRh2,199
mp-867904,AlGeRu2,219
mp-868657,Li2VO3,110
mp-8790,Ba2CuO3,81
mp-8911,CuAgS,50
mp-9158,LiCuO2,96
mp-9437,NbFeSb,166
mp-8864,Li(Co3P2)2,200
mp-8800,TlCu3Se2,40
mp-924130,TiNiSn,122
mp-9172,Li4TiO4,80
mp-9060,RbPdF3,70
mp-9223,ScGeRu,154
mp-9248,SiCu2S3,79
mp-9179,Ba3Zr2S7,60
mp-935811,KNbO3,171
mp-9198,Fe(SiP)4,115
mp-9212,NaAlO2,82
mp-9577,Ca3(AlSi)2,51
mp-950995,Li6PS5I,27
mp-971779,ZnRh3,208
mp-9595,NbInO4,162
mp-972042,Zn3Cu,97
mp-9631,AlAgO2,156
mp-971706,ZnBiO3,153
mp-972828,SiCu3,139
mp-972954,MgCd2,43
mp-971909,ZnPd3,151
mp-973374,LiMg2,28
mp-972220,TiPt3,234
mp-9719,Na2LiAlP2,40
mp-973455,LiMg2,30
mp-972793,Si2B2O5,162
mp-972916,MgCu,69
mp-568595,Re4Si7,212
mp-975868,Li3Al,27
mp-975906,LiAl3,63
mp-976262,LiMg,25
mp-976239,LiMg,26
mp-976806,NiAu3,146
mp-976838,Ni3Au,173
mp-977059,MgPd5,142
mp-978508,Si3Os,166
mp-978273,Mg3Cd,40
mp-978269,MgZn2,63
mp-978285,Mg3Mn,46
mp-978552,SiRh3,237
mp-985579,AlFe2,147
mp-2658,AlFe,175
mp-9902,Sc2CoSi2,123
mp-991676,NbCu3Te4,30
mp-555678,Na4Ti5O12,131
mp-980200,Zn3Rh,128
mp-1487,AlNi,162
mp-10048,GaAs,63
mp-996975,CuAgO2,113
mp-985805,AlAg2,95
mp-29678,AgBiS2,62
mp-985825,Al3Cu,94
mp-985806,Al2Cu,100
mp-997041,NaCuO2,63
mp-997034,BaCuO2,82
mp-997055,CuBiO2,72
mp-997054,CuBiO2,49
mp-997031,MgCuO2,139
mp-998981,TiAl3,106
mp-999079,Ti2AlCu,107
mp-998988,Ti3Ga,108
mp-999027,Ti3Al,110
mp-8880,AlP,83
mp-8883,GaAs,60
mp-999540,MnSe,51
mp-13208,Mg2Pt,73
mp-8884,ZnTe,43
mp-19795,InS,27
mp-22887,EuCl2,26
mp-8882,GaP,76
mp-31172,Ca5Ag3,30
mp-796,Nb3Al,161
mp-22882,YbBr2,21
mp-50,Ta,194
mp-11456,HfPt3,233
mp-11455,HfPt,185
mp-191,YRh,109
mp-568273,LiI,20
mp-30849,TaPt2,244
mp-4626,CaCO3,70
mp-8462,Hf3Al2,115
mp-1986,ZnO,127
mp-30840,Ti2Pd3,157
mp-560902,MnF2,87
mp-20738,FeSi2,185
mp-1483,SiRh,221
mp-21385,In3Ni2,92
mp-5724,AlPO4,21
mp-22904,CaCl2,33
mp-1264,CdAu3,116
mp-20648,V2C,244
mp-2450,CaSn,38
mp-15178,Lu4C7,128
mp-1265,MgO,151
mp-2294,Al3Ir,151
mp-2451,YAl3,73
mp-30811,Ni4W,234
mp-241,CdF2,97
mp-5427,Mg2P2O7,119
mp-569794,Ta,195
mp-313,YC2,118
mp-642659,V2H,193
mp-7437,KZnP,40
mp-1317,CoSb3,83
mp-569196,YNi3,132
mp-11190,VSi2,175
mp-2589,MgO2,129
mp-2583,TiRh,190
mp-2580,NbB,264
mp-715553,VO2,107
mp-2582,TiSi2,144
mp-30599,Ti2Cu3,132
mp-30594,Cu4Pd,146
mp-555763,ZnS,69
mp-2513,As2Pt,137
mp-12657,HfAl2,120
mp-31219,Si3W5,268
mp-2512,AsPd5,152
mp-557266,HgO2,56
mp-67,Sc,52
mp-216,Sc2O3,168
mp-571,TiNi,160
mp-20344,Fe3Ge,177
mp-1314,Li12Si7,36
mp-754455,Sc2O3,146
mp-10905,Al3Pt2,154
mp-1960,Li2O,78
mp-10692,CoGe,157
mp-20,Be,124
mp-493,Co2B,251
mp-11441,Hf2Ga3,117
mp-1018087,CeAu,68
mp-555434,As2O5,93
mp-3472,PbSO4,40
mp-917,CaC2,56
mp-28395,B6P,200
mp-22389,Mn3Sn,90
mp-30850,TaPt3,262
mp-20741,ReO3,240
mp-1272,Cr3Ru,264
mp-30856,ZnPt3,213
mp-384,MgP4,58
mp-647,NbS,182
mp-1279,TaN,307
mp-381,SiRu,248
mp-10903,AlPt,185
mp-769096,MnP4,121
mp-30851,Ti3Pt5,202
mp-9812,ZnCO3,121
mp-2283,ZrCo,131
mp-3589,BPO4,64
mp-2287,SiRh,196
mp-7542,GeP3,58
mp-7891,Mg3As2,54
mp-24192,ErH2,87
mp-18316,Mg2Pd,69
mp-13503,ScZn2,81
mp-7140,SiC,212
mp-30746,YIr,128
mp-31337,InPd3,140
mp-24719,NiH,200
mp-1670,MnPt,168
mp-23262,Bi2O3,58
mp-23263,LaBr3,28
mp-10256,VTe,63
mp-2593,AlNi3,180
mp-20426,Fe2As,147
mp-11290,CaSn3,43
mp-567841,Be3P2,91
mp-31205,Zr3Fe,104
mp-193,Zr2Cu,109
mp-10281,ZnS,69
mp-21476,Fe2N,244
mp-1056,Tb2O3,140
mp-3955,AlPO4,30
mp-21342,V3Sn,163
mp-487,MnP4,139
mp-633538,B9C,196
mp-30672,Ti3Ga,118
mp-20351,InP,59
mp-644481,ScO,174
mp-929,ZrCo2,164
mp-22913,CuBr,43
mp-921,YRh2,152
mp-20194,CeO2,177
mp-922,CoPt3,221
mp-341,PbF4,47
mp-927,CuP2,90
mp-1114,VP,179
mp-390,TiO2,188
mp-2116,ZrMn2,180
mp-566755,NiF2,108
mp-1118,SiNi2,198
mp-12086,Cu3Pt,159
mp-1784,CsF,21
mp-7440,NaP,28
mp-14019,NiB,262
mp-11452,HfOs,229
mp-13450,HfSb,102
mp-558378,Pd3S,135
mp-1018157,CrN,205
mp-1029,BaF2,54
mp-2472,SrO,87
mp-19895,NiSb2,88
mp-1591,Al4C3,160
mp-1595,Nb2O5,144
mp-1594,Ni2Ge,178
mp-316,MnV,243
mp-1592,Ag2Te,54
mp-1203,TiO,196
mp-2337,HfCo2,156
mp-1027,HfRh3,219
mp-1200,TbCo5,149
mp-22795,Pb2Au,57
mp-2367,LaC2,96
mp-315,PbF2,70
mp-427,FeAs,166
mp-1696,CdPd,110
mp-5409,Y4Al2O9,133
mp-20599,PdPb2,66
mp-11280,TiBe12,122
mp-2680,LaB6,174
mp-11284,CaGa2,49
mp-712,YCu,70
mp-1869,GaPd2,151
mp-2696,MgAg,65
mp-2698,YCu2,81
mp-2562,MnS,60
mp-2567,V3Si,196
mp-11281,Be2V,160
mp-19876,InNi,103
mp-585,MnB2,268
mp-2697,SrO2,75
mp-5625,Ag2SO4,59
mp-19177,CrO2,198
mp-1968,La2O3,121
mp-12104,NbSi2,176
mp-583,CoAs,158
mp-755875,Ti3O4,180
mp-20369,CeIn3,49
mp-12108,VPt2,247
mp-1969,NbSb2,98
mp-561637,VO2,167
mp-3519,ZrSO,130
mp-22646,InPd2,128
mp-546794,SiO2,29
mp-933,YAs,75
mp-934,LiTl,31
mp-936,Hg4Pt,59
mp-938,GeTe,34
mp-18712,Mg3Pd,59
mp-363,NbGe2,144
mp-21296,PtPb4,46
mp-94,Cd,45
mp-1108,TaB2,303
mp-10759,GeSe,58
mp-2554,Al3V,120
mp-930,ZrP,134
mp-1018142,NbN,227
mp-485,ZrNi3,171
mp-364,AlRh,196
mp-20211,Mn3Si,206
mp-530074,B4C,224
mp-1918,FeRh,197
mp-4779,Li2B4O7,45
mp-1215,Ti2O,184
mp-542595,Ge2W,172
mp-23152,Bi,32
mp-1219,BaGa2,36
mp-20847,Ti5Sn3,107
mp-1216,YbO,128
mp-9918,LiGe,40
mp-2706,SnF4,56
mp-2460,Er2O3,155
mp-30655,Ga4Ni3,132
mp-380,ZnSe,56
mp-11684,SiO2,107
mp-11470,Hg2Pt,86
mp-2515,CrPt3,231
mp-11385,YFe5,108
mp-556961,SiO2,16
mp-189,SiRu,204
mp-1278,Zr2Si,126
mp-673635,Fe3N,200
mp-16514,Al3Ni5,167
mp-4559,BaCO3,51
mp-9371,ErF3,90
mp-12684,LaAl,53
mp-753890,Ni2H,197
mp-16860,Mg13Ir3,60
mp-971631,GaP,75
mp-22323,In2O3,153
mp-13033,MgTe,33
mp-2685,HgPd,115
mp-33137,TcO2,256
mp-714882,MnO,143
mp-1883,SnTe,40
mp-7938,KNbS2,73
mp-714880,VO2,234
mp-18835,VPO4,113
mp-758933,B8O,205
mp-9716,TiBO3,185
mp-11499,YMg2,43
mp-11567,ScZn12,81
mp-33009,MnO2,176
mp-568696,SiC,213
mp-755690,NbO2,197
mp-10196,Ta2N,273
mp-3934,Cu3PS4,79
mp-1113,BW2,330
mp-10744,Si3Pt2,162
mp-374,CrB2,255
mp-13683,HfGe2,113
mp-5373,Y2Ti2O7,186
mp-1138,LiF,70
mp-2490,GaP,76
mp-1229,CuF2,82
mp-1222,CrSi2,196
mp-2493,CeN,146
mp-11397,Ga3Ni2,123
mp-19575,Cr5O12,60
mp-10497,SrC2,47
mp-1842,NbAl3,127
mp-11393,Nb3Ga2,167
mp-2783,Ta2Si,215
mp-569167,Nb4N3,280
mp-1020011,Li14P2(N2O)3,87
mp-20196,NbTe4,35
mp-1804,Fe3N,207
mp-6986,Ta,194
mp-20971,SnPt3,201
mp-30797,Nb5Te4,90
mp-2209,CeGa2,68
mp-6988,FeN,267
mp-11571,YSn3,62
mp-1667,Co2Ge,201
mp-11578,VZn3,113
mp-553432,TiO2,14
mp-16523,Al3Pd5,156
mp-986716,Sr3N2,51
mp-1519,CaTe,36
mp-1498,Al21Pd8,109
mp-1491,VB2,289
mp-317,SnRh,139
mp-1128,SiIr,227
mp-15617,Cr5B3,291
mp-15619,GaAs,56
mp-1124,MgZn2,64
mp-8352,SiO2,147
mp-13119,CdO,94
mp-406,CdTe,35
mp-13126,ZrN,200
mp-25620,V2O5,72
mp-861943,BPt3,184
mp-11192,TaSi2,186
mp-11191,CrSi2,196
mp-30671,Ti2Ga,121
mp-16526,AlPt2,205
mp-559798,NiF2,109
mp-370,CdS,73
mp-171,VNi3,213
mp-2488,SiOs,211
mp-1458,Nb3Ir,223
mp-1851,SnPd2,135
mp-2797,YCu5,109
mp-1779,YbTe,40
mp-1775,SnAu,72
mp-10390,Ta2O5,137
mp-2795,ZrC,221
mp-27710,CrB4,285
mp-30785,Mn3Pt,90
mp-18922,Mn5O8,139
mp-2517,Ca2Si,38
mp-6997,Sb2Te,35
mp-6996,SmB6,175
mp-572283,SiO2,90
mp-2516,YZn,60
mp-1934,LiZn,42
mp-1882,CaCu5,92
mp-25545,MnO2,87
mp-13164,Ti2Pd,143
mp-306,B2O3,43
mp-20943,TePb,40
mp-2839,CeC2,104
mp-12802,AlCu3,133
mp-19326,MnO2,108
mp-18937,V2O3,202
mp-742,Ti2Cu,126
mp-13010,YSn2,59
mp-1695,Y2C3,120
mp-81,Au,136
mp-603694,Si3N4,221
mp-776911,MgO,116
mp-19399,Cr2O3,204
mp-19094,VO2,234
mp-350,Zr5Te4,67
mp-2557,Zr2Al,103
mp-2053,Nb3Sb,174
mp-17639,Y2Zn17,81
mp-12659,Mn2Nb,233
mp-17413,Ti3Rh5,205
mp-2058,Ni3B,225
mp-18759,Mn3O4,130
mp-1793,Zr3Te,106
mp-642644,V2H,192
mp-1929,NdB6,174
mp-1798,CeMg3,38
mp-8484,ZnO2,144
mp-1502,Al2Pt,129
mp-1159,Zr2Fe,125
mp-1157,TaNi2,214
mp-30684,Zr3Ga2,112
mp-351,SiNi,166
mp-30685,ZrGa3,97
mp-23195,Bi2O3,21
mp-21167,Ni2P,194
mp-30683,ZrGa2,100
mp-1086,TaC,324
mp-36779,PNO,55
mp-7506,Cr5Si3,224
mp-30682,ZrGa,114
mp-1799,TaCo2,243
mp-3822,SrCO3,62
mp-1791,Al5Rh2,131
mp-22154,In2Au,52
mp-1867,Ta2Ni,215
mp-11454,Hf2Pd,138
mp-6930,SiO2,27
mp-22498,CrSb2,63
mp-2126,HfIr3,276
mp-2121,ScAl3,84
mp-2234,Er2S3,69
mp-560338,CrF3,42
mp-468,AlF3,50
mp-1416,NbF4,51
mp-284,AlCo,179
mp-1823,Ti3Al,115
mp-20465,As2Pd,107
mp-24726,TiH2,142
mp-27919,Ti8C5,171
mp-11550,Sc2Pt,93
mp-10162,La3Si2,58
mp-1152,TiRh3,230
mp-1038,MgCu2,94
mp-12065,Ag3Pt,120
mp-754698,NbO2,169
mp-305,TiFe,194
mp-30572,Hf2Ga,119
mp-753,ZnSb,48
mp-867351,Tc,302
mp-24728,VH2,175
mp-1797,MnNi,150
mp-7709,ZnF2,96
mp-1437,LiCd,35
mp-22864,Bi2Pt,82
mp-5348,MgCO3,109
mp-11883,MgIr2,197
mp-9244,LiBC,181
mp-30885,YZn5,79
mp-432,NbRu,237
mp-437,MgAu,79
mp-430,TiO2,158
mp-592,TiRu,212
mp-8943,PtF4,45
mp-1145,TiB2,256
mp-34688,TiO2,190
mp-1099,NiGe,137
mp-2225,Be2Fe,158
mp-2221,Zr2Ag,101
mp-12794,Al2Cu,90
mp-1005,FeP,183
mp-1849,Mn2P,195
mp-1841,SiIr3,300
mp-30875,Ti2Sn,115
mp-36066,PNO,57
mp-22095,Ga2Pt,114
mp-9339,NbP,190
mp-2534,GaAs,61
mp-2533,NbO2,235
mp-1018664,CeO2,143
mp-2536,Ni2B,251
mp-20928,Sb2Ru,117
mp-11239,ZrAg,106
mp-22787,Fe2Si,237
mp-1018067,CrFe3,184
mp-1017552,Bi2O3,120
mp-864984,MnV3,209
mp-2027,HfCo,153
mp-75,Nb,174
mp-30383,Hf2Au,134
mp-11521,ScNi,110
mp-20027,FeP2,183
mp-29621,Ba5Bi3,24
mp-10635,SnSb,50
mp-22784,InNi3,150
mp-1914,YGa2,77
mp-1688,ErAs,79
mp-1687,BaPd2,71
mp-5971,YBPt2,159
mp-74,Rh,253
mp-755453,MnP4,132
mp-30686,Zr2Ga3,111
mp-13456,ZnS,70
mp-2542,BeO,208
mp-13447,Zn13Rh,88
mp-20191,Si3Ru2,202
mp-2078,TiCu,131
mp-2071,Zn3P2,65
mp-196,Al5Co2,125
mp-5504,BaCO3,53
mp-173,MnAl6,104
mp-754333,TiO,229
mp-810,NiSb,114
mp-30481,CaPt5,168
mp-22344,Sn7Ru3,109
mp-2075,Si3N4,293
mp-7753,MgPd3,140
mp-331,ScAl,78
mp-676,CaN6,48
mp-492,TiN,281
mp-11531,VNi2,210
mp-333,HfFe2,162
mp-15669,Ti3Te4,60
mp-547271,ReO3,238
mp-21294,Y2In,53
mp-12107,TiPt3,237
mp-15661,Sc4C3,112
mp-1172,MgRh,115
mp-2187,TiSb,90
mp-560588,ZnS,69
mp-13155,Hf2Ag,112
mp-24152,HoH2,88
mp-795,LiSi,52
mp-496,SrSi2,58
mp-29661,Si5Pt6,183
mp-13156,HfAg,117
mp-16529,Al6Ru,112
mp-1451,NbNi3,211
mp-554089,SiO2,20
mp-23164,Bi2Se3,23
mp-568186,YRu2,167
mp-1910,CeNi5,151
mp-593,Al4Cu9,129
mp-1780,ScRh,138
mp-568619,SiC,213
mp-1476,ScS,101
mp-78,Ge,62
mp-570112,Cr3C2,309
mp-8282,Ti2N,204
mp-560203,SiO2,58
mp-2212,ScCo,121
mp-2210,ZrCu,117
mp-1395,VRu,252
mp-2211,V3Pt,218
mp-2213,FeNi,187
mp-1399,AlAu,110
mp-11229,YAl,65
mp-11228,YAl,64
mp-679,Er2O3,147
mp-1018679,DyTe2,59
mp-2018,AlFe3,175
mp-672,CdS,53
mp-9583,K2ZnF4,44
mp-20787,FeB,296
mp-248,Fe2N,244
mp-19724,Cu3Ge,123
mp-976060,Li3C,67
mp-670,NbCo2,231
mp-229,ZrRh3,211
mp-15659,Sb2Pt3,136
mp-10734,Ti4O5,208
mp-303,BaZn5,48
mp-5652,Y2Si2O7,141
mp-20181,Ce2C3,116
mp-2063,Pr2O3,126
mp-815,GaNi3,180
mp-2723,IrO2,277
mp-21078,Fe3Ge,169
mp-2062,LaSi2,79
mp-2065,MnS,56
mp-21075,HfC,236
mp-30777,MgPt3,182
mp-8073,AsPd2,131
mp-1070,CdSe,44
mp-1654,CeNi2,121
mp-841,Li2O2,72
mp-661,AlN,195
mp-4200,ScPO4,157
mp-22514,Mn2Sn,96
mp-1077,B2Ru,288
mp-1249,MgF2,95
mp-684969,Sc2S3,56
mp-2306,LaMg3,37
mp-22896,LaCl3,33
mp-20432,Fe2Ge,138
mp-1007760,Ge,59
mp-11504,MnZn3,88
mp-22510,FeGe,139
mp-11501,MnNi3,174
mp-22862,NaCl,23
mp-979,ZrSb2,81
mp-20689,Nb3B2,240
mp-570923,YRe2,203
mp-20725,PbO2,122
mp-1471,Zr3Al,101
mp-30769,Li13Sn5,30
mp-7302,CrP4,127
mp-408,Mg2Ge,50
mp-754672,TiO2,78
mp-404,MnTe,47
mp-1282,VC,307
mp-11675,NbTe2,35
mp-365,MgB4,162
mp-16723,Y3Al2,59
mp-1256,HoGa2,79
mp-18695,Fe15Co,184
mp-401,Sc2S3,56
mp-12467,Ca5Sb3,38
mp-804,GaN,172
mp-2192,BPt,262
mp-2199,Fe3Si,212
mp-1194,CdPt,137
mp-7565,SbRu,150
mp-20900,Cu3Sb,102
mp-2301,NiP3,115
mp-641539,Si3N4,256
mp-2675,MgNi2,127
mp-9938,Hf2Si,141
mp-554201,MoF3,92
mp-1326,Nb3Sn,165
mp-2674,YPt2,162
mp-1329,LaTe2,52
mp-568671,V5Si3,194
mp-258,ZrV2,140
mp-1008632,V2C,219
mp-1018050,CrC,346
mp-2731,TiGa3,100
mp-1285,PtO2,205
mp-30767,Li7Sn2,28
mp-31498,BaPt,50
mp-23846,KHF2,27
mp-1652,ZnPd,139
mp-13686,Nb5Si3,195
mp-571059,YCd3,55
mp-1658,Tl2O3,109
mp-2670,Nb3Ga,165
mp-510624,SrFeO3,131
mp-691168,MnFeO3,164
mp-765869,CoAgO2,134
mp-770107,Fe2CuO4,159
mp-29356,NaTi2O4,144
mp-5473,CaMgSi,50
mp-643409,Ba4Y(CuO3)3,104
mp-1001011,TaO3,188
mp-1001023,BeC2,120
mp-1001835,LiB,82
mp-1002124,HfC,163
mp-1001833,InBi,31
mp-1006226,ZnBi,38
mp-1006880,BiB,72
mp-1007770,TlAs,39
mp-1008274,Co3W,272
mp-1008280,CrCo3,259
mp-1008285,Cr3Fe,253
mp-1008920,Mn2Ge,186
mp-1008677,TiO2,250
mp-1008785,RuO2,281
mp-1009078,CoN,305
mp-10092,KCu4Se3,40
mp-1009077,FeH,177
mp-1008929,FeN,195
mp-1009820,SnC,121
mp-1009813,SiSn,59
mp-10136,Ti2ReB2,254
mp-1012640,CrFeCoNi,174
mp-1014261,IrO2,192
mp-10189,LiTiTe2,38
mp-10311,ZrVGe,146
mp-10437,Ba(CuSe)2,54
mp-10394,CrCoGe,178
mp-10379,Hf3(Cu2Ge)2,143
mp-10550,SrMg2N2,94
mp-10615,BaLiP,38
mp-10675,Ti3AlN,163
mp-10824,ZnCu2GeSe4,59
mp-10614,SrLiP,43
mp-10519,Cu2SnS3,66
mp-10748,TaCu3S4,38
mp-10746,Mg2SiCu3,98
mp-10899,AlVNi2,177
mp-10898,ScAlNi2,133
mp-10887,HfAlCu2,135
mp-10967,CdCu2GeSe4,57
mp-11737,Li4SiO4,80
mp-11658,Cu2SnSe3,55
mp-11175,LiZnPS4,31
mp-11790,LaCuSe2,58
mp-11029,Y(Al2Cu)4,101
mp-11019,GaCuO2,158
mp-11401,ScGa2Ni,107
mp-11400,ScGaNi2,130
mp-11583,Zr2SN2,160
mp-12029,Li2CuP,64
mp-11750,Ti6Si2B,149
mp-12268,BaCuF4,57
mp-12266,CaCuF4,76
mp-12317,SrCN2,60
mp-12265,SrCuF4,67
mp-12806,Cu2GeTe3,49
mp-12549,BaAl9Ni2,79
mp-12781,ScAl2Ni,107
mp-12557,SrCuAs,58
mp-12760,Zr6Al2Co,107
mp-12854,ZnCu2GeTe4,47
mp-12992,BaTiO3,124
mp-13089,Cu2SnTe3,46
mp-12867,SrSnO3,140
mp-13149,BaAlSi,50
mp-12990,Ti2AlC,137
mp-13334,ZnSnO3,167
mp-13092,Zr6Al2Ni,105
mp-13202,YCuSn,77
mp-13095,YAlNi,93
mp-13094,YAl2Ni,93
mp-13277,BaLiP,39
mp-13725,Li3PO4,70
mp-13946,Rb2ZrF6,22
mp-13915,LiNi2Sn,108
mp-13829,TlCu3S2,45
mp-13982,CdCu2GeS4,67
mp-14069,CsAlO2,93
mp-14099,ZnAgF3,81
mp-14089,TlCuS2,57
mp-14090,TlCuSe2,47
mp-13964,HfGeTe,95
mp-14116,CuRhO2,173
mp-14142,TiZnO3,174
mp-7911,KCuO,31
mp-14793,Mg2SiPt,102
mp-14628,ZnSnO3,147
mp-14827,Li7NbN4,82
mp-15297,Hf6NiSb2,127
mp-15252,Cu2GeS3,72
mp-15781,KLaS2,38
mp-15642,SrMgSi,44
mp-15701,MgSiN2,176
mp-15988,Li2CuSb,53
mp-15985,Zr3(Cu2Ge)2,133
mp-15895,SiCu2S3,79
mp-15896,SiCu2Se3,63
mp-16115,Pr2CuO4,130
mp-16304,YPPt,135
mp-16236,KAgSe,27
mp-16828,Li3B7O12,69
mp-16993,Er2SiO5,128
mp-17129,Sr3(AlN2)2,87
mp-17856,Al7CoCu2,110
mp-18725,YCrO3,184
mp-18732,TiNiO3,180
mp-18728,NaFe2O3,120
mp-18751,Mn2ZnO4,139
mp-18717,SrVO3,186
mp-18766,Si(NiO2)2,199
mp-18775,Fe3PO7,138
mp-18779,Na2CrO4,40
mp-18782,LiFeO2,136
mp-18807,V2Zn2O7,117
mp-18814,MnCO3,104
mp-18819,Ni2P2O7,134
mp-18849,Fe2P2O7,110
mp-18924,Sr3(FeO3)2,109
mp-18949,VFeO4,94
mp-18893,Ca2Mn3O8,123
mp-18968,Li2FeSiO4,92
mp-18895,KCoO2,59
mp-19003,MgV2O5,103
mp-19004,Sr8Fe8O23,124
mp-18972,Sr2VO4,132
mp-19050,Ca2MnO4,133
mp-19025,LaMnO3,166
mp-19082,TiMnO3,162
mp-19080,Na2Mn3O7,83
mp-19102,Sr2FeO4,112
mp-19097,FeBO3,180
mp-19142,Mn2V2O7,99
mp-19120,MgCrO4,68
mp-19147,NiCO3,130
mp-19141,K6Co2O7,35
mp-19148,K2Mn2O3,61
mp-19225,FeAgO2,136
mp-19219,Li3VO4,63
mp-19241,BaNiO3,85
mp-18918,ZnWO4,145
mp-19260,Li2WO4,69
mp-19308,Li2NiO2,115
mp-19281,LaCrO3,166
mp-19328,NaWO3,191
mp-19340,LiVO2,123
mp-19358,SmMn2O5,157
mp-19359,NaFeO2,116
mp-19384,Ni(AsO3)2,157
mp-19418,VCrO4,99
mp-19442,Mn(Ni3O4)2,160
mp-19163,SrWO4,64
mp-19391,NaVO2,115
mp-19619,NaMnPO4,84
mp-19602,Ba2CoO4,61
mp-19740,YInPt,102
mp-19746,NbPbS2,69
mp-19896,Li2GePbS4,44
mp-19893,PbCO3,59
mp-19850,MnCo2Ge,195
mp-19970,Li3CuO3,78
mp-19955,Co2CuGe2,161
mp-20049,LiFeP,82
mp-20144,NbCrP,212
mp-20363,LiGa2Pt,98
mp-20335,MnNbP,229
mp-20474,MnCu2GeS4,70
mp-20605,PbC2(SN)2,27
mp-20565,MnCoGe,164
mp-20554,InAgSe2,45
mp-20545,Cu3AsS4,74
mp-20892,ZrFeP,203
mp-20840,MnCo2Sn,169
mp-20865,YCuPb,68
mp-20674,Ba2YCu3O7,115
mp-20932,NbNiP,218
mp-20940,TiCdO3,150
mp-20944,Sr2PbO4,93
mp-21069,YSiRu,131
mp-20897,Ba4Y2Cu6O13,102
mp-21141,Fe2CuGe2,131
mp-21003,Y2ReC2,124
mp-21449,NbCoP,238
mp-19735,La2CuO4,144
mp-21422,YCoC,146
mp-21495,CrFeP,239
mp-21609,SrCuN,68
mp-22120,YRh3C,197
mp-22144,Ta2InC,177
mp-22212,NaSbO3,129
mp-22275,YSnPt,110
mp-22262,CoMoP,258
mp-8098,InGaO3,170
mp-22662,TiGaPt,165
mp-22719,Ba2NdCu3O7,112
mp-22716,LiCu2P,81
mp-22769,TiCoGe,172
mp-22756,K2PbO3,40
mp-23054,NaBiO3,65
mp-23330,NaClO3,25
mp-23560,Ge3(BiO3)4,51
mp-23737,KMgH3,35
mp-23704,NaAlH4,19
mp-23956,K2MgH4,23
mp-23684,NaHCO2,25
mp-24045,AlP(H2O3)2,73
mp-24842,KCoO2,67
mp-24960,HoFeO3,178
mp-24956,ErFeO3,179
mp-24961,LuFeO3,182
mp-24964,SrFeO2,107
mp-24952,TbFeO3,176
mp-24955,Sr4Fe4O11,129
mp-24989,SmFeO3,170
mp-19330,CaMoO4,76
mp-25094,NiWO4,154
mp-25005,MnSnO3,143
mp-25025,YMnO3,155
mp-25092,Ni2As2O7,118
mp-25008,Ca2Mn2O5,113
mp-25111,Sr3V2O7,131
mp-25122,VBiO4,129
mp-25030,TbMnO3,155
mp-25372,LiCuO2,124
mp-25385,Li(CuO2)2,110
mp-25417,LiTiO2,135
mp-25693,AlFeO3,178
mp-25886,CuPO4,69
mp-27226,MgCu2O3,100
mp-27275,Li3BO3,76
mp-27315,CaTiF6,58
mp-27579,Na4P2O7,46
mp-27425,Sr(HO)2,40
mp-27719,Al2CuO4,185
mp-27897,Ba(NO2)2,30
mp-28232,MgTi2O5,164
mp-28592,Li7Br3O2,38
mp-2879,SrSnO3,138
mp-2895,Mg2SiO4,121
mp-29136,Sr6Cu3N5,61
mp-29069,Na(CuS)4,60
mp-29066,Al3Fe2Si3,145
mp-29396,Cu2PbO2,55
mp-2931,Li2TiO3,112
mp-29352,Ba2PdO3,88
mp-29658,ZrNiH3,152
mp-29618,NiP3W2,208
mp-29736,YAlGe,80
mp-30183,ZrAl5Ni2,120
mp-30242,Mg4H2O5,89
mp-30244,Mg2H2O3,66
mp-30208,YCuP2,105
mp-30551,GaFeCo2,191
mp-30818,Li2AlPt,88
mp-30657,TiGaNi2,166
mp-3034,MgAl2Cu,78
mp-30656,TiGaNi,148
mp-3031,BaSi2O5,57
mp-30247,Mg(HO)2,54
mp-30301,LiClO4,28
mp-30451,SrCuBi,43
mp-30591,Li2CuSn,52
mp-3098,AlCuO2,177
mp-3102,TaCuS3,46
mp-31212,K2MgF4,47
mp-31460,NbCoSb,156
mp-31468,LiCaN,70
mp-31521,CoPO4,88
mp-31510,NbCuTe2,68
mp-31769,Sr(FeO2)2,72
mp-31857,Ti2FeO5,168
mp-3208,ZrGeTe,72
mp-25604,NiPO4,80
mp-32403,Ni(HO)2,64
mp-3241,Sr(CuGe)2,71
mp-3255,SrCu2O3,111
mp-3323,SrZrO3,153
mp-3416,Na3AlF6,51
mp-34195,BaCO3,53
mp-3340,TaAlCo2,203
mp-3349,Sr3Ti2O7,140
mp-3345,Cu3AsS4,73
mp-33551,LiFe5O8,159
mp-3397,Ba2TiO4,64
mp-34139,Mn2CrO4,153
mp-3427,LiAlO2,94
mp-3498,HfGaNi2,165
mp-3470,MgSiO3,102
mp-34993,LiAlO2,161
mp-3504,NbNi2Sn,178
mp-35841,Li2CuGe,61
mp-3597,BaRuO3,117
mp-3536,MgAl2O4,180
mp-3642,ScCuO2,143
mp-3574,MnAlCu2,124
mp-3576,HfGaCo2,174
mp-3671,NaNbO3,102
mp-36884,Mn2SnO4,129
mp-36111,LiMgP,55
mp-31119,TbScO3,167
mp-3650,HfCu2Te3,42
mp-3666,LiTaO3,124
mp-33708,Mn(FeO2)2,162
mp-3698,SrAlSi,56
mp-3759,MgGeO3,166
mp-37620,LiMnO2,118
mp-37614,Al2NiO4,204
mp-3771,MgTiO3,164
mp-37906,LiMgN,98
mp-38035,SrCO3,65
mp-3803,Ta4AlC3,238
mp-38280,LiTiO2,175
mp-19201,CaMnO3,147
mp-38683,Co2NiO4,160
mp-3834,BaZrO3,149
mp-37473,TiOF2,136
mp-3909,ZrAlCo2,161
mp-3924,LiNbO2,161
mp-3938,ZrSiS,126
mp-3944,ZrAlNi2,149
mp-3988,BaCu3O4,95
mp-4043,NbCu3Se4,33
mp-4131,Sc(CoSi)2,159
mp-4156,Li2ZrO3,115
mp-4181,Pr2CuO4,131
mp-4163,Ca3Ti2O7,133
mp-6473,Ca5P3O12F,84
mp-4280,GaCuO2,158
mp-4255,Ba(CuS)2,66
mp-2998,BaTiO3,163
mp-4300,Yb2Si2O7,92
mp-4549,SrSiN2,100
mp-4636,ScCuO2,142
mp-4612,TiCo2Ge,179
mp-4419,NaNbO3,138
mp-4711,Li2CuO2,92
mp-4438,CaSnO3,144
mp-4668,K(CoSe)2,42
mp-4019,CaTiO3,172
mp-4699,NaTaO3,131
mp-4441,Ca(CuGe)2,79
mp-4499,MgAlSi,68
mp-4681,NaNbO3,89
mp-4481,Ca2SiO4,91
mp-4748,NaNbO3,124
mp-4824,NaZnP,44
mp-4771,TiAlCu2,134
mp-4813,NbAlNi2,181
mp-4878,ZrGeSe,103
mp-4820,ZrSiO4,207
mp-4826,CaCuO2,129
mp-4998,Sr2IrO4,129
mp-4997,ZrGeS,119
mp-4964,YSbPt,97
mp-4930,TiAl2O5,186
mp-4978,Ti2AlN,155
mp-19035,BaFeO3,116
mp-27823,SmClO,79
mp-27793,Nb2Se,123
mp-27335,NaAlSi,42
mp-27888,Zr3GeO8,199
mp-504858,CoCu2O3,115
mp-504878,VBiO4,129
mp-504935,K2PbO3,39
mp-505042,Cu(BiO2)2,58
mp-505071,Si2Pd9,163
mp-505110,FeCuO2,154
mp-505244,FeCuSe2,28
mp-505527,Ti5Si4,142
mp-505517,BaNb4O6,188
mp-505562,CrCuO2,163
mp-505782,Cs2SO4,22
mp-5077,NaLi2Sb,29
mp-30353,AgPt3,205
mp-510412,Si3Ru4,239
mp-510437,In3Pd2,89
mp-510430,Li13In3,23
mp-510219,Sn2Ru,118
mp-30739,Mg3Ir,77
mp-510587,Fe2SiO4,127
mp-510281,FeCuO2,154
mp-510559,Na(CoO2)2,76
mp-510632,CuWO4,123
mp-5238,GaCuS2,75
mp-5193,SrZrS3,70
mp-5244,Ti2SbP,114
mp-5221,HfAlCo2,172
mp-530399,LiAl5O8,196
mp-5388,Zn(SbO2)2,46
mp-19017,LiFePO4,91
mp-25001,FePO4,61
mp-540231,Li2FeP2O7,61
mp-540771,BaZrS3,42
mp-540824,Mn2BiO5,135
mp-540682,Nb2CoO6,144
mp-541438,Rb2MnO4,24
mp-541567,VSbO4,187
mp-541605,Ni(SbO2)2,55
mp-542468,NdNiO2,147
mp-542316,Co2Mo3N,270
mp-542429,Mg3Rh,66
mp-542569,AlRu,202
mp-542640,GePt,143
mp-542854,Mg9Si5,59
mp-542867,YMn2O5,159
mp-542980,FeHO2,136
mp-545467,Li3(CuO2)2,83
mp-545974,AlPO4,121
mp-5456,Sr2CuO3,100
mp-5784,Na2GeO3,54
mp-543001,Zr5Sn4,104
mp-542920,LaFeO3,159
mp-546079,MgCO3,97
mp-546790,LaCuTeO,69
mp-8180,LiNO3,41
mp-3731,LiNbO3,103
mp-5532,Sr2TiO4,127
mp-553875,Zr2SN2,158
mp-553932,GaPO4,20
mp-553939,CaCO3,75
mp-4651,SrTiO3,169
mp-553961,ScNbO4,169
mp-552588,LiNbO3,142
mp-554095,NiRhF6,40
mp-31596,CoReO4,165
mp-554601,RbCuF3,64
mp-3196,NdGaO3,163
mp-5014,CuAgS,48
mp-554678,CaGe2O5,127
mp-5566,KCuF3,67
mp-554973,TlCuF3,67
mp-554955,MgCrF6,26
mp-4428,CaSiO3,77
mp-555321,BaNiF4,62
mp-555359,KMnF3,60
mp-556041,Ba2NiF6,60
mp-556075,SrDy2O4,116
mp-556235,CaCO3,78
mp-556125,Na2BHO3,48
mp-29308,Na5Co2S5,34
mp-24854,CoCO3,120
mp-556548,Bi(BO2)3,88
mp-556777,Li2CO3,77
mp-36480,La2CuO4,121
mp-22390,SrRuO3,167
mp-5305,CuAsS,67
mp-557403,LiFe2F6,72
mp-557018,Cs(CoS)2,48
mp-4236,BaZnO2,83
mp-19178,CoAgO2,134
mp-19448,Ni3TeO6,158
mp-557753,K3PO4,37
mp-558046,KMnF3,58
mp-557929,Tl(Cu3S2)2,54
mp-4630,Li2RuO3,108
mp-3136,NaNbO3,181
mp-559051,BaBiO3,107
mp-5839,TiPO4,106
mp-559390,CaAl2O4,79
mp-559691,Ca2Al2SiO7,104
mp-560399,NaMgF3,70
mp-12079,K(CoS)2,45
mp-560663,Rb(CoS)2,51
mp-561388,FeBiO3,165
mp-561412,CaCO3,77
mp-24932,FeBiO3,114
mp-19292,Co(AsO3)2,154
mp-18965,BaCoO3,87
mp-19086,BaCoO2,79
mp-561589,Sr2Fe2O5,115
mp-505067,Co2As2O7,115
mp-505820,NiPS,118
mp-18762,Na4CoO3,47
mp-20489,SrPbO3,105
mp-561699,Ba2FeO4,62
mp-31584,Na3CoO3,51
mp-22325,P2Pb2O7,50
mp-23089,SrTa2Bi2O9,87
mp-5621,NbCu3S4,40
mp-5637,SrZnO2,91
mp-769930,CoBiO4,86
mp-565348,LiMnO2,114
mp-555047,LiCoF4,62
mp-566426,La4Ni3O8,132
mp-5670,LiTi2O4,132
mp-25035,MnBiO3,107
mp-567395,Li15Au4,28
mp-567191,CaAlSi,61
mp-567601,Sr4CN4,53
mp-567278,Sr(Si3N4)2,148
mp-19657,LaMnO3,134
mp-20199,PPbS3,29
mp-567618,Si5Pt12,205
mp-23214,CaCl2,31
mp-567657,K(CuSe)2,34
mp-567889,TiGe2,114
mp-567705,TiAl2,109
mp-567981,CrGaCo2,198
mp-568014,Nb3Bi,158
mp-567771,Ba(Si3N4)2,153
mp-567832,TiTe,91
mp-866375,TiFe2Ge,215
mp-567871,Nb5Si3,185
mp-2454,TiFe2,147
mp-568306,Mg5Si6,63
mp-567929,Al13Os4,148
mp-568069,Ti2Bi,80
mp-568495,Cu10Sn3,110
mp-568404,Li9Al4,32
mp-568446,Er5Si4,80
mp-13270,CaAg2,50
mp-568565,CrAs,88
mp-568673,Y(SiRu)2,151
mp-568746,Bi2Pd,56
mp-568901,NbFe2,197
mp-568718,HfAl3,106
mp-568865,ZrTe,88
mp-568792,Si5Rh4,181
mp-569073,LiSn,36
mp-569054,La2Co3,77
mp-569151,MnGaPt,133
mp-510441,YInPt2,122
mp-569298,Ca(CoAs)2,85
mp-569568,Ta3AlC2,225
mp-569535,Ca2Bi,32
mp-569708,TiPt3,234
mp-569426,SrZn2,35
mp-569446,NiPb,87
mp-569458,AlV4C3,219
mp-569775,ZrAl3,100
mp-569815,Si2Ru,186
mp-569544,ZrTe,96
mp-569834,LiCu2Sn,77
mp-569558,AlAu2,119
mp-569837,Ti3Sb,110
mp-569833,Zr2Ga,107
mp-569849,Li15Si4,30
mp-569683,InAu3,110
mp-569671,ZrSb,104
mp-569785,TlPd3,132
mp-570150,CaAlSi,62
mp-570001,Al6Fe,106
mp-570287,Ta5Si3,212
mp-570097,Sr(Li2P)2,42
mp-570122,Cr3Te4,33
mp-570091,Rb(CoSe)2,40
mp-570199,Ti3Pd5,162
mp-570196,Zr5Sb4,106
mp-570197,Bi2Pd,57
mp-5702,Cu3SbS4,68
mp-570430,TaCo2,222
mp-570491,TaNi3,221
mp-570460,LaCo5,132
mp-570557,NbCo3,199
mp-570691,Ti3Sn,114
mp-570673,ScNi5,159
mp-570751,Nb3Te,169
mp-22318,SrAl2,45
mp-570744,Si3As4,59
mp-570896,Tl2Pd,54
mp-522,CuAu,135
mp-570960,HfOs2,274
mp-11250,Mg2Au,62
mp-571160,Tl2Pt,66
mp-571203,Sr(CoAs)2,73
mp-571262,CaRh2,123
mp-5723,ZrAlNi,138
mp-571576,LaTe2,49
mp-571619,HfAlPt,164
mp-5787,SrCuO2,97
mp-5773,BaRuO3,106
mp-580287,Zr3Cu,99
mp-5748,HfAlNi2,165
mp-5777,BaTiO3,107
mp-5756,Cu3PSe4,64
mp-5827,CaTiO3,175
mp-581786,Cu3Sn,109
mp-5840,LiScO2,135
mp-5853,LiSi2N3,159
mp-5869,Ca2CuO3,118
mp-5933,BaTiO3,140
mp-5921,TaAlNi2,192
mp-5924,MgSiO3,193
mp-5986,BaTiO3,125
mp-5938,SrCu2O3,111
mp-601842,Fe9Co7,190
mp-601848,Fe11Co5,192
mp-601820,Fe3Co,187
mp-605663,AlPd5,162
mp-609151,MgWO4,124
mp-622209,Al3Ni,113
mp-622570,Ti2Cu3,133
mp-625056,AlHO2,120
mp-625487,Zn(HO)2,55
mp-625405,V2H3O5,92
mp-626512,FeHO2,80
mp-626503,V2HO4,155
mp-626680,Fe(HO)2,51
mp-626902,AlHO2,119
mp-18946,VBO3,188
mp-578614,NaCrO2,122
mp-19905,Co2Si,227
mp-636328,TiPd3,178
mp-636368,Ga3Fe,103
mp-634381,V2Zn2O7,117
mp-640095,La3Co,35
mp-640041,NbZn16,85
mp-6408,ZnCu2GeS4,73
mp-640266,Ca3Al2O6,92
mp-640189,TiNi,155
mp-640708,FeGe2,126
mp-640889,Tm(CuTe)3,54
mp-641526,Fe13Co3,184
mp-644424,Sr2CoO3,79
mp-644280,GaCuPt2,187
mp-645159,FeBiO3,162
mp-646824,Ca3Ag8,50
mp-6493,CaMgSiO4,102
mp-649774,CuSbPbS3,24
mp-6521,LiLaTiO4,125
mp-639874,Ta2Al,162
mp-669347,KCuF3,75
mp-669546,AlPd,150
mp-672287,Li13Si4,33
mp-672265,Cu3Pd,148
mp-672371,Ni3Sb,165
mp-675045,Li7VP4,32
mp-675172,TaAlO4,220
mp-675120,SiCu2Te3,52
mp-674478,BaCO3,54
mp-675324,BaCO3,51
mp-674953,Cu2GeTe3,48
mp-675734,Li7B18O,128
mp-675880,Cu2SnTe3,46
mp-675755,TiCu3O4,105
mp-676117,Li2CuGe,60
mp-676290,RbHS,31
mp-676512,Na3AlF6,50
mp-676861,AlSbO4,204
mp-677103,RbHF2,22
mp-677335,GaPO4,28
mp-680677,Sn3Ru2,128
mp-685146,CdTe,35
mp-685022,TePb,38
mp-2750,Cr2Te3,42
mp-685194,Li4Ti5O12,110
mp-685991,Li5SiP3,36
mp-689940,CoPO4,17
mp-690490,TiVO4,228
mp-690470,NbCrO4,206
mp-690535,Na(WO3)2,182
mp-690536,Sr4Fe4O11,123
mp-6931,Sr(AlSi)2,59
mp-695998,K2ZnH4,17
mp-697068,SiPd2,181
mp-6980,ScCuS2,84
mp-7006,SrNbO3,173
mp-7187,TiAlNi2,162
mp-7237,CuAgO2,55
mp-7298,Li(CuP)2,93
mp-7339,BaSiO3,57
mp-7352,MgCuP,94
mp-7376,Sr3(AlSn)2,37
mp-741706,V2CuO6,63
mp-7405,SmAlO3,182
mp-7422,Ca(CuP)2,87
mp-7466,CaCu2O3,81
mp-7467,RbCuO2,39
mp-7473,LiSiCu2,104
mp-752415,NbO2F,140
mp-752398,BaCuO2,98
mp-752496,TiOF,160
mp-752843,Li2CuF4,46
mp-752928,LiCoS2,78
mp-753059,TiOF,64
mp-753081,Li3(CuO)4,65
mp-753098,LiCuF2,63
mp-753257,LiCuF4,32
mp-753459,Nb3O7F,215
mp-753490,TiCuGe,133
mp-753671,PNO,58
mp-753848,Li(CuO)3,107
mp-753657,TiOF,188
mp-754008,BaCuO2,80
mp-753946,LiCoS2,79
mp-754727,LiNiS2,68
mp-754150,La3GaO6,114
mp-754701,CaTiO3,138
mp-754262,Zn2As2O7,114
mp-754322,Sr2CuO4,106
mp-754238,Li2CuBiO4,99
mp-754352,Na3CuO2,50
mp-754344,LiZnO2,106
mp-754364,Y2CuO4,149
mp-754516,LiNiP,65
mp-755000,LiTiO2,130
mp-755115,ReCuO4,74
mp-755225,Li8ZrO6,94
mp-755298,Li4NbO4,73
mp-755352,Li2HfO3,122
mp-755253,LiZrO2,162
mp-755328,ZrSn2,88
mp-755570,Li(NiS)2,71
mp-755895,Ba3Zr2O7,119
mp-755974,Na2CuO2,67
mp-756018,BaMgO2,79
mp-756214,YAlO3,192
mp-756095,NaCu3O4,76
mp-756597,Li2HfO3,99
mp-757031,Mg2TiO4,147
mp-758006,Ca2SiO4,100
mp-758052,LiCuF3,76
mp-758104,Mn11Pd21,143
mp-758658,CaAl2(SiO4)2,86
mp-758594,Li(Fe3P2)2,177
mp-758741,Li(FeP)2,134
mp-759541,Ba(PdO2)2,93
mp-759877,Li4CuF7,53
mp-7603,Li2TiF6,49
mp-760376,KTiO3,60
mp-760411,Bi2CO5,104
mp-760408,LiZnO2,100
mp-760396,TaAlO4,218
mp-760483,Li2PdO3,106
mp-760410,BePO4,24
mp-761315,MnFeO4,152
mp-760539,Li2Ti3O6,117
mp-761341,TiVO4,224
mp-761361,VSnO4,204
mp-761415,CuNi3O4,171
mp-761474,LiFePO4,58
mp-761568,Rb2CoO3,58
mp-761556,MnCoO4,176
mp-761563,Mn2FeO3,148
mp-761716,MnFe2O3,153
mp-762036,Li(CoO2)2,80
mp-762225,BaCO3,53
mp-762391,Li2(NiO2)3,101
mp-762268,Li3V2O6,91
mp-762506,SrNiO3,113
mp-762869,LiMn2O4,99
mp-762971,Li2V3O6,103
mp-763300,LiFeO2,130
mp-763634,VCrO4,151
mp-763705,Zn2Ni3O5,177
mp-7639,Na2CuP,34
mp-764060,Na2VO3,93
mp-764004,NaNi2O3,123
mp-764226,Li2VF4,42
mp-764233,Na8CoO6,47
mp-764372,KCoO2,46
mp-764322,VOF,173
mp-764362,LiNiF3,81
mp-764467,Na2FeO3,56
mp-764640,NaNi2O3,122
mp-764698,LiVF3,65
mp-764673,Na3VO4,47
mp-764744,V2OF5,26
mp-764819,VOF2,44
mp-764839,Na4FeO5,47
mp-764895,LiVF4,61
mp-765437,NbCrO4,197
mp-765445,Li2VF4,66
mp-765499,Li3VF6,56
mp-765508,V3(O2F)2,113
mp-765736,NaNi5O6,153
mp-765777,V3O5F,121
mp-765880,Mg3Fe2O5,155
mp-765889,Ga2CoO4,169
mp-765966,LiVF6,33
mp-766756,Mn2CrO4,154
mp-766906,LiVF4,64
mp-766911,LiVF4,33
mp-766917,LiVF6,27
mp-766953,LiVF4,68
mp-767016,NbVO4,183
mp-767367,VOF,165
mp-767836,Mn2CoO4,140
mp-768015,LiMnCoO4,121
mp-768032,VOF,133
mp-768037,VOF,159
mp-768060,VOF,155
mp-768310,LaBiO3,64
mp-769647,VOF,161
mp-769726,Li3(FeO2)4,111
mp-769673,Tb2Bi2O7,131
mp-769789,LiFe2O3,130
mp-769899,MgFe2O5,122
mp-2693,SnSe,50
mp-770002,AlCrO4,190
mp-770398,NiSnO3,158
mp-7704,Ca(AlSi)2,63
mp-770602,TiVO3,171
mp-770618,MgMnO3,157
mp-770583,MnZnO3,162
mp-770635,LiNiO2,119
mp-770649,Li5NbO5,101
mp-770771,SrSc2O4,141
mp-770997,Li2HfO3,132
mp-771484,VCoO4,88
mp-771532,Li(NiO2)2,105
mp-771663,LiV2O4,90
mp-771686,NbCrO4,171
mp-771725,LiNi3O4,151
mp-771789,TiMn3O8,93
mp-771919,LiFeO2,147
mp-771986,Li4Fe3O8,96
mp-773305,Mn3FeO8,84
mp-773296,Mn3NiO8,84
mp-773331,Li3MnO3,77
mp-773450,TiCrO4,187
mp-773534,TiFeO4,150
mp-773864,TiSnO4,166
mp-773929,CrCuO2,163
mp-774092,Na3CoO3,54
mp-774117,V2O3F,185
mp-774148,MnNbO4,159
mp-774155,Li2FeO3,100
mp-774156,NbFeO4,169
mp-774411,Li2VO2,112
mp-7748,NaAlO2,135
mp-775089,Li9(CoO4)2,71
mp-775097,Li2CoO2,110
mp-775127,Li4Fe3O8,96
mp-775296,TiMnO4,168
mp-775236,LiMnO2,112
mp-775331,LiVO2,144
mp-23265,GdCl3,36
mp-775777,LiFeF4,63
mp-775845,NaCoO2,103
mp-776204,LiV3O4,132
mp-776217,MnV3O8,135
mp-776250,Zr2N2O,169
mp-776264,LiFeF4,40
mp-776331,Zr5N5O2,224
mp-776513,LiVF4,65
mp-776515,CeFeO3,145
mp-776626,LiVF4,56
mp-776710,LiFeF4,28
mp-776784,Li3FeF6,56
mp-776791,LiFeF4,55
mp-776803,LiFeF4,56
mp-776864,V3CoO8,145
mp-776827,LiFeF4,45
mp-776881,LiFeF4,59
mp-777219,LiVF4,39
mp-777225,Li4Fe(WO4)3,134
mp-777463,Li2FeF6,50
mp-777555,MnV2O6,49
mp-777556,LiVF4,47
mp-777595,LiFeF4,50
mp-7781,CaZrS3,70
mp-778364,Na6Ti2O7,51
mp-778717,MgFeO3,147
mp-778746,VOF,153
mp-778757,Na2CoO3,51
mp-778780,VBO4,24
mp-778779,Na2CoO3,74
mp-779190,LiVF4,76
mp-865592,Y2ZnRu,87
mp-779545,Na3CuO2,46
mp-780002,V2O3F,152
mp-779972,ZnCoO2,170
mp-779985,Li3FeO4,92
mp-780539,LiVF4,62
mp-780545,Na3VO4,46
mp-780811,NbVO4,175
mp-780880,Rb2CoO3,33
mp-781698,NaFeO3,67
mp-781959,NaCo2O3,91
mp-782678,Na4WO4,43
mp-782719,LiVF4,64
mp-783905,NaV2O4,83
mp-795616,CrCuO2,164
mp-8001,LiAlO2,147
mp-8207,Zn(PtO2)3,194
mp-8285,ZnGeO3,166
mp-8310,Li(NiP)2,119
mp-541289,Y2S3,66
mp-992,CaGa2,49
mp-22735,Ca2Sn,32
mp-19814,NiAs2,114
mp-8085,Mg3P2,57
mp-784631,CrNi2,228
mp-1563,CaSi,54
mp-1349,SrPt2,118
mp-2741,CaF2,77
mp-20662,Sn4Pt,60
mp-1731,LaCo5,135
mp-8278,Ba(MgP)2,51
mp-8159,TlCu4S3,46
mp-9835,CoSb2,100
mp-8291,BaTiF6,49
mp-623,HgPt,147
mp-5798,Al6C3N2,165
mp-23713,CaH2,47
mp-1925,ZrS,131
mp-27821,Ag3P11,54
mp-987,ZnCu,114
mp-20086,MnSn2,64
mp-971694,Ge3N2,99
mp-1542,YB2,164
mp-87,Be,122
mp-7577,CoSi,211
mp-2350,LaS,80
mp-11718,RbF,24
mp-2432,CaMg2,30
mp-20664,Mn2Sb,86
mp-22682,In2Pt,95
mp-19870,GaFe3,174
mp-556,ZrNi,139
mp-3515,Y(CoB)2,151
mp-20155,CoSn2,101
mp-20536,CoSn,127
mp-1708,YTe,60
mp-10890,LiAl3,64
mp-4342,KNbO3,129
mp-555,Fe8N,183
mp-690760,TiH,129
mp-12752,Zr4Al3,108
mp-21260,FeSn,100
mp-2108,Ti5Si3,140
mp-695,TiCo2,168
mp-1749,CaAl4,58
mp-21255,FeGe,153
mp-568610,Bi,53
mp-11359,Ga2Cu,78
mp-27838,Na3Bi,17
mp-2500,AlCu,113
mp-1620,Si2W,219
mp-1557,Mg3Au,57
mp-820,HgSe,41
mp-12614,Ca2Cu,25
mp-829,AlPd,156
mp-8044,V2PC,228
mp-944,AlB2,191
mp-22508,YMn12,154
mp-1359,NbIr,259
mp-2716,TiNi,152
mp-7859,ZrS,122
mp-23221,PrBr3,29
mp-30798,NbZn2,141
mp-1746,MgF2,103
mp-113,Tc,300
mp-7927,Nb4N5,271
mp-696,SiPt,174
mp-682,NaF,48
mp-1001602,B12W,239
mp-11358,TaCo3,147
mp-2404,CaAl2,56
mp-238,MnPd,134
mp-13444,LiSn,37
mp-13365,SrZn2,36
mp-1367,Mg2Si,53
mp-733,GeO2,39
mp-570483,V5Si3,184
mp-4248,YCoC2,175
mp-7832,BW,342
mp-2604,MgTe2,38
mp-574,Ta2Co,222
mp-568,TiSb2,89
mp-21215,InPd,111
mp-1539,ZrTe,96
mp-2762,YIr2,196
mp-2802,HfRu,197
mp-569522,MnP4,138
mp-13363,SiPt3,207
mp-12773,Zr2Al,100
mp-10212,ScGe2,82
mp-7384,SmF3,115
mp-8939,Si2W,221
mp-2824,AlPd2,159
mp-2807,ScP,98
mp-948,ZnTe,55
mp-214,ZrRu,185
mp-12777,AlCu3,131
mp-17783,Mg3Au,57
mp-22919,AgI,32
mp-12779,CdTe,35
mp-757,Li3As,35
mp-2918,YCuO2,117
mp-12772,Hf2Al,113
mp-19908,EuF3,92
mp-978496,SiB4,140
mp-1431,MnSi,210
mp-871,FeSi,211
mp-2605,CaO,105
mp-556788,SiO2,52
mp-5126,ZnSO4,71
mp-9173,TiO2,101
mp-1401,ZrZn2,102
mp-1412,Ti3Sb,120
mp-2775,SrAl4,54
mp-7947,PtO,191
mp-11607,Si3N4,252
mp-32994,Hf4N3,225
mp-564,TePd,98
mp-842,CaPt2,132
mp-1022724,CaC4,204
mp-844,Ca3N2,68
mp-684709,K3B17,103
mp-2151,Mg17Al12,50
mp-2152,YNi5,148
mp-1808,Ti2Ni,141
mp-562,Sb2Pt,104
mp-771,MnAl,135
mp-1439,TiO2,205
mp-846,Hf2Al3,114
mp-19052,K3VO4,34
mp-571438,Be12V,130
mp-4253,V(CrC)2,291
mp-561877,HoF3,89
mp-1019,YNi2,121
mp-7623,MgAs4,43
mp-7948,ReSi,246
mp-778,Fe2P,216
mp-554405,ZnS,69
mp-893,ZrSi,142
mp-23703,LiH,36
mp-7250,Nb6Co7,213
mp-568867,Si3N4,197
mp-1718,ZrFe2,147
mp-2469,CdS,53
mp-20061,GePt2,178
mp-2663,Nb3Pt,207
mp-1057,Al3Ni2,130
mp-569346,CuI,39
mp-1941,GaNi,153
mp-850,ScNi2,144
mp-8053,YCo,70
mp-865527,YAl3,73
mp-1773,ReB2,343
mp-1990,Mg3As2,50
mp-2103,CuAu3,143
mp-7812,GeO2,23
mp-775808,MgO,116
mp-865,CaB6,149
mp-625,Mg3Ru2,107
mp-2137,Mg2Ni,65
mp-2343,Mg2Sn,41
mp-7582,GeS2,22
mp-1019055,ReN2,380
mp-1543,Ge2Pt,120
mp-2242,GeS,26
mp-631,TiC,253
mp-2172,AlAs,70
mp-2647,Al2Au,105
mp-30357,Sr3Ag2,21
mp-2578,NiTe2,54
mp-862,CaSi2,63
mp-569051,MgH2,48
mp-864647,Hf2N,195
mp-2634,NbN,314
mp-11025,ZnP2,68
mp-1180,MnPt3,217
mp-725,RhO2,238
mp-215,YSb,62
mp-9923,VP2,153
mp-20296,In2Co,89
mp-79,Zn,75
mp-2251,Li3N,52
mp-21117,FeGe2,120
mp-504731,EuF2,66
mp-889,Cr3B4,300
mp-11517,NbRu3,271
mp-7818,Pd4Se,139
mp-446,Cr3Pt,247
mp-30882,TiZn2,106
mp-1580,NbN,305
mp-2310,CdO2,102
mp-30883,V4Zn5,125
mp-11566,ScZn,75
mp-8046,Ta4N5,294
mp-1018732,HoTe2,59
mp-13138,Cu3Sn,107
mp-1589,TiCr2,197
mp-776456,Ti2O3,214
mp-256,LaN,122
mp-1424,GePd,123
mp-12769,YSi2,85
mp-11514,NbPt2,245
mp-1989,Ta5Si3,215
mp-20828,Pt3Pb,172
mp-825,RuO2,257
mp-540,ScFe2,128
mp-556253,Tm2O3,158
mp-568656,SiC,213
mp-8615,NbBO4,259
mp-2059,NbAs,164
mp-1028,V3Te4,53
mp-15837,Nb5Se4,116
mp-8231,ZrSO,168
mp-1601,TaRu,252
mp-6914,CaGa,37
mp-2091,V3B2,256
mp-2827,YCo5,149
mp-12700,NbPt3,250
mp-27932,Li9Ge4,34
mp-2311,NbO,243
mp-11809,TiAl2,108
mp-27505,Fe3Sn2,106
mp-2097,SnO,44
mp-11714,SiC,214
mp-2701,NbN,315
mp-2361,Hf5Al3,112
mp-953,NbZn3,119
mp-7857,TiB,208
mp-7228,ReO2,277
mp-27148,BeP2,89
mp-1949,TiMn2,209
mp-11328,P2W,189
mp-22461,Fe3Sn,119
mp-9946,ZnS,70
mp-11209,AlAs,83
mp-2826,Lu2S3,77
mp-3205,CaCO3,81
mp-866134,VFe3,193
mp-1357,P3Rh,151
mp-21030,Ti3Sn,117
mp-449,Fe5Si3,185
mp-12071,Ti3As,126
mp-30536,V5Sb4,90
mp-11412,ScGa2,81
mp-20883,Fe3Sn,131
mp-7631,SiC,213
mp-12608,CuPt7,245
mp-2772,ZrAl2,113
mp-2033,Ni3N,197
mp-10052,TiAs,118
mp-2715,CoAs2,133
mp-2403,YPt3,172
mp-30778,Mg5Rh2,71
mp-10264,NiTe,37
mp-894,ZnPt,172
mp-697179,ZrH,115
mp-12070,CuAs,102
mp-15951,BeF2,20
mp-11411,ScGa,76
mp-30884,YZn3,72
mp-1020019,Li2PNO2,90
mp-7819,Pd4S,147
mp-1018100,AlSb,49
mp-23209,SrCl2,34
mp-3792,YAlO3,191
mp-8372,CaSi2,64
mp-1018107,ZrTe2,18
mp-24286,ZrH2,132
mp-17659,Mg23Al30,56
mp-7189,AlPd,148
mp-9208,V2B3,282
mp-20857,CoB,303
mp-14285,CoP2,165
mp-1982,Al21Pt8,133
mp-11870,Hg2Rh,88
mp-2258,Cu3Au,142
mp-763,MgB2,153
mp-22204,Co2P,232
mp-696746,B4C,227
mp-32880,CuBr,48
mp-2853,GaN,209
mp-8110,AlBO3,210
mp-160,B,212
mp-15621,AlSb,49
mp-1346,B6O,230
mp-755264,TiO,238
mp-6972,YCuO2,118
mp-2624,AlSb,49
mp-10015,SiOs,295
mp-9970,ScGe,89
mp-2410,SrAg5,60
mp-9486,K2AlF5,28
mp-252,BeTe,55
mp-2743,LiPd,73
mp-23870,NaH,22
mp-1008487,BW,341
mp-2851,VSb2,99
mp-755300,TiO,207
mp-8634,Mn,280
mp-2856,Mn4Al11,126
mp-22752,FeSn2,80
mp-7904,CdP4,55
mp-7498,Ti5Te4,66
mp-548,NbCr2,228
mp-1714,FeSi2,181
mp-7188,Al2Os,191
mp-20622,SiPd3,162
mp-7931,SrP,45
mp-2250,ZrNi2,164
mp-1330,AlN,255
mp-1935,BaMg2,22
mp-1339,NbIr3,313
mp-1700,AlN,195
mp-126,Pt,244
mp-30852,TiPt8,242
mp-274,Nb5Sb4,98
mp-21859,CuAs2,87
mp-728,Li2Pd,50
mp-10030,RuC,342
mp-891,TaNi3,219
mp-729,Cr3Si,249
mp-558733,SiO2,265
mp-738,Sb2Au,71
mp-30408,MgAu3,111
mp-253,ScCo2,142
mp-16886,CdAu,92
mp-3448,KMgF3,64
mp-203,NiTe,101
mp-1356,Sb2Pd,84
mp-2773,BeCo,195
mp-22568,V3Ga,168
mp-1221,V3Ge,184
mp-999485,ZnN,132
mp-6938,ZnRh,173
mp-3762,VCu3S4,39
mp-7092,TiSi,146
mp-510408,MnO2,174
mp-1042,HfSi,153
mp-1062,CeMg,67
mp-1047,Ca3N2,72
mp-22899,LiI,21
mp-12742,MgPd3,130
mp-786,MnSb,54
mp-782,Te2Pd,55
mp-1019584,CaAl2SiO6,131
mp-13178,AlN,209
mp-12648,Ti2Be17,127
mp-188,AlPt3,225
mp-22700,V3Se4,81
mp-1860,LaSi,69
mp-573,Ni3Se4,92
mp-32777,WO3,164
mp-715572,Fe2O3,178
mp-1096,CeS,87
mp-20683,Cu3Se2,75
mp-10649,Si,86
mp-1320,CeSe2,68
mp-34,Si,109
mp-504974,Fe2Mo3O8,148
mp-30336,Al4W,117
mp-1954,P3N5,154
mp-1705,Sb2O5,128
mp-775906,Y2O3,140
mp-776532,HfO2,221
mp-11800,Co3Se4,96
mp-1009594,Pr,32
mp-550,Al12Mo,91
mp-22309,CoSe2,99
mp-558852,FeF3,104
mp-715262,FeO,136
mp-684602,W2C,334
mp-775935,ZrO2,134
mp-168,Si,83
mp-10257,Ni,197
mp-72,Ti,113
mp-239,BaS3,33
mp-1022,K2S,19
mp-715590,WO3,171
mp-656887,Ni3O4,147
mp-635966,MoO2,90
mp-2746,MoC,335
mp-1403,Sm2S3,77
mp-753629,Zr2O,153
mp-754531,Al2O3,119
mp-1342,BaO,68
mp-136,Fe,294
mp-714961,Ni3O4,144
mp-2173,P2O5,48
mp-998866,C,331
mp-567907,P3N5,149
mp-2552,TeO3,97
mp-865212,Fe3Re,310
mp-971669,FeSb3,82
mp-975292,RbMoO3,159
mp-972845,SiMo,205
mp-91,W,304
mp-92,Si,108
mp-90,Cr,259
mp-1266,Na2Se,26
mp-9027,TiS2,47
mp-2452,P2O5,53
mp-995434,Fe11MoC4,194
mp-27953,Mo2N,302
mp-998968,TiMo,140
mp-1269,SmS,91
mp-1315,MgS,74
mp-1275,SiMo3,252
mp-84,Sn,46
mp-1672,CaS,57
mp-2286,Li2Se,34
mp-686969,Fe2O3,178
mp-705538,MoO3,91
mp-1018115,PbS,34
mp-2592,Si2Mo,207
mp-488,CuSe,66
mp-755769,ZrO2,160
mp-142,Ga,50
mp-1018028,TiS,142
mp-949028,Sn,32
mp-771798,WO3,49
mp-539,Ga2S3,32
mp-1938,Al2O3,231
mp-704419,CuO,179
mp-14024,Zr3O,132
mp-715482,MoO2,78
mp-4770,Na2SO4,43
mp-755759,ZrO2,217
mp-554462,TiS,140
mp-567313,Te,25
mp-13032,MgS,55
mp-1139,Co3Mo,260
mp-1019086,CN2,155
mp-14549,CuO,178
mp-755066,Al2O3,183
mp-6985,Ti,107
mp-55,Sn,48
mp-8566,Ag,86
mp-999549,WN2,362
mp-714969,MoO2,90
mp-30788,SnMo3,217
mp-1123,HgS,50
mp-2794,Fe5C2,234
mp-20901,NiSe2,77
mp-38970,Ga2Te3,22
mp-8640,Hf,101
mp-570002,C,311
mp-2237,TeO2,146
mp-741,HfO2,229
mp-13154,Fe3C,198
mp-556911,FeF2,98
mp-20483,Pb,37
mp-2371,Ga2Te5,16
mp-1933,Cu3N,116
mp-685097,HfO2,210
mp-1274,CoS,160
mp-999498,N2,276
mp-10760,MgSe,59
mp-771359,Cu2O3,159
mp-2231,SnS,26
mp-11506,Ni3Mo,230
mp-1868,VS,149
mp-638765,Al2O3,89
mp-510584,MoO3,52
mp-1081,V3S4,99
mp-226,FeS2,146
mp-648,Na2S,28
mp-11507,Ni4Mo,223
mp-2056,Ni3Se2,106
mp-557762,TiS,129
mp-752826,Al2O3,168
mp-8642,Re,363
mp-16220,Si,62
mp-12177,Te2O5,55
mp-12087,Cu2S,97
mp-975065,Re,364
mp-7761,Sb,65
mp-18773,WO3,65
mp-1087,SrS,47
mp-2070,CoS2,124
mp-782702,Ni5O6,132
mp-8,Re,365
mp-684679,Sb6O13,119
mp-565994,WO3,195
mp-4529,K2SO4,29
mp-4531,NaNO3,29
mp-2201,PbSe,47
mp-1922,RuSe2,138
mp-715434,NiO,184
mp-662,NiSe,119
mp-15651,NiSe,104
mp-1473,Fe7W6,271
mp-755175,Al2O3,192
mp-971,K2O,27
mp-628327,Fe2O3,164
mp-259,AlMo3,225
mp-2305,MoC,352
mp-989695,Cu,142
mp-2125,TeO2,27
mp-1253,BaSe,36
mp-2733,Al8Mo3,142
mp-704645,CuO,153
mp-1011375,CeSe2,69
mp-1008922,CuN,205
mp-1008682,TiS2,94
mp-1011377,CeSe2,59
mp-3497,FeCuS2,57
mp-541989,Na2CN2,44
mp-555370,V(MoS2)2,96
mp-559044,CuCSN,54
mp-568607,Al5Mo,121
mp-568936,Ag2Se,60
mp-568789,TiSe,114
mp-571053,Al5Mo,120
mp-571651,TiSe,106
mp-510404,GdSe,90
mp-571247,Al3Mo,136
mp-19019,NiMoO4,148
mp-19435,CoMoO4,141
mp-19679,Y2Mo2O7,177
mp-19421,FeWO4,142
mp-510456,Zr(MoO4)2,32
mp-19413,AlWO4,209
mp-18852,Na2MoO4,50
mp-640073,FeCuS2,53
mp-639789,Fe2Re3,251
mp-510588,Fe(SbO2)2,47
mp-675127,FeSbO4,185
mp-691107,FeOF,112
mp-756361,ZrSeO,122
mp-754954,Ag2Se,31
mp-756134,ZrSeO,144
mp-762920,FeOF,112
mp-763136,FeOF,137
mp-763330,FeOF,139
mp-763052,Fe2OF3,116
mp-763056,FeOF,142
mp-765125,FeOF,164
mp-765195,WO2F,95
mp-765315,FeO2F,93
mp-764716,Fe2OF3,118
mp-768030,FeOF,120
mp-764742,Fe2O3F,142
mp-765183,FeOF,67
mp-765184,W3O7F,230
mp-771456,TeWO6,85
mp-754403,ZrO2,175
mp-149,Si,83
mp-715460,CoO,129
mp-755089,ZrO2,152
mp-19443,WO3,202
mp-2352,Na2O,46
mp-557,TeO2,30
mp-784630,Ni2Mo,233
mp-782681,FeOF,126
mp-782682,FeOF,114
mp-25595,NiO2,105
mp-715923,WO3,205
mp-567397,W2C,336
mp-2034,W2C,335
mp-32662,WO3,151
mp-20862,CoSe2,106
mp-129,Mo,262
mp-24864,CoO,129
mp-2652,Y2O3,138
mp-19066,W3O8,253
mp-124,Ag,88
mp-2574,ZrO2,175
mp-2811,MoN,334
mp-153,Mg,37
mp-1522,FeS2,150
mp-3372,Rb2SO4,25
mp-19390,WO3,223
mp-8938,Si2Mo,208
mp-117,Sn,38
mp-103,Hf,108
mp-1509,Sn2S3,20
mp-510536,MoO2,221
mp-104,Sb,39
mp-21276,PbS,52
mp-19,Te,25
mp-754628,WN2,121
mp-1500,BaS,41
mp-102,Co,212
mp-618991,Cu2S,94
mp-2619,FeSb,96
mp-33,Ru,308
mp-775910,ZrO2,188
mp-230,SbO2,92
mp-676011,Si,68
mp-30,Cu,139
mp-146,V,179
mp-11334,W,299
mp-999200,Si,82
mp-1552,Mo2C,294
mp-510623,Fe3C,224
mp-20868,Fe2W,261
mp-886,Ga2O3,156
mp-19128,CoO,130
mp-550893,HfO2,248
mp-19306,Fe3O4,176
mp-715469,WO3,223
mp-23,Ni,198
mp-636289,WO3,196
mp-781777,FeO,124
mp-18856,MoO3,33
mp-566278,WO3,197
mp-2654,Al2S3,33
mp-756436,FeO,152
mp-28,Ce,39
mp-1023128,CuS,105
mp-760,FeSe2,118
mp-2672,K2O2,32
mp-2363,HfMo2,200
mp-21462,Eu,13
mp-1871,Fe2C,223
mp-2254,Al2O3,202
mp-754629,WN2,103
mp-1022728,Cu3O2,130
mp-18905,FeO,180
mp-165,Si,89
mp-46,Ti,113
mp-13136,WC,365
mp-8635,Zr,90
mp-594,NiS,136
mp-775907,Y2O3,130
mp-1565,ZrO2,235
mp-2858,ZrO2,188
mp-554609,VS,167
mp-559175,WO3,171
mp-24084,KH,14
mp-1068,CuS2,77
mp-775909,ZrO2,198
mp-2136,Sb2O3,22
mp-1332,Si3Mo5,242
mp-1045,Nd2O3,126
mp-555599,CuS,76
mvc-3489,Y2Fe2O7,167
mp-4533,Na2SiO3,62
mp-38725,NaBH4,19
mp-752467,NbO2F,103
mp-862361,Sc2NiOs,141
mp-5515,Li7MnN4,80
mp-864715,HfInCo2,160
mp-677105,Cu2GeSe3,60
