6-block periodic repeat unit for wurtzite superlattices along the [0001] direction,"GGA
Band gap (eV)"
AgI-AgI-AgI-AgI-AgI-AgI,1.38
AgI-AgI-AgI-AgI-AgI-CdTe,0.0
AgI-AgI-AgI-CdTe-CdTe-CdTe,0.0
AgI-AgI-CdTe-CdTe-InSb-InSb,0.0
AgI-AgI-CdTe-InSb-InSb-InSb,0.01
AgI-AgI-InSb-InSb-InSb-InSb,0.01
AgI-CdTe-CdTe-CdTe-CdTe-CdTe,0.01
AgI-CdTe-CdTe-CdTe-InSb-InSb,0.0
AgI-CdTe-InSb-InSb-InSb-InSb,0.0
AgI-InSb-InSb-InSb-InSb-InSb,0.01
AlAs-AlAs-AlAs-AlAs-AlAs-AlAs,1.69
AlAs-AlAs-AlAs-AlAs-AlAs-CdS,0.01
AlAs-AlAs-AlAs-AlAs-AlAs-CuBr,0.04
AlAs-AlAs-AlAs-AlAs-AlAs-GaAs,1.09
AlAs-AlAs-AlAs-AlAs-AlAs-ZnSe,0.0
AlAs-AlAs-AlAs-AlAs-CdS-CdS,0.0
AlAs-AlAs-AlAs-AlAs-CuBr-CuBr,0.02
AlAs-AlAs-AlAs-AlAs-CuBr-GaAs,0.0
AlAs-AlAs-AlAs-AlAs-CuBr-ZnSe,0.01
AlAs-AlAs-AlAs-AlAs-GaAs-CdS,0.02
AlAs-AlAs-AlAs-AlAs-ZnSe-GaAs,0.01
AlAs-AlAs-AlAs-CdS-CdS-CdS,0.0
AlAs-AlAs-AlAs-CuBr-CuBr-CuBr,0.01
AlAs-AlAs-AlAs-CuBr-CuBr-ZnSe,0.01
AlAs-AlAs-AlAs-CuBr-GaAs-GaAs,0.01
AlAs-AlAs-AlAs-CuBr-ZnSe-GaAs,0.01
AlAs-AlAs-AlAs-CuBr-ZnSe-ZnSe,0.0
AlAs-AlAs-AlAs-GaAs-CdS-CdS,0.0
AlAs-AlAs-AlAs-GaAs-GaAs-CdS,0.01
AlAs-AlAs-AlAs-GaAs-GaAs-GaAs,0.7
AlAs-AlAs-AlAs-ZnSe-GaAs-GaAs,0.0
AlAs-AlAs-AlAs-ZnSe-ZnSe-ZnSe,0.01
AlAs-AlAs-CdS-CdS-CdS-CdS,0.0
AlAs-AlAs-CuBr-CuBr-CuBr-CuBr,0.02
AlAs-AlAs-CuBr-CuBr-CuBr-GaAs,0.0
AlAs-AlAs-CuBr-CuBr-CuBr-ZnSe,0.01
AlAs-AlAs-CuBr-CuBr-GaAs-GaAs,0.0
AlAs-AlAs-CuBr-CuBr-ZnSe-GaAs,0.01
AlAs-AlAs-CuBr-GaAs-GaAs-GaAs,0.0
AlAs-AlAs-CuBr-ZnSe-GaAs-GaAs,0.01
AlAs-AlAs-CuBr-ZnSe-ZnSe-GaAs,0.01
AlAs-AlAs-CuBr-ZnSe-ZnSe-ZnSe,0.0
AlAs-AlAs-GaAs-CdS-CdS-CdS,0.0
AlAs-AlAs-GaAs-GaAs-CdS-CdS,0.01
AlAs-AlAs-GaAs-GaAs-GaAs-CdS,0.02
AlAs-AlAs-ZnSe-GaAs-GaAs-GaAs,0.0
AlAs-AlAs-ZnSe-ZnSe-GaAs-GaAs,0.0
AlAs-AlAs-ZnSe-ZnSe-ZnSe-GaAs,0.02
AlAs-CuBr-CuBr-CuBr-CuBr-CuBr,0.0
AlAs-CuBr-CuBr-CuBr-CuBr-GaAs,0.0
AlAs-CuBr-CuBr-CuBr-CuBr-ZnSe,0.0
AlAs-CuBr-CuBr-CuBr-GaAs-GaAs,0.0
AlAs-CuBr-CuBr-CuBr-ZnSe-GaAs,0.0
AlAs-CuBr-CuBr-ZnSe-GaAs-GaAs,0.01
AlAs-CuBr-CuBr-ZnSe-ZnSe-GaAs,0.01
AlAs-CuBr-CuBr-ZnSe-ZnSe-ZnSe,0.01
AlAs-CuBr-GaAs-GaAs-GaAs-GaAs,0.01
AlAs-CuBr-ZnSe-ZnSe-GaAs-GaAs,0.01
AlAs-CuBr-ZnSe-ZnSe-ZnSe-GaAs,0.0
AlAs-CuBr-ZnSe-ZnSe-ZnSe-ZnSe,0.0
AlAs-GaAs-CdS-CdS-CdS-CdS,0.0
AlAs-GaAs-GaAs-CdS-CdS-CdS,0.01
AlAs-GaAs-GaAs-GaAs-CdS-CdS,0.0
AlAs-GaAs-GaAs-GaAs-GaAs-CdS,0.0
AlAs-GaAs-GaAs-GaAs-GaAs-GaAs,0.33
AlAs-ZnSe-GaAs-GaAs-GaAs-GaAs,0.0
AlAs-ZnSe-ZnSe-GaAs-GaAs-GaAs,0.0
AlAs-ZnSe-ZnSe-ZnSe-ZnSe-GaAs,0.01
AlAs-ZnSe-ZnSe-ZnSe-ZnSe-ZnSe,0.0
AlN-AlN-AlN-AlN-AlN-AlN,4.11
AlN-AlN-AlN-AlN-AlN-SiC,0.29
AlN-AlN-AlN-SiC-SiC-SiC,0.01
AlN-AlN-SiC-SiC-SiC-SiC,0.04
AlN-SiC-SiC-SiC-SiC-SiC,0.01
AlP-AlP-AlP-AlP-AlP-CuBr,0.02
AlP-AlP-AlP-AlP-AlP-GaP,1.71
AlP-AlP-AlP-AlP-AlP-ZnS,0.01
AlP-AlP-AlP-AlP-AlP-ZnSe,0.0
AlP-AlP-AlP-AlP-CuBr-CuBr,0.04
AlP-AlP-AlP-AlP-CuBr-GaP,0.0
AlP-AlP-AlP-AlP-CuBr-ZnSe,0.02
AlP-AlP-AlP-AlP-ZnS-GaP,0.0
AlP-AlP-AlP-AlP-ZnS-ZnS,0.01
AlP-AlP-AlP-AlP-ZnSe-GaP,0.0
AlP-AlP-AlP-AlP-ZnSe-ZnSe,0.01
AlP-AlP-AlP-CuBr-CuBr-CuBr,0.0
AlP-AlP-AlP-CuBr-CuBr-ZnSe,0.0
AlP-AlP-AlP-CuBr-GaP-GaP,0.0
AlP-AlP-AlP-CuBr-ZnSe-GaP,0.01
AlP-AlP-AlP-ZnS-GaP-GaP,0.01
AlP-AlP-AlP-ZnS-ZnS-GaP,0.01
AlP-AlP-AlP-ZnS-ZnS-ZnS,0.02
AlP-AlP-AlP-ZnSe-GaP-GaP,0.02
AlP-AlP-AlP-ZnSe-ZnSe-GaP,0.01
AlP-AlP-AlP-ZnSe-ZnSe-ZnSe,0.01
AlP-AlP-CuBr-CuBr-CuBr-CuBr,0.0
AlP-AlP-CuBr-CuBr-CuBr-GaP,0.0
AlP-AlP-CuBr-CuBr-GaP-GaP,0.0
AlP-AlP-CuBr-CuBr-ZnSe-GaP,0.01
AlP-AlP-CuBr-CuBr-ZnSe-ZnSe,0.0
AlP-AlP-CuBr-GaP-GaP-GaP,0.01
AlP-AlP-CuBr-ZnSe-GaP-GaP,0.0
AlP-AlP-CuBr-ZnSe-ZnSe-GaP,0.01
AlP-AlP-CuBr-ZnSe-ZnSe-ZnSe,0.0
AlP-AlP-GaP-GaP-GaP-GaP,1.45
AlP-AlP-ZnS-ZnS-GaP-GaP,0.01
AlP-AlP-ZnS-ZnS-ZnS-GaP,0.02
AlP-AlP-ZnS-ZnS-ZnS-ZnS,0.01
AlP-AlP-ZnSe-GaP-GaP-GaP,0.0
AlP-AlP-ZnSe-ZnSe-GaP-GaP,0.0
AlP-AlP-ZnSe-ZnSe-ZnSe-GaP,0.01
AlP-CuBr-CuBr-CuBr-GaP-GaP,0.0
AlP-CuBr-CuBr-CuBr-ZnSe-ZnSe,0.0
AlP-CuBr-CuBr-GaP-GaP-GaP,0.01
AlP-CuBr-CuBr-ZnSe-GaP-GaP,0.0
AlP-CuBr-CuBr-ZnSe-ZnSe-GaP,0.02
AlP-CuBr-CuBr-ZnSe-ZnSe-ZnSe,0.01
AlP-CuBr-GaP-GaP-GaP-GaP,0.0
AlP-CuBr-ZnSe-GaP-GaP-GaP,0.0
AlP-CuBr-ZnSe-ZnSe-GaP-GaP,0.01
AlP-CuBr-ZnSe-ZnSe-ZnSe-GaP,0.0
AlP-CuBr-ZnSe-ZnSe-ZnSe-ZnSe,0.01
AlP-GaP-GaP-GaP-GaP-GaP,1.37
AlP-ZnS-GaP-GaP-GaP-GaP,0.01
AlP-ZnS-ZnS-GaP-GaP-GaP,0.0
AlP-ZnS-ZnS-ZnS-GaP-GaP,0.01
AlP-ZnS-ZnS-ZnS-ZnS-GaP,0.0
AlP-ZnS-ZnS-ZnS-ZnS-ZnS,0.01
AlP-ZnSe-GaP-GaP-GaP-GaP,0.01
AlP-ZnSe-ZnSe-GaP-GaP-GaP,0.0
AlP-ZnSe-ZnSe-ZnSe-GaP-GaP,0.01
AlP-ZnSe-ZnSe-ZnSe-ZnSe-GaP,0.01
AlP-ZnSe-ZnSe-ZnSe-ZnSe-ZnSe,0.0
AlSb-AlSb-AlSb-AlSb-AlSb-AlSb,0.95
AlSb-AlSb-AlSb-AlSb-AlSb-CdSe,0.0
AlSb-AlSb-AlSb-AlSb-AlSb-GaSb,0.48
AlSb-AlSb-AlSb-AlSb-AlSb-InAs,0.01
AlSb-AlSb-AlSb-AlSb-AlSb-ZnTe,0.01
AlSb-AlSb-AlSb-AlSb-CdSe-CdSe,0.0
AlSb-AlSb-AlSb-AlSb-CdSe-InAs,0.0
AlSb-AlSb-AlSb-AlSb-GaSb-CdSe,0.0
AlSb-AlSb-AlSb-AlSb-GaSb-GaSb,0.4
AlSb-AlSb-AlSb-AlSb-GaSb-InAs,0.0
AlSb-AlSb-AlSb-AlSb-InAs-InAs,0.0
AlSb-AlSb-AlSb-AlSb-ZnTe-CdSe,0.0
AlSb-AlSb-AlSb-AlSb-ZnTe-GaSb,0.01
AlSb-AlSb-AlSb-AlSb-ZnTe-InAs,0.0
AlSb-AlSb-AlSb-AlSb-ZnTe-ZnTe,0.02
AlSb-AlSb-AlSb-CdSe-CdSe-InAs,0.03
AlSb-AlSb-AlSb-CdSe-InAs-InAs,0.0
AlSb-AlSb-AlSb-GaSb-CdSe-CdSe,0.01
AlSb-AlSb-AlSb-GaSb-GaSb-GaSb,0.18
AlSb-AlSb-AlSb-GaSb-GaSb-InAs,0.0
AlSb-AlSb-AlSb-GaSb-InAs-InAs,0.0
AlSb-AlSb-AlSb-InAs-InAs-InAs,0.0
AlSb-AlSb-AlSb-ZnTe-CdSe-CdSe,0.01
AlSb-AlSb-AlSb-ZnTe-CdSe-InAs,0.0
AlSb-AlSb-AlSb-ZnTe-GaSb-CdSe,0.0
AlSb-AlSb-AlSb-ZnTe-GaSb-GaSb,0.0
AlSb-AlSb-AlSb-ZnTe-GaSb-InAs,0.0
AlSb-AlSb-AlSb-ZnTe-ZnTe-CdSe,0.01
AlSb-AlSb-AlSb-ZnTe-ZnTe-GaSb,0.0
AlSb-AlSb-AlSb-ZnTe-ZnTe-InAs,0.0
AlSb-AlSb-AlSb-ZnTe-ZnTe-ZnTe,0.03
AlSb-AlSb-CdSe-CdSe-CdSe-CdSe,0.0
AlSb-AlSb-CdSe-CdSe-InAs-InAs,0.0
AlSb-AlSb-CdSe-InAs-InAs-InAs,0.01
AlSb-AlSb-GaSb-CdSe-CdSe-CdSe,0.0
AlSb-AlSb-GaSb-CdSe-CdSe-InAs,0.0
AlSb-AlSb-GaSb-CdSe-InAs-InAs,0.0
AlSb-AlSb-GaSb-GaSb-CdSe-CdSe,0.01
AlSb-AlSb-GaSb-GaSb-GaSb-CdSe,0.0
AlSb-AlSb-GaSb-GaSb-GaSb-GaSb,0.07
AlSb-AlSb-GaSb-GaSb-GaSb-InAs,0.0
AlSb-AlSb-GaSb-GaSb-InAs-InAs,0.0
AlSb-AlSb-GaSb-InAs-InAs-InAs,0.0
AlSb-AlSb-InAs-InAs-InAs-InAs,0.01
AlSb-AlSb-ZnTe-GaSb-CdSe-CdSe,0.02
AlSb-AlSb-ZnTe-GaSb-GaSb-CdSe,0.0
AlSb-AlSb-ZnTe-GaSb-GaSb-InAs,0.0
AlSb-AlSb-ZnTe-GaSb-InAs-InAs,0.01
AlSb-AlSb-ZnTe-InAs-InAs-InAs,0.0
AlSb-AlSb-ZnTe-ZnTe-CdSe-CdSe,0.0
AlSb-AlSb-ZnTe-ZnTe-CdSe-InAs,0.0
AlSb-AlSb-ZnTe-ZnTe-GaSb-CdSe,0.01
AlSb-AlSb-ZnTe-ZnTe-GaSb-GaSb,0.0
AlSb-AlSb-ZnTe-ZnTe-GaSb-InAs,0.0
AlSb-AlSb-ZnTe-ZnTe-ZnTe-CdSe,0.01
AlSb-AlSb-ZnTe-ZnTe-ZnTe-GaSb,0.01
AlSb-AlSb-ZnTe-ZnTe-ZnTe-ZnTe,0.0
AlSb-CdSe-CdSe-CdSe-CdSe-CdSe,0.03
AlSb-CdSe-CdSe-CdSe-CdSe-InAs,0.01
AlSb-CdSe-CdSe-CdSe-InAs-InAs,0.01
AlSb-CdSe-InAs-InAs-InAs-InAs,0.0
AlSb-GaSb-CdSe-CdSe-CdSe-CdSe,0.0
AlSb-GaSb-CdSe-CdSe-CdSe-InAs,0.0
AlSb-GaSb-CdSe-CdSe-InAs-InAs,0.02
AlSb-GaSb-CdSe-InAs-InAs-InAs,0.0
AlSb-GaSb-GaSb-CdSe-CdSe-InAs,0.0
AlSb-GaSb-GaSb-GaSb-CdSe-CdSe,0.01
AlSb-GaSb-GaSb-GaSb-CdSe-InAs,0.01
AlSb-GaSb-GaSb-GaSb-GaSb-GaSb,0.03
AlSb-GaSb-GaSb-GaSb-GaSb-InAs,0.0
AlSb-GaSb-GaSb-GaSb-InAs-InAs,0.01
AlSb-GaSb-GaSb-InAs-InAs-InAs,0.0
AlSb-GaSb-InAs-InAs-InAs-InAs,0.0
AlSb-InAs-InAs-InAs-InAs-InAs,0.0
AlSb-ZnTe-CdSe-CdSe-CdSe-CdSe,0.05
AlSb-ZnTe-CdSe-CdSe-CdSe-InAs,0.01
AlSb-ZnTe-CdSe-CdSe-InAs-InAs,0.0
AlSb-ZnTe-CdSe-InAs-InAs-InAs,0.0
AlSb-ZnTe-GaSb-CdSe-CdSe-CdSe,0.0
AlSb-ZnTe-GaSb-CdSe-CdSe-InAs,0.0
AlSb-ZnTe-GaSb-GaSb-CdSe-CdSe,0.01
AlSb-ZnTe-GaSb-GaSb-GaSb-CdSe,0.0
AlSb-ZnTe-GaSb-GaSb-GaSb-GaSb,0.0
AlSb-ZnTe-GaSb-GaSb-GaSb-InAs,0.0
AlSb-ZnTe-ZnTe-CdSe-CdSe-CdSe,0.02
AlSb-ZnTe-ZnTe-CdSe-InAs-InAs,0.0
AlSb-ZnTe-ZnTe-GaSb-CdSe-CdSe,0.0
AlSb-ZnTe-ZnTe-GaSb-CdSe-InAs,0.0
AlSb-ZnTe-ZnTe-GaSb-GaSb-GaSb,0.01
AlSb-ZnTe-ZnTe-GaSb-GaSb-InAs,0.0
AlSb-ZnTe-ZnTe-GaSb-InAs-InAs,0.0
AlSb-ZnTe-ZnTe-InAs-InAs-InAs,0.0
AlSb-ZnTe-ZnTe-ZnTe-CdSe-CdSe,0.0
AlSb-ZnTe-ZnTe-ZnTe-CdSe-InAs,0.0
AlSb-ZnTe-ZnTe-ZnTe-InAs-InAs,0.01
AlSb-ZnTe-ZnTe-ZnTe-ZnTe-CdSe,0.0
AlSb-ZnTe-ZnTe-ZnTe-ZnTe-GaSb,0.0
AlSb-ZnTe-ZnTe-ZnTe-ZnTe-InAs,0.01
BAs-BAs-BAs-BAs-BAs-BAs,1.16
BeS-BAs-BAs-BAs-BAs-BAs,0.01
BeS-BeS-BAs-BAs-BAs-BAs,0.01
BeS-BeS-BeS-BAs-BAs-BAs,0.01
BeS-BeS-BeS-BeS-BAs-BAs,0.01
BeS-BeS-BeS-BeS-BeS-BAs,0.03
BeS-BeS-BeS-BeS-BeS-BeS,3.7
BeSe-BeSe-BeSe-BeSe-BeSe-BeSe,3.31
BeSe-BeSe-BeSe-BeSe-BeSe-CuCl,0.01
BeSe-BeSe-BeSe-BeSe-BeSe-InN,0.7
BeSe-BeSe-BeSe-CuCl-CuCl-CuCl,0.02
BeSe-BeSe-BeSe-InN-InN-InN,0.0
BeSe-BeSe-CuCl-CuCl-CuCl-CuCl,0.01
BeSe-BeSe-InN-InN-InN-InN,0.01
BeSe-CuCl-CuCl-CuCl-CuCl-CuCl,0.0
BeSe-InN-InN-InN-InN-InN,0.0
BeTe-AlAs-AlAs-AlAs-AlAs-CuBr,0.0
BeTe-AlAs-AlAs-AlAs-AlAs-GaAs,0.08
BeTe-AlAs-AlAs-AlAs-AlAs-ZnSe,0.0
BeTe-AlAs-AlAs-AlAs-CuBr-CuBr,0.0
BeTe-AlAs-AlAs-AlAs-CuBr-GaAs,0.01
BeTe-AlAs-AlAs-AlAs-CuBr-ZnSe,0.0
BeTe-AlAs-AlAs-AlAs-GaAs-GaAs,0.09
BeTe-AlAs-AlAs-AlAs-ZnSe-GaAs,0.0
BeTe-AlAs-AlAs-AlAs-ZnSe-ZnSe,0.0
BeTe-AlAs-AlAs-CuBr-CuBr-CuBr,0.0
BeTe-AlAs-AlAs-CuBr-GaAs-GaAs,0.0
BeTe-AlAs-AlAs-CuBr-ZnSe-GaAs,0.01
BeTe-AlAs-AlAs-GaAs-GaAs-GaAs,0.09
BeTe-AlAs-AlAs-ZnSe-ZnSe-GaAs,0.0
BeTe-AlAs-CuBr-CuBr-CuBr-GaAs,0.01
BeTe-AlAs-CuBr-CuBr-GaAs-GaAs,0.0
BeTe-AlAs-CuBr-CuBr-ZnSe-GaAs,0.0
BeTe-AlAs-CuBr-CuBr-ZnSe-ZnSe,0.0
BeTe-AlAs-CuBr-ZnSe-GaAs-GaAs,0.0
BeTe-AlAs-CuBr-ZnSe-ZnSe-ZnSe,0.0
BeTe-AlAs-GaAs-GaAs-GaAs-GaAs,0.0
BeTe-AlAs-ZnSe-GaAs-GaAs-GaAs,0.0
BeTe-AlAs-ZnSe-ZnSe-ZnSe-GaAs,0.0
BeTe-AlAs-ZnSe-ZnSe-ZnSe-ZnSe,0.01
BeTe-AlP-AlP-AlP-AlP-AlP,0.43
BeTe-AlP-AlP-AlP-AlP-CuBr,0.0
BeTe-AlP-AlP-AlP-AlP-ZnSe,0.0
BeTe-AlP-AlP-AlP-CuBr-CuBr,0.0
BeTe-AlP-AlP-AlP-CuBr-ZnSe,0.0
BeTe-AlP-AlP-AlP-GaP-GaP,0.25
BeTe-AlP-AlP-AlP-ZnSe-ZnSe,0.0
BeTe-AlP-AlP-CuBr-CuBr-CuBr,0.01
BeTe-AlP-AlP-CuBr-CuBr-GaP,0.01
BeTe-AlP-AlP-CuBr-CuBr-ZnSe,0.01
BeTe-AlP-AlP-CuBr-GaP-GaP,0.0
BeTe-AlP-AlP-CuBr-ZnSe-GaP,0.01
BeTe-AlP-AlP-CuBr-ZnSe-ZnSe,0.0
BeTe-AlP-AlP-GaP-GaP-GaP,0.3
BeTe-AlP-AlP-ZnSe-ZnSe-GaP,0.0
BeTe-AlP-AlP-ZnSe-ZnSe-ZnSe,0.01
BeTe-AlP-CuBr-CuBr-CuBr-ZnSe,0.0
BeTe-AlP-CuBr-CuBr-GaP-GaP,0.01
BeTe-AlP-CuBr-CuBr-ZnSe-GaP,0.01
BeTe-AlP-CuBr-GaP-GaP-GaP,0.0
BeTe-AlP-CuBr-ZnSe-GaP-GaP,0.01
BeTe-AlP-GaP-GaP-GaP-GaP,0.08
BeTe-AlP-ZnSe-ZnSe-GaP-GaP,0.01
BeTe-AlP-ZnSe-ZnSe-ZnSe-GaP,0.0
BeTe-AlP-ZnSe-ZnSe-ZnSe-ZnSe,0.39
BeTe-BeTe-AlAs-AlAs-AlAs-AlAs,0.0
BeTe-BeTe-AlAs-AlAs-AlAs-GaAs,0.0
BeTe-BeTe-AlAs-AlAs-AlAs-ZnSe,0.01
BeTe-BeTe-AlAs-AlAs-CuBr-CuBr,0.0
BeTe-BeTe-AlAs-AlAs-CuBr-GaAs,0.01
BeTe-BeTe-AlAs-AlAs-CuBr-ZnSe,0.0
BeTe-BeTe-AlAs-AlAs-ZnSe-GaAs,0.0
BeTe-BeTe-AlAs-AlAs-ZnSe-ZnSe,0.0
BeTe-BeTe-AlAs-CuBr-CuBr-CuBr,0.0
BeTe-BeTe-AlAs-CuBr-CuBr-ZnSe,0.0
BeTe-BeTe-AlAs-CuBr-GaAs-GaAs,0.0
BeTe-BeTe-AlAs-CuBr-ZnSe-GaAs,0.0
BeTe-BeTe-AlAs-CuBr-ZnSe-ZnSe,0.0
BeTe-BeTe-AlAs-GaAs-GaAs-GaAs,0.0
BeTe-BeTe-AlAs-ZnSe-GaAs-GaAs,0.0
BeTe-BeTe-AlAs-ZnSe-ZnSe-GaAs,0.01
BeTe-BeTe-AlAs-ZnSe-ZnSe-ZnSe,0.07
BeTe-BeTe-AlP-AlP-AlP-AlP,0.0
BeTe-BeTe-AlP-AlP-AlP-CuBr,0.0
BeTe-BeTe-AlP-AlP-AlP-GaP,0.0
BeTe-BeTe-AlP-AlP-AlP-ZnSe,0.0
BeTe-BeTe-AlP-AlP-CuBr-CuBr,0.01
BeTe-BeTe-AlP-AlP-CuBr-ZnSe,0.0
BeTe-BeTe-AlP-AlP-GaP-GaP,0.01
BeTe-BeTe-AlP-AlP-ZnSe-GaP,0.01
BeTe-BeTe-AlP-AlP-ZnSe-ZnSe,0.01
BeTe-BeTe-AlP-CuBr-CuBr-CuBr,0.01
BeTe-BeTe-AlP-CuBr-CuBr-GaP,0.01
BeTe-BeTe-AlP-CuBr-CuBr-ZnSe,0.01
BeTe-BeTe-AlP-CuBr-GaP-GaP,0.0
BeTe-BeTe-AlP-CuBr-ZnSe-GaP,0.0
BeTe-BeTe-AlP-CuBr-ZnSe-ZnSe,0.0
BeTe-BeTe-AlP-ZnSe-GaP-GaP,0.02
BeTe-BeTe-AlP-ZnSe-ZnSe-GaP,0.01
BeTe-BeTe-AlP-ZnSe-ZnSe-ZnSe,0.48
BeTe-BeTe-BeTe-AlAs-AlAs-AlAs,0.0
BeTe-BeTe-BeTe-AlAs-AlAs-ZnSe,0.0
BeTe-BeTe-BeTe-AlAs-CuBr-GaAs,0.01
BeTe-BeTe-BeTe-AlAs-CuBr-ZnSe,0.0
BeTe-BeTe-BeTe-AlAs-GaAs-GaAs,0.0
BeTe-BeTe-BeTe-AlAs-ZnSe-GaAs,0.05
BeTe-BeTe-BeTe-AlAs-ZnSe-ZnSe,0.05
BeTe-BeTe-BeTe-AlP-AlP-AlP,0.0
BeTe-BeTe-BeTe-AlP-AlP-GaP,0.01
BeTe-BeTe-BeTe-AlP-AlP-ZnSe,0.02
BeTe-BeTe-BeTe-AlP-CuBr-CuBr,0.01
BeTe-BeTe-BeTe-AlP-CuBr-GaP,0.01
BeTe-BeTe-BeTe-AlP-CuBr-ZnSe,0.01
BeTe-BeTe-BeTe-AlP-GaP-GaP,0.01
BeTe-BeTe-BeTe-BeTe-AlAs-CuBr,0.02
BeTe-BeTe-BeTe-BeTe-AlAs-GaAs,0.0
BeTe-BeTe-BeTe-BeTe-AlP-CuBr,0.01
BeTe-BeTe-BeTe-BeTe-AlP-GaP,0.01
BeTe-BeTe-BeTe-BeTe-AlP-ZnSe,0.46
BeTe-BeTe-BeTe-BeTe-BeTe-AlAs,0.61
BeTe-BeTe-BeTe-BeTe-BeTe-BeTe,2.25
BeTe-BeTe-BeTe-BeTe-BeTe-CuBr,0.0
BeTe-BeTe-BeTe-BeTe-BeTe-GaAs,0.47
BeTe-BeTe-BeTe-BeTe-BeTe-GaP,0.65
BeTe-BeTe-BeTe-BeTe-BeTe-ZnSe,1.48
BeTe-BeTe-BeTe-BeTe-CuBr-CuBr,0.01
BeTe-BeTe-BeTe-BeTe-CuBr-GaAs,0.0
BeTe-BeTe-BeTe-BeTe-CuBr-GaP,0.01
BeTe-BeTe-BeTe-BeTe-CuBr-ZnSe,0.01
BeTe-BeTe-BeTe-BeTe-GaAs-GaAs,0.01
BeTe-BeTe-BeTe-BeTe-GaP-GaP,0.0
BeTe-BeTe-BeTe-BeTe-ZnSe-GaAs,0.08
BeTe-BeTe-BeTe-BeTe-ZnSe-GaP,0.23
BeTe-BeTe-BeTe-BeTe-ZnSe-ZnSe,1.21
BeTe-BeTe-BeTe-CuBr-CuBr-GaAs,0.0
BeTe-BeTe-BeTe-CuBr-CuBr-GaP,0.01
BeTe-BeTe-BeTe-CuBr-CuBr-ZnSe,0.01
BeTe-BeTe-BeTe-CuBr-GaAs-GaAs,0.0
BeTe-BeTe-BeTe-CuBr-ZnSe-GaAs,0.0
BeTe-BeTe-BeTe-CuBr-ZnSe-GaP,0.0
BeTe-BeTe-BeTe-CuBr-ZnSe-ZnSe,0.0
BeTe-BeTe-BeTe-GaAs-GaAs-GaAs,0.01
BeTe-BeTe-BeTe-GaP-GaP-GaP,0.0
BeTe-BeTe-BeTe-ZnSe-GaAs-GaAs,0.01
BeTe-BeTe-BeTe-ZnSe-ZnSe-GaAs,0.01
BeTe-BeTe-BeTe-ZnSe-ZnSe-GaP,0.07
BeTe-BeTe-BeTe-ZnSe-ZnSe-ZnSe,0.95
BeTe-BeTe-CuBr-CuBr-CuBr-CuBr,0.0
BeTe-BeTe-CuBr-CuBr-CuBr-GaAs,0.0
BeTe-BeTe-CuBr-CuBr-CuBr-GaP,0.01
BeTe-BeTe-CuBr-CuBr-CuBr-ZnSe,0.0
BeTe-BeTe-CuBr-CuBr-GaAs-GaAs,0.01
BeTe-BeTe-CuBr-CuBr-GaP-GaP,0.0
BeTe-BeTe-CuBr-CuBr-ZnSe-GaAs,0.0
BeTe-BeTe-CuBr-CuBr-ZnSe-GaP,0.0
BeTe-BeTe-CuBr-CuBr-ZnSe-ZnSe,0.0
BeTe-BeTe-CuBr-GaAs-GaAs-GaAs,0.01
BeTe-BeTe-CuBr-ZnSe-GaAs-GaAs,0.01
BeTe-BeTe-CuBr-ZnSe-ZnSe-GaP,0.0
BeTe-BeTe-CuBr-ZnSe-ZnSe-ZnSe,0.0
BeTe-BeTe-GaAs-GaAs-GaAs-GaAs,0.01
BeTe-BeTe-ZnSe-GaAs-GaAs-GaAs,0.01
BeTe-BeTe-ZnSe-GaP-GaP-GaP,0.01
BeTe-BeTe-ZnSe-ZnSe-GaAs-GaAs,0.01
BeTe-BeTe-ZnSe-ZnSe-GaP-GaP,0.01
BeTe-BeTe-ZnSe-ZnSe-ZnSe-GaAs,0.01
BeTe-BeTe-ZnSe-ZnSe-ZnSe-GaP,0.01
BeTe-CuBr-CuBr-CuBr-CuBr-GaAs,0.0
BeTe-CuBr-CuBr-CuBr-CuBr-GaP,0.0
BeTe-CuBr-CuBr-CuBr-GaAs-GaAs,0.0
BeTe-CuBr-CuBr-CuBr-GaP-GaP,0.0
BeTe-CuBr-CuBr-CuBr-ZnSe-GaAs,0.0
BeTe-CuBr-CuBr-CuBr-ZnSe-GaP,0.01
BeTe-CuBr-CuBr-CuBr-ZnSe-ZnSe,0.0
BeTe-CuBr-CuBr-GaAs-GaAs-GaAs,0.0
BeTe-CuBr-CuBr-GaP-GaP-GaP,0.0
BeTe-CuBr-CuBr-ZnSe-GaAs-GaAs,0.0
BeTe-CuBr-CuBr-ZnSe-ZnSe-GaAs,0.01
BeTe-CuBr-CuBr-ZnSe-ZnSe-GaP,0.0
BeTe-CuBr-CuBr-ZnSe-ZnSe-ZnSe,0.0
BeTe-CuBr-GaAs-GaAs-GaAs-GaAs,0.0
BeTe-CuBr-GaP-GaP-GaP-GaP,0.01
BeTe-CuBr-ZnSe-GaAs-GaAs-GaAs,0.0
BeTe-CuBr-ZnSe-ZnSe-GaAs-GaAs,0.01
BeTe-CuBr-ZnSe-ZnSe-GaP-GaP,0.0
BeTe-CuBr-ZnSe-ZnSe-ZnSe-GaAs,0.01
BeTe-CuBr-ZnSe-ZnSe-ZnSe-GaP,0.0
BeTe-CuBr-ZnSe-ZnSe-ZnSe-ZnSe,0.01
BeTe-GaP-GaP-GaP-GaP-GaP,0.07
BeTe-ZnSe-GaAs-GaAs-GaAs-GaAs,0.0
BeTe-ZnSe-GaP-GaP-GaP-GaP,0.01
BeTe-ZnSe-ZnSe-GaP-GaP-GaP,0.01
BeTe-ZnSe-ZnSe-ZnSe-GaAs-GaAs,0.0
BeTe-ZnSe-ZnSe-ZnSe-ZnSe-GaP,0.01
BP-BP-BP-BP-BP-BP,1.1
BP-BP-BP-BP-BP-GaN,0.0
BP-BP-BP-BP-BP-ZnO,0.04
BP-BP-BP-BP-ZnO-GaN,0.0
BP-BP-BP-BP-ZnO-ZnO,0.01
BP-BP-BP-ZnO-GaN-GaN,0.0
BP-BP-BP-ZnO-ZnO-ZnO,0.01
BP-BP-GaN-GaN-GaN-GaN,0.0
BP-BP-ZnO-GaN-GaN-GaN,0.01
BP-BP-ZnO-ZnO-GaN-GaN,0.03
BP-BP-ZnO-ZnO-ZnO-ZnO,0.0
BP-ZnO-GaN-GaN-GaN-GaN,0.01
BP-ZnO-ZnO-GaN-GaN-GaN,0.0
BP-ZnO-ZnO-ZnO-GaN-GaN,0.0
BP-ZnO-ZnO-ZnO-ZnO-ZnO,0.03
CdS-CdS-CdS-CdS-CdS-CdS,1.09
CdS-CdS-CdS-CdS-InP-InP,0.0
CdS-CdS-InP-InP-InP-InP,0.0
CdS-InP-InP-InP-InP-InP,0.0
CdSe-CdSe-CdSe-CdSe-CdSe-CdSe,0.53
CdSe-CdSe-CdSe-CdSe-CdSe-InP,0.0
CdSe-CdSe-CdSe-CdSe-InAs-InAs,0.02
CdSe-CdSe-CdSe-CdSe-InP-InP,0.01
CdSe-CdSe-CdSe-InP-InP-InP,0.0
CdSe-CdSe-InAs-InAs-InAs-InAs,0.01
CdSe-CdSe-InP-InP-InP-InP,0.01
CdSe-InAs-InAs-InAs-InAs-InAs,0.03
CdTe-CdTe-CdTe-CdTe-CdTe-CdTe,0.61
CdTe-CdTe-CdTe-InSb-InSb-InSb,0.0
CdTe-InSb-InSb-InSb-InSb-InSb,0.01
CuBr-CuBr-CuBr-CuBr-CuBr-GaAs,0.01
CuBr-CuBr-CuBr-CuBr-CuBr-ZnSe,0.02
CuBr-CuBr-CuBr-CuBr-GaAs-GaAs,0.0
CuBr-CuBr-CuBr-CuBr-ZnSe-GaAs,0.0
CuBr-CuBr-CuBr-CuBr-ZnSe-GaP,0.0
CuBr-CuBr-CuBr-CuBr-ZnSe-ZnSe,0.0
CuBr-CuBr-CuBr-GaP-GaP-GaP,0.0
CuBr-CuBr-CuBr-ZnSe-GaAs-GaAs,0.0
CuBr-CuBr-CuBr-ZnSe-GaP-GaP,0.0
CuBr-CuBr-CuBr-ZnSe-ZnSe-GaAs,0.01
CuBr-CuBr-CuBr-ZnSe-ZnSe-GaP,0.0
CuBr-CuBr-CuBr-ZnSe-ZnSe-ZnSe,0.0
CuBr-CuBr-GaAs-GaAs-GaAs-GaAs,0.01
CuBr-CuBr-GaP-GaP-GaP-GaP,0.0
CuBr-CuBr-ZnSe-GaP-GaP-GaP,0.01
CuBr-CuBr-ZnSe-ZnSe-GaP-GaP,0.01
CuBr-CuBr-ZnSe-ZnSe-ZnSe-GaAs,0.01
CuBr-GaAs-GaAs-GaAs-GaAs-GaAs,0.01
CuBr-ZnSe-ZnSe-GaP-GaP-GaP,0.01
CuBr-ZnSe-ZnSe-ZnSe-GaAs-GaAs,0.0
CuBr-ZnSe-ZnSe-ZnSe-GaP-GaP,0.0
CuBr-ZnSe-ZnSe-ZnSe-ZnSe-GaAs,0.0
CuBr-ZnSe-ZnSe-ZnSe-ZnSe-GaP,0.03
CuCl-CuCl-CuCl-CuCl-CuCl-CuCl,0.6
CuCl-CuCl-CuCl-CuCl-CuCl-ZnS,0.02
CuCl-CuCl-CuCl-CuCl-ZnS-ZnS,0.01
CuCl-CuCl-ZnS-ZnS-ZnS-ZnS,0.01
CuCl-ZnS-ZnS-ZnS-ZnS-ZnS,0.0
CuI-CdS-CdS-CdS-CdS-CdS,0.0
CuI-CdS-CdS-CdS-InP-InP,0.0
CuI-CdS-InP-InP-InP-InP,0.01
CuI-CdSe-CdSe-CdSe-CdSe-CdSe,0.01
CuI-CdSe-CdSe-CdSe-CdSe-InP,0.0
CuI-CdSe-CdSe-CdSe-InP-InP,0.01
CuI-CdSe-CdSe-InP-InP-InP,0.0
CuI-CdSe-InP-InP-InP-InP,0.01
CuI-CuI-CdS-CdS-CdS-InP,0.0
CuI-CuI-CdS-CdS-InP-InP,0.0
CuI-CuI-CdS-InP-InP-InP,0.01
CuI-CuI-CdSe-CdSe-CdSe-CdSe,0.01
CuI-CuI-CdSe-CdSe-CdSe-InP,0.0
CuI-CuI-CdSe-InP-InP-InP,0.0
CuI-CuI-CuI-CdS-CdS-CdS,0.0
CuI-CuI-CuI-CdS-CdS-InP,0.01
CuI-CuI-CuI-CdS-InP-InP,0.01
CuI-CuI-CuI-CdSe-CdSe-CdSe,0.01
CuI-CuI-CuI-CdSe-CdSe-InP,0.0
CuI-CuI-CuI-CdSe-InP-InP,0.01
CuI-CuI-CuI-CuI-CdS-CdS,0.0
CuI-CuI-CuI-CuI-CdS-InP,0.01
CuI-CuI-CuI-CuI-CdSe-CdSe,0.0
CuI-CuI-CuI-CuI-CdSe-InP,0.01
CuI-CuI-CuI-CuI-CuI-CdS,0.0
CuI-CuI-CuI-CuI-CuI-CdSe,0.0
CuI-CuI-CuI-CuI-CuI-CuI,1.19
CuI-CuI-CuI-CuI-CuI-InP,0.01
CuI-CuI-CuI-CuI-CuI-ZnTe,0.0
CuI-CuI-CuI-CuI-InP-InP,0.0
CuI-CuI-CuI-CuI-ZnTe-CdSe,0.01
CuI-CuI-CuI-CuI-ZnTe-InP,0.01
CuI-CuI-CuI-CuI-ZnTe-ZnTe,0.01
CuI-CuI-CuI-InP-InP-InP,0.0
CuI-CuI-CuI-ZnTe-InP-InP,0.01
CuI-CuI-CuI-ZnTe-ZnTe-CdSe,0.0
CuI-CuI-CuI-ZnTe-ZnTe-InP,0.0
CuI-CuI-CuI-ZnTe-ZnTe-ZnTe,0.0
CuI-CuI-InP-InP-InP-InP,0.01
CuI-CuI-ZnTe-CdSe-CdSe-CdSe,0.0
CuI-CuI-ZnTe-CdSe-CdSe-InP,0.0
CuI-CuI-ZnTe-CdSe-InP-InP,0.0
CuI-CuI-ZnTe-ZnTe-CdSe-CdSe,0.01
CuI-CuI-ZnTe-ZnTe-CdSe-InP,0.01
CuI-CuI-ZnTe-ZnTe-InP-InP,0.0
CuI-CuI-ZnTe-ZnTe-ZnTe-CdSe,0.01
CuI-CuI-ZnTe-ZnTe-ZnTe-InP,0.01
CuI-InP-InP-InP-InP-InP,0.0
CuI-ZnTe-CdSe-CdSe-CdSe-CdSe,0.0
CuI-ZnTe-CdSe-CdSe-CdSe-InP,0.01
CuI-ZnTe-InP-InP-InP-InP,0.0
CuI-ZnTe-ZnTe-CdSe-CdSe-CdSe,0.0
CuI-ZnTe-ZnTe-CdSe-CdSe-InP,0.0
CuI-ZnTe-ZnTe-CdSe-InP-InP,0.01
CuI-ZnTe-ZnTe-ZnTe-CdSe-CdSe,0.0
CuI-ZnTe-ZnTe-ZnTe-CdSe-InP,0.0
CuI-ZnTe-ZnTe-ZnTe-InP-InP,0.01
CuI-ZnTe-ZnTe-ZnTe-ZnTe-CdSe,0.01
CuI-ZnTe-ZnTe-ZnTe-ZnTe-InP,0.01
CuI-ZnTe-ZnTe-ZnTe-ZnTe-ZnTe,0.0
GaAs-CdS-CdS-CdS-CdS-CdS,0.0
GaAs-GaAs-CdS-CdS-CdS-CdS,0.01
GaAs-GaAs-GaAs-CdS-CdS-CdS,0.0
GaAs-GaAs-GaAs-GaAs-CdS-CdS,0.01
GaAs-GaAs-GaAs-GaAs-GaAs-CdS,0.0
GaAs-GaAs-GaAs-GaAs-GaAs-GaAs,0.16
GaN-GaN-GaN-GaN-GaN-GaN,1.75
GaP-GaP-GaP-GaP-GaP-GaP,1.29
GaSb-CdSe-CdSe-CdSe-CdSe-CdSe,0.01
GaSb-CdSe-CdSe-CdSe-InAs-InAs,0.0
GaSb-CdSe-CdSe-InAs-InAs-InAs,0.0
GaSb-GaSb-CdSe-CdSe-CdSe-CdSe,0.01
GaSb-GaSb-CdSe-CdSe-CdSe-InAs,0.01
GaSb-GaSb-CdSe-InAs-InAs-InAs,0.0
GaSb-GaSb-GaSb-CdSe-CdSe-CdSe,0.01
GaSb-GaSb-GaSb-CdSe-CdSe-InAs,0.0
GaSb-GaSb-GaSb-GaSb-CdSe-CdSe,0.0
GaSb-GaSb-GaSb-GaSb-CdSe-InAs,0.0
GaSb-GaSb-GaSb-GaSb-GaSb-CdSe,0.0
GaSb-GaSb-GaSb-GaSb-GaSb-InAs,0.0
GaSb-GaSb-InAs-InAs-InAs-InAs,0.01
InAs-InAs-InAs-InAs-InAs-InAs,0.01
InN-InN-InN-InN-InN-InN,0.02
InP-InP-InP-InP-InP-InP,0.26
MgS-AlAs-AlAs-AlAs-AlAs-AlAs,0.01
MgS-AlAs-AlAs-AlAs-AlAs-CuBr,0.01
MgS-AlAs-AlAs-AlAs-AlAs-ZnSe,0.01
MgS-AlAs-AlAs-AlAs-CuBr-CuBr,0.0
MgS-AlAs-AlAs-AlAs-CuBr-GaAs,0.0
MgS-AlAs-AlAs-AlAs-ZnSe-GaAs,0.0
MgS-AlAs-AlAs-AlAs-ZnSe-ZnSe,0.0
MgS-AlAs-AlAs-CuBr-CuBr-GaAs,0.0
MgS-AlAs-AlAs-CuBr-CuBr-ZnSe,0.01
MgS-AlAs-AlAs-CuBr-GaAs-GaAs,0.0
MgS-AlAs-AlAs-CuBr-ZnSe-GaAs,0.0
MgS-AlAs-AlAs-CuBr-ZnSe-ZnSe,0.0
MgS-AlAs-AlAs-ZnSe-GaAs-GaAs,0.0
MgS-AlAs-AlAs-ZnSe-ZnSe-ZnSe,0.01
MgS-AlAs-CuBr-CuBr-CuBr-CuBr,0.01
MgS-AlAs-CuBr-CuBr-CuBr-ZnSe,0.03
MgS-AlAs-CuBr-CuBr-GaAs-GaAs,0.0
MgS-AlAs-CuBr-CuBr-ZnSe-GaAs,0.01
MgS-AlAs-CuBr-GaAs-GaAs-GaAs,0.01
MgS-AlAs-CuBr-ZnSe-GaAs-GaAs,0.0
MgS-AlAs-CuBr-ZnSe-ZnSe-GaAs,0.03
MgS-AlAs-CuBr-ZnSe-ZnSe-ZnSe,0.0
MgS-AlAs-GaAs-GaAs-GaAs-GaAs,0.02
MgS-AlAs-ZnSe-ZnSe-GaAs-GaAs,0.0
MgS-AlAs-ZnSe-ZnSe-ZnSe-GaAs,0.02
MgS-AlAs-ZnSe-ZnSe-ZnSe-ZnSe,0.01
MgS-AlP-AlP-AlP-AlP-AlP,0.02
MgS-AlP-AlP-AlP-AlP-CuBr,0.0
MgS-AlP-AlP-AlP-AlP-GaP,0.01
MgS-AlP-AlP-AlP-AlP-ZnSe,0.01
MgS-AlP-AlP-AlP-CuBr-CuBr,0.0
MgS-AlP-AlP-AlP-CuBr-GaP,0.01
MgS-AlP-AlP-AlP-CuBr-ZnSe,0.02
MgS-AlP-AlP-AlP-ZnSe-GaP,0.01
MgS-AlP-AlP-AlP-ZnSe-ZnSe,0.02
MgS-AlP-AlP-CuBr-CuBr-CuBr,0.01
MgS-AlP-AlP-CuBr-CuBr-GaP,0.0
MgS-AlP-AlP-CuBr-CuBr-ZnSe,0.01
MgS-AlP-AlP-CuBr-GaP-GaP,0.0
MgS-AlP-AlP-CuBr-ZnSe-GaP,0.0
MgS-AlP-AlP-CuBr-ZnSe-ZnSe,0.01
MgS-AlP-AlP-GaP-GaP-GaP,0.02
MgS-AlP-AlP-ZnSe-GaP-GaP,0.0
MgS-AlP-AlP-ZnSe-ZnSe-GaP,0.0
MgS-AlP-AlP-ZnSe-ZnSe-ZnSe,0.01
MgS-AlP-CuBr-CuBr-CuBr-CuBr,0.0
MgS-AlP-CuBr-CuBr-CuBr-GaP,0.01
MgS-AlP-CuBr-CuBr-CuBr-ZnSe,0.0
MgS-AlP-CuBr-CuBr-ZnSe-GaP,0.0
MgS-AlP-CuBr-CuBr-ZnSe-ZnSe,0.01
MgS-AlP-CuBr-GaP-GaP-GaP,0.0
MgS-AlP-CuBr-ZnSe-GaP-GaP,0.01
MgS-AlP-CuBr-ZnSe-ZnSe-ZnSe,0.03
MgS-AlP-GaP-GaP-GaP-GaP,0.0
MgS-AlP-ZnSe-ZnSe-GaP-GaP,0.0
MgS-AlP-ZnSe-ZnSe-ZnSe-GaP,0.0
MgS-BeTe-AlAs-AlAs-AlAs-AlAs,0.01
MgS-BeTe-AlAs-AlAs-AlAs-CuBr,0.01
MgS-BeTe-AlAs-AlAs-AlAs-GaAs,0.0
MgS-BeTe-AlAs-AlAs-AlAs-ZnSe,0.0
MgS-BeTe-AlAs-AlAs-CuBr-GaAs,0.01
MgS-BeTe-AlAs-AlAs-CuBr-ZnSe,0.01
MgS-BeTe-AlAs-AlAs-GaAs-GaAs,0.0
MgS-BeTe-AlAs-AlAs-ZnSe-GaAs,0.01
MgS-BeTe-AlAs-AlAs-ZnSe-ZnSe,0.02
MgS-BeTe-AlAs-CuBr-CuBr-CuBr,0.0
MgS-BeTe-AlAs-CuBr-CuBr-GaAs,0.01
MgS-BeTe-AlAs-CuBr-CuBr-ZnSe,0.01
MgS-BeTe-AlAs-CuBr-GaAs-GaAs,0.01
MgS-BeTe-AlAs-CuBr-ZnSe-GaAs,0.0
MgS-BeTe-AlAs-CuBr-ZnSe-ZnSe,0.01
MgS-BeTe-AlAs-GaAs-GaAs-GaAs,0.0
MgS-BeTe-AlAs-ZnSe-GaAs-GaAs,0.0
MgS-BeTe-AlAs-ZnSe-ZnSe-GaAs,0.0
MgS-BeTe-AlP-AlP-AlP-AlP,0.51
MgS-BeTe-AlP-AlP-AlP-CuBr,0.0
MgS-BeTe-AlP-AlP-AlP-GaP,0.35
MgS-BeTe-AlP-AlP-CuBr-ZnSe,0.0
MgS-BeTe-AlP-AlP-GaP-GaP,0.31
MgS-BeTe-AlP-CuBr-CuBr-CuBr,0.01
MgS-BeTe-AlP-CuBr-CuBr-GaP,0.01
MgS-BeTe-AlP-CuBr-CuBr-ZnSe,0.0
MgS-BeTe-AlP-CuBr-GaP-GaP,0.0
MgS-BeTe-AlP-CuBr-ZnSe-GaP,0.0
MgS-BeTe-AlP-CuBr-ZnSe-ZnSe,0.01
MgS-BeTe-AlP-GaP-GaP-GaP,0.11
MgS-BeTe-AlP-ZnSe-GaP-GaP,0.0
MgS-BeTe-AlP-ZnSe-ZnSe-GaP,0.01
MgS-BeTe-AlP-ZnSe-ZnSe-ZnSe,0.12
MgS-BeTe-BeTe-AlAs-AlAs-AlAs,0.01
MgS-BeTe-BeTe-AlAs-AlAs-CuBr,0.0
MgS-BeTe-BeTe-AlAs-AlAs-GaAs,0.0
MgS-BeTe-BeTe-AlAs-AlAs-ZnSe,0.01
MgS-BeTe-BeTe-AlAs-CuBr-CuBr,0.0
MgS-BeTe-BeTe-AlAs-CuBr-GaAs,0.01
MgS-BeTe-BeTe-AlAs-CuBr-ZnSe,0.0
MgS-BeTe-BeTe-AlAs-GaAs-GaAs,0.0
MgS-BeTe-BeTe-AlAs-ZnSe-GaAs,0.0
MgS-BeTe-BeTe-AlAs-ZnSe-ZnSe,0.01
MgS-BeTe-BeTe-AlP-AlP-AlP,0.0
MgS-BeTe-BeTe-AlP-AlP-CuBr,0.01
MgS-BeTe-BeTe-AlP-AlP-GaP,0.0
MgS-BeTe-BeTe-AlP-AlP-ZnSe,0.01
MgS-BeTe-BeTe-AlP-CuBr-CuBr,0.0
MgS-BeTe-BeTe-AlP-CuBr-GaP,0.0
MgS-BeTe-BeTe-AlP-CuBr-ZnSe,0.0
MgS-BeTe-BeTe-AlP-GaP-GaP,0.02
MgS-BeTe-BeTe-AlP-ZnSe-GaP,0.01
MgS-BeTe-BeTe-AlP-ZnSe-ZnSe,0.47
MgS-BeTe-BeTe-BeTe-AlAs-AlAs,0.0
MgS-BeTe-BeTe-BeTe-AlAs-GaAs,0.0
MgS-BeTe-BeTe-BeTe-AlAs-ZnSe,0.03
MgS-BeTe-BeTe-BeTe-AlP-AlP,0.01
MgS-BeTe-BeTe-BeTe-AlP-CuBr,0.0
MgS-BeTe-BeTe-BeTe-AlP-GaP,0.0
MgS-BeTe-BeTe-BeTe-BeTe-AlAs,0.13
MgS-BeTe-BeTe-BeTe-BeTe-AlP,0.63
MgS-BeTe-BeTe-BeTe-BeTe-BeTe,0.87
MgS-BeTe-BeTe-BeTe-BeTe-CuBr,0.0
MgS-BeTe-BeTe-BeTe-BeTe-GaAs,0.0
MgS-BeTe-BeTe-BeTe-BeTe-ZnSe,1.09
MgS-BeTe-BeTe-BeTe-CuBr-GaAs,0.02
MgS-BeTe-BeTe-BeTe-CuBr-GaP,0.0
MgS-BeTe-BeTe-BeTe-CuBr-ZnSe,0.0
MgS-BeTe-BeTe-BeTe-GaAs-GaAs,0.01
MgS-BeTe-BeTe-BeTe-GaP-GaP,0.01
MgS-BeTe-BeTe-BeTe-ZnSe-GaP,0.0
MgS-BeTe-BeTe-BeTe-ZnSe-ZnSe,0.88
MgS-BeTe-BeTe-CuBr-CuBr-CuBr,0.02
MgS-BeTe-BeTe-CuBr-CuBr-GaP,0.0
MgS-BeTe-BeTe-CuBr-CuBr-ZnSe,0.0
MgS-BeTe-BeTe-CuBr-GaAs-GaAs,0.01
MgS-BeTe-BeTe-CuBr-GaP-GaP,0.02
MgS-BeTe-BeTe-GaAs-GaAs-GaAs,0.01
MgS-BeTe-BeTe-GaP-GaP-GaP,0.01
MgS-BeTe-BeTe-ZnSe-GaAs-GaAs,0.01
MgS-BeTe-BeTe-ZnSe-GaP-GaP,0.0
MgS-BeTe-BeTe-ZnSe-ZnSe-GaAs,0.0
MgS-BeTe-BeTe-ZnSe-ZnSe-GaP,0.0
MgS-BeTe-BeTe-ZnSe-ZnSe-ZnSe,0.73
MgS-BeTe-CuBr-CuBr-CuBr-CuBr,0.01
MgS-BeTe-CuBr-CuBr-CuBr-GaAs,0.01
MgS-BeTe-CuBr-CuBr-CuBr-GaP,0.01
MgS-BeTe-CuBr-CuBr-CuBr-ZnSe,0.0
MgS-BeTe-CuBr-CuBr-GaAs-GaAs,0.01
MgS-BeTe-CuBr-CuBr-ZnSe-GaP,0.0
MgS-BeTe-CuBr-CuBr-ZnSe-ZnSe,0.01
MgS-BeTe-CuBr-GaAs-GaAs-GaAs,0.01
MgS-BeTe-CuBr-GaP-GaP-GaP,0.01
MgS-BeTe-CuBr-ZnSe-GaAs-GaAs,0.0
MgS-BeTe-CuBr-ZnSe-GaP-GaP,0.0
MgS-BeTe-CuBr-ZnSe-ZnSe-GaAs,0.01
MgS-BeTe-CuBr-ZnSe-ZnSe-GaP,0.01
MgS-BeTe-GaAs-GaAs-GaAs-GaAs,0.0
MgS-BeTe-ZnSe-GaAs-GaAs-GaAs,0.01
MgS-BeTe-ZnSe-GaP-GaP-GaP,0.02
MgS-BeTe-ZnSe-ZnSe-GaAs-GaAs,0.0
MgS-BeTe-ZnSe-ZnSe-GaP-GaP,0.0
MgS-BeTe-ZnSe-ZnSe-ZnSe-ZnSe,0.64
MgS-CuBr-CuBr-CuBr-CuBr-GaP,0.0
MgS-CuBr-CuBr-CuBr-GaAs-GaAs,0.01
MgS-CuBr-CuBr-CuBr-GaP-GaP,0.01
MgS-CuBr-CuBr-CuBr-ZnSe-GaAs,0.0
MgS-CuBr-CuBr-CuBr-ZnSe-GaP,0.0
MgS-CuBr-CuBr-CuBr-ZnSe-ZnSe,0.01
MgS-CuBr-CuBr-GaAs-GaAs-GaAs,0.0
MgS-CuBr-CuBr-GaP-GaP-GaP,0.01
MgS-CuBr-CuBr-ZnSe-GaAs-GaAs,0.01
MgS-CuBr-CuBr-ZnSe-GaP-GaP,0.01
MgS-CuBr-CuBr-ZnSe-ZnSe-GaAs,0.02
MgS-CuBr-CuBr-ZnSe-ZnSe-GaP,0.02
MgS-CuBr-GaAs-GaAs-GaAs-GaAs,0.02
MgS-CuBr-GaP-GaP-GaP-GaP,0.02
MgS-CuBr-ZnSe-GaAs-GaAs-GaAs,0.0
MgS-CuBr-ZnSe-GaP-GaP-GaP,0.0
MgS-CuBr-ZnSe-ZnSe-GaAs-GaAs,0.01
MgS-CuBr-ZnSe-ZnSe-GaP-GaP,0.01
MgS-GaAs-GaAs-GaAs-GaAs-GaAs,0.01
MgS-MgS-AlAs-AlAs-AlAs-CuBr,0.0
MgS-MgS-AlAs-AlAs-AlAs-GaAs,0.01
MgS-MgS-AlAs-AlAs-AlAs-ZnSe,0.0
MgS-MgS-AlAs-AlAs-CuBr-CuBr,0.01
MgS-MgS-AlAs-AlAs-CuBr-ZnSe,0.0
MgS-MgS-AlAs-AlAs-GaAs-GaAs,0.01
MgS-MgS-AlAs-AlAs-ZnSe-ZnSe,0.0
MgS-MgS-AlAs-CuBr-CuBr-CuBr,0.02
MgS-MgS-AlAs-CuBr-CuBr-GaAs,0.0
MgS-MgS-AlAs-CuBr-GaAs-GaAs,0.0
MgS-MgS-AlAs-CuBr-ZnSe-GaAs,0.01
MgS-MgS-AlAs-CuBr-ZnSe-ZnSe,0.03
MgS-MgS-AlAs-GaAs-GaAs-GaAs,0.0
MgS-MgS-AlAs-ZnSe-ZnSe-GaAs,0.01
MgS-MgS-AlAs-ZnSe-ZnSe-ZnSe,0.0
MgS-MgS-AlP-AlP-AlP-AlP,0.0
MgS-MgS-AlP-AlP-AlP-CuBr,0.0
MgS-MgS-AlP-AlP-AlP-GaP,0.01
MgS-MgS-AlP-AlP-AlP-ZnSe,0.01
MgS-MgS-AlP-AlP-CuBr-CuBr,0.01
MgS-MgS-AlP-AlP-CuBr-GaP,0.0
MgS-MgS-AlP-AlP-CuBr-ZnSe,0.01
MgS-MgS-AlP-AlP-GaP-GaP,0.01
MgS-MgS-AlP-AlP-ZnSe-GaP,0.01
MgS-MgS-AlP-AlP-ZnSe-ZnSe,0.01
MgS-MgS-AlP-CuBr-CuBr-CuBr,0.0
MgS-MgS-AlP-CuBr-CuBr-GaP,0.0
MgS-MgS-AlP-CuBr-CuBr-ZnSe,0.01
MgS-MgS-AlP-CuBr-GaP-GaP,0.0
MgS-MgS-AlP-CuBr-ZnSe-GaP,0.0
MgS-MgS-AlP-CuBr-ZnSe-ZnSe,0.02
MgS-MgS-AlP-GaP-GaP-GaP,0.0
MgS-MgS-AlP-ZnSe-GaP-GaP,0.01
MgS-MgS-AlP-ZnSe-ZnSe-GaP,0.06
MgS-MgS-AlP-ZnSe-ZnSe-ZnSe,0.01
MgS-MgS-BeTe-AlAs-AlAs-CuBr,0.0
MgS-MgS-BeTe-AlAs-AlAs-GaAs,0.01
MgS-MgS-BeTe-AlAs-AlAs-ZnSe,0.04
MgS-MgS-BeTe-AlAs-CuBr-CuBr,0.0
MgS-MgS-BeTe-AlAs-CuBr-GaAs,0.01
MgS-MgS-BeTe-AlAs-CuBr-ZnSe,0.0
MgS-MgS-BeTe-AlAs-GaAs-GaAs,0.0
MgS-MgS-BeTe-AlAs-ZnSe-GaAs,0.0
MgS-MgS-BeTe-AlAs-ZnSe-ZnSe,0.01
MgS-MgS-BeTe-AlP-AlP-AlP,0.0
MgS-MgS-BeTe-AlP-AlP-CuBr,0.0
MgS-MgS-BeTe-AlP-AlP-GaP,0.0
MgS-MgS-BeTe-AlP-AlP-ZnSe,0.0
MgS-MgS-BeTe-AlP-CuBr-CuBr,0.0
MgS-MgS-BeTe-AlP-CuBr-ZnSe,0.0
MgS-MgS-BeTe-AlP-GaP-GaP,0.0
MgS-MgS-BeTe-AlP-ZnSe-ZnSe,0.19
MgS-MgS-BeTe-BeTe-AlAs-AlAs,0.0
MgS-MgS-BeTe-BeTe-AlAs-CuBr,0.0
MgS-MgS-BeTe-BeTe-AlAs-GaAs,0.0
MgS-MgS-BeTe-BeTe-AlAs-ZnSe,0.08
MgS-MgS-BeTe-BeTe-AlP-AlP,0.0
MgS-MgS-BeTe-BeTe-AlP-CuBr,0.0
MgS-MgS-BeTe-BeTe-AlP-ZnSe,0.47
MgS-MgS-BeTe-BeTe-BeTe-AlAs,0.16
MgS-MgS-BeTe-BeTe-BeTe-GaAs,0.0
MgS-MgS-BeTe-BeTe-BeTe-GaP,0.46
MgS-MgS-BeTe-BeTe-CuBr-GaAs,0.01
MgS-MgS-BeTe-BeTe-CuBr-GaP,0.0
MgS-MgS-BeTe-BeTe-CuBr-ZnSe,0.0
MgS-MgS-BeTe-BeTe-GaP-GaP,0.0
MgS-MgS-BeTe-BeTe-ZnSe-GaAs,0.0
MgS-MgS-BeTe-BeTe-ZnSe-GaP,0.01
MgS-MgS-BeTe-BeTe-ZnSe-ZnSe,0.88
MgS-MgS-BeTe-CuBr-CuBr-CuBr,0.01
MgS-MgS-BeTe-CuBr-CuBr-GaAs,0.01
MgS-MgS-BeTe-CuBr-CuBr-GaP,0.01
MgS-MgS-BeTe-CuBr-CuBr-ZnSe,0.0
MgS-MgS-BeTe-CuBr-GaP-GaP,0.01
MgS-MgS-BeTe-CuBr-ZnSe-GaAs,0.0
MgS-MgS-BeTe-CuBr-ZnSe-GaP,0.01
MgS-MgS-BeTe-CuBr-ZnSe-ZnSe,0.01
MgS-MgS-BeTe-GaP-GaP-GaP,0.0
MgS-MgS-BeTe-ZnSe-GaP-GaP,0.02
MgS-MgS-BeTe-ZnSe-ZnSe-GaAs,0.0
MgS-MgS-BeTe-ZnSe-ZnSe-GaP,0.0
MgS-MgS-BeTe-ZnSe-ZnSe-ZnSe,0.76
MgS-MgS-CuBr-CuBr-CuBr-CuBr,0.0
MgS-MgS-CuBr-CuBr-CuBr-GaAs,0.02
MgS-MgS-CuBr-CuBr-CuBr-GaP,0.01
MgS-MgS-CuBr-CuBr-GaAs-GaAs,0.01
MgS-MgS-CuBr-CuBr-GaP-GaP,0.0
MgS-MgS-CuBr-CuBr-ZnSe-GaAs,0.0
MgS-MgS-CuBr-CuBr-ZnSe-GaP,0.01
MgS-MgS-CuBr-CuBr-ZnSe-ZnSe,0.01
MgS-MgS-CuBr-GaAs-GaAs-GaAs,0.01
MgS-MgS-CuBr-GaP-GaP-GaP,0.0
MgS-MgS-CuBr-ZnSe-GaAs-GaAs,0.0
MgS-MgS-CuBr-ZnSe-GaP-GaP,0.02
MgS-MgS-CuBr-ZnSe-ZnSe-GaAs,0.0
MgS-MgS-CuBr-ZnSe-ZnSe-GaP,0.02
MgS-MgS-CuBr-ZnSe-ZnSe-ZnSe,0.02
MgS-MgS-GaAs-GaAs-GaAs-GaAs,0.0
MgS-MgS-GaP-GaP-GaP-GaP,0.0
MgS-MgS-MgS-AlAs-AlAs-AlAs,0.0
MgS-MgS-MgS-AlAs-AlAs-CuBr,0.02
MgS-MgS-MgS-AlAs-AlAs-GaAs,0.0
MgS-MgS-MgS-AlAs-AlAs-ZnSe,0.0
MgS-MgS-MgS-AlAs-CuBr-CuBr,0.01
MgS-MgS-MgS-AlAs-CuBr-GaAs,0.02
MgS-MgS-MgS-AlAs-CuBr-ZnSe,0.0
MgS-MgS-MgS-AlAs-GaAs-GaAs,0.01
MgS-MgS-MgS-AlAs-ZnSe-GaAs,0.01
MgS-MgS-MgS-AlAs-ZnSe-ZnSe,0.01
MgS-MgS-MgS-AlP-AlP-AlP,0.03
MgS-MgS-MgS-AlP-AlP-GaP,0.02
MgS-MgS-MgS-AlP-AlP-ZnSe,0.01
MgS-MgS-MgS-AlP-CuBr-GaP,0.02
MgS-MgS-MgS-AlP-GaP-GaP,0.01
MgS-MgS-MgS-AlP-ZnSe-GaP,0.0
MgS-MgS-MgS-AlP-ZnSe-ZnSe,0.01
MgS-MgS-MgS-BeTe-AlAs-AlAs,0.02
MgS-MgS-MgS-BeTe-AlAs-GaAs,0.01
MgS-MgS-MgS-BeTe-AlAs-ZnSe,0.01
MgS-MgS-MgS-BeTe-AlP-GaP,0.01
MgS-MgS-MgS-BeTe-AlP-ZnSe,0.21
MgS-MgS-MgS-BeTe-BeTe-AlAs,0.22
MgS-MgS-MgS-BeTe-BeTe-AlP,0.71
MgS-MgS-MgS-BeTe-BeTe-BeTe,1.06
MgS-MgS-MgS-BeTe-BeTe-CuBr,0.0
MgS-MgS-MgS-BeTe-BeTe-GaAs,0.06
MgS-MgS-MgS-BeTe-BeTe-GaP,0.51
MgS-MgS-MgS-BeTe-CuBr-CuBr,0.01
MgS-MgS-MgS-BeTe-CuBr-GaP,0.0
MgS-MgS-MgS-BeTe-GaAs-GaAs,0.01
MgS-MgS-MgS-BeTe-GaP-GaP,0.01
MgS-MgS-MgS-BeTe-ZnSe-GaAs,0.0
MgS-MgS-MgS-BeTe-ZnSe-GaP,0.01
MgS-MgS-MgS-BeTe-ZnSe-ZnSe,0.87
MgS-MgS-MgS-CuBr-CuBr-CuBr,0.02
MgS-MgS-MgS-CuBr-CuBr-GaP,0.0
MgS-MgS-MgS-CuBr-GaP-GaP,0.0
MgS-MgS-MgS-CuBr-ZnSe-GaAs,0.0
MgS-MgS-MgS-CuBr-ZnSe-GaP,0.0
MgS-MgS-MgS-CuBr-ZnSe-ZnSe,0.02
MgS-MgS-MgS-GaAs-GaAs-GaAs,0.01
MgS-MgS-MgS-GaP-GaP-GaP,0.01
MgS-MgS-MgS-MgS-AlAs-AlAs,0.01
MgS-MgS-MgS-MgS-AlAs-GaAs,0.02
MgS-MgS-MgS-MgS-AlP-AlP,0.02
MgS-MgS-MgS-MgS-AlP-CuBr,0.02
MgS-MgS-MgS-MgS-AlP-GaP,0.02
MgS-MgS-MgS-MgS-BeTe-AlAs,0.0
MgS-MgS-MgS-MgS-BeTe-BeTe,1.05
MgS-MgS-MgS-MgS-BeTe-CuBr,0.0
MgS-MgS-MgS-MgS-BeTe-GaAs,0.0
MgS-MgS-MgS-MgS-BeTe-GaP,0.5
MgS-MgS-MgS-MgS-BeTe-ZnSe,1.14
MgS-MgS-MgS-MgS-CuBr-CuBr,0.01
MgS-MgS-MgS-MgS-CuBr-GaAs,0.0
MgS-MgS-MgS-MgS-CuBr-GaP,0.0
MgS-MgS-MgS-MgS-CuBr-ZnSe,0.0
MgS-MgS-MgS-MgS-GaAs-GaAs,0.01
MgS-MgS-MgS-MgS-GaP-GaP,0.01
MgS-MgS-MgS-MgS-MgS-AlAs,0.01
MgS-MgS-MgS-MgS-MgS-AlP,0.0
MgS-MgS-MgS-MgS-MgS-BeTe,1.04
MgS-MgS-MgS-MgS-MgS-MgS,3.39
MgS-MgS-MgS-MgS-MgS-ZnSe,2.19
MgS-MgS-MgS-MgS-ZnSe-GaP,0.0
MgS-MgS-MgS-MgS-ZnSe-ZnSe,1.79
MgS-MgS-MgS-ZnSe-GaAs-GaAs,0.01
MgS-MgS-MgS-ZnSe-ZnSe-GaAs,0.0
MgS-MgS-MgS-ZnSe-ZnSe-GaP,0.01
MgS-MgS-MgS-ZnSe-ZnSe-ZnSe,1.57
MgS-MgS-ZnSe-GaAs-GaAs-GaAs,0.0
MgS-MgS-ZnSe-ZnSe-GaAs-GaAs,0.0
MgS-MgS-ZnSe-ZnSe-GaP-GaP,0.01
MgS-MgS-ZnSe-ZnSe-ZnSe-GaAs,0.0
MgS-MgS-ZnSe-ZnSe-ZnSe-GaP,0.0
MgS-MgS-ZnSe-ZnSe-ZnSe-ZnSe,1.41
MgS-ZnSe-GaAs-GaAs-GaAs-GaAs,0.01
MgS-ZnSe-GaP-GaP-GaP-GaP,0.0
MgS-ZnSe-ZnSe-GaAs-GaAs-GaAs,0.01
MgS-ZnSe-ZnSe-GaP-GaP-GaP,0.01
MgS-ZnSe-ZnSe-ZnSe-GaAs-GaAs,0.01
MgS-ZnSe-ZnSe-ZnSe-ZnSe-GaP,0.0
ZnO-GaN-GaN-GaN-GaN-GaN,0.01
ZnO-ZnO-ZnO-GaN-GaN-GaN,0.01
ZnO-ZnO-ZnO-ZnO-GaN-GaN,0.01
ZnO-ZnO-ZnO-ZnO-ZnO-GaN,0.0
ZnO-ZnO-ZnO-ZnO-ZnO-ZnO,0.76
ZnS-GaP-GaP-GaP-GaP-GaP,0.01
ZnS-ZnS-GaP-GaP-GaP-GaP,0.0
ZnS-ZnS-ZnS-GaP-GaP-GaP,0.01
ZnS-ZnS-ZnS-ZnS-GaP-GaP,0.01
ZnS-ZnS-ZnS-ZnS-ZnS-GaP,0.01
ZnS-ZnS-ZnS-ZnS-ZnS-ZnS,2.07
ZnSe-GaP-GaP-GaP-GaP-GaP,0.0
ZnSe-ZnSe-GaAs-GaAs-GaAs-GaAs,0.0
ZnSe-ZnSe-GaP-GaP-GaP-GaP,0.0
ZnSe-ZnSe-ZnSe-GaAs-GaAs-GaAs,0.0
ZnSe-ZnSe-ZnSe-ZnSe-GaAs-GaAs,0.01
ZnSe-ZnSe-ZnSe-ZnSe-ZnSe-GaAs,0.0
ZnSe-ZnSe-ZnSe-ZnSe-ZnSe-GaP,0.01
ZnSe-ZnSe-ZnSe-ZnSe-ZnSe-ZnSe,1.18
ZnTe-CdSe-CdSe-CdSe-CdSe-CdSe,0.02
ZnTe-CdSe-CdSe-CdSe-CdSe-InP,0.0
ZnTe-CdSe-CdSe-CdSe-InAs-InAs,0.01
ZnTe-CdSe-CdSe-CdSe-InP-InP,0.0
ZnTe-CdSe-CdSe-InAs-InAs-InAs,0.0
ZnTe-CdSe-CdSe-InP-InP-InP,0.01
ZnTe-CdSe-InAs-InAs-InAs-InAs,0.0
ZnTe-CdSe-InP-InP-InP-InP,0.0
ZnTe-GaSb-CdSe-CdSe-CdSe-CdSe,0.0
ZnTe-GaSb-CdSe-CdSe-InAs-InAs,0.0
ZnTe-GaSb-CdSe-InAs-InAs-InAs,0.0
ZnTe-GaSb-GaSb-CdSe-CdSe-CdSe,0.01
ZnTe-GaSb-GaSb-CdSe-CdSe-InAs,0.0
ZnTe-GaSb-GaSb-CdSe-InAs-InAs,0.01
ZnTe-GaSb-GaSb-GaSb-CdSe-CdSe,0.01
ZnTe-GaSb-GaSb-GaSb-GaSb-GaSb,0.0
ZnTe-GaSb-GaSb-GaSb-InAs-InAs,0.0
ZnTe-GaSb-GaSb-InAs-InAs-InAs,0.0
ZnTe-GaSb-InAs-InAs-InAs-InAs,0.0
ZnTe-InAs-InAs-InAs-InAs-InAs,0.0
ZnTe-InP-InP-InP-InP-InP,0.0
ZnTe-ZnTe-CdSe-CdSe-CdSe-CdSe,0.01
ZnTe-ZnTe-CdSe-CdSe-CdSe-InAs,0.0
ZnTe-ZnTe-CdSe-CdSe-InAs-InAs,0.0
ZnTe-ZnTe-CdSe-CdSe-InP-InP,0.01
ZnTe-ZnTe-CdSe-InP-InP-InP,0.01
ZnTe-ZnTe-GaSb-CdSe-CdSe-CdSe,0.01
ZnTe-ZnTe-GaSb-CdSe-CdSe-InAs,0.0
ZnTe-ZnTe-GaSb-CdSe-InAs-InAs,0.0
ZnTe-ZnTe-GaSb-GaSb-CdSe-CdSe,0.0
ZnTe-ZnTe-GaSb-GaSb-CdSe-InAs,0.01
ZnTe-ZnTe-GaSb-GaSb-GaSb-CdSe,0.0
ZnTe-ZnTe-GaSb-GaSb-GaSb-GaSb,0.0
ZnTe-ZnTe-GaSb-GaSb-InAs-InAs,0.01
ZnTe-ZnTe-GaSb-InAs-InAs-InAs,0.0
ZnTe-ZnTe-InAs-InAs-InAs-InAs,0.01
ZnTe-ZnTe-InP-InP-InP-InP,0.0
ZnTe-ZnTe-ZnTe-CdSe-CdSe-CdSe,0.13
ZnTe-ZnTe-ZnTe-CdSe-CdSe-InAs,0.01
ZnTe-ZnTe-ZnTe-CdSe-InAs-InAs,0.0
ZnTe-ZnTe-ZnTe-CdSe-InP-InP,0.01
ZnTe-ZnTe-ZnTe-GaSb-CdSe-InAs,0.0
ZnTe-ZnTe-ZnTe-GaSb-GaSb-GaSb,0.0
ZnTe-ZnTe-ZnTe-InAs-InAs-InAs,0.0
ZnTe-ZnTe-ZnTe-ZnTe-CdSe-CdSe,0.25
ZnTe-ZnTe-ZnTe-ZnTe-GaSb-GaSb,0.0
ZnTe-ZnTe-ZnTe-ZnTe-GaSb-InAs,0.01
ZnTe-ZnTe-ZnTe-ZnTe-InAs-InAs,0.01
ZnTe-ZnTe-ZnTe-ZnTe-InP-InP,0.0
ZnTe-ZnTe-ZnTe-ZnTe-ZnTe-CdSe,0.31
ZnTe-ZnTe-ZnTe-ZnTe-ZnTe-InP,0.31
ZnTe-ZnTe-ZnTe-ZnTe-ZnTe-ZnTe,1.1
